<?xml version="1.0" encoding="utf-8"?>
<COLLADA xmlns="http://www.collada.org/2005/11/COLLADASchema" version="1.4.1">
  <asset>
    <contributor>
      <author>Hallow</author>
      <authoring_tool>Blender 2.77.0 commit date:2016-03-18, commit time:12:34, hash:22a2853</authoring_tool>
    </contributor>
    <created>2018-11-17T15:54:56</created>
    <modified>2018-11-17T15:54:56</modified>
    <unit name="meter" meter="1"/>
    <up_axis>Z_UP</up_axis>
  </asset>
  <library_images>
    <image id="ob0008_00_obj_col_png" name="ob0008_00_obj_col_png">
      <init_from>ob0008_00_obj_col.png</init_from>
    </image>
  </library_images>
  <library_effects>
    <effect id="obj01-effect">
      <profile_COMMON>
        <newparam sid="ob0008_00_obj_col_png-surface">
          <surface type="2D">
            <init_from>ob0008_00_obj_col_png</init_from>
          </surface>
        </newparam>
        <newparam sid="ob0008_00_obj_col_png-sampler">
          <sampler2D>
            <source>ob0008_00_obj_col_png-surface</source>
          </sampler2D>
        </newparam>
        <technique sid="common">
          <blinn>
            <emission>
              <color sid="emission">0 0 0 1</color>
            </emission>
            <ambient>
              <color sid="ambient">0 0 0 1</color>
            </ambient>
            <diffuse>
              <texture texture="ob0008_00_obj_col_png-sampler" texcoord="geom-ob0008_00_ballupperSkin_1-map1"/>
            </diffuse>
            <specular>
              <color sid="specular">0 0 0 1</color>
            </specular>
            <shininess>
              <float sid="shininess">50</float>
            </shininess>
            <transparent>
              <texture texture="ob0008_00_obj_col_png-sampler" texcoord="geom-ob0008_00_ballupperSkin_1-map1"/>
            </transparent>
            <transparency>
              <float sid="transparency">0</float>
            </transparency>
            <index_of_refraction>
              <float sid="index_of_refraction">1</float>
            </index_of_refraction>
          </blinn>
        </technique>
      </profile_COMMON>
    </effect>
    <effect id="obj00-effect">
      <profile_COMMON>
        <newparam sid="ob0008_00_obj_col_png-surface">
          <surface type="2D">
            <init_from>ob0008_00_obj_col_png</init_from>
          </surface>
        </newparam>
        <newparam sid="ob0008_00_obj_col_png-sampler">
          <sampler2D>
            <source>ob0008_00_obj_col_png-surface</source>
          </sampler2D>
        </newparam>
        <technique sid="common">
          <blinn>
            <emission>
              <color sid="emission">0 0 0 1</color>
            </emission>
            <ambient>
              <color sid="ambient">0 0 0 1</color>
            </ambient>
            <diffuse>
              <texture texture="ob0008_00_obj_col_png-sampler" texcoord="geom-ob0008_00_ballupperSkin_1-map1"/>
            </diffuse>
            <specular>
              <color sid="specular">0 0 0 1</color>
            </specular>
            <shininess>
              <float sid="shininess">50</float>
            </shininess>
            <transparent>
              <texture texture="ob0008_00_obj_col_png-sampler" texcoord="geom-ob0008_00_ballupperSkin_1-map1"/>
            </transparent>
            <transparency>
              <float sid="transparency">0</float>
            </transparency>
            <index_of_refraction>
              <float sid="index_of_refraction">1</float>
            </index_of_refraction>
          </blinn>
        </technique>
      </profile_COMMON>
    </effect>
  </library_effects>
  <library_materials>
    <material id="obj01-material" name="obj01">
      <instance_effect url="#obj01-effect"/>
    </material>
    <material id="obj00-material" name="obj00">
      <instance_effect url="#obj00-effect"/>
    </material>
  </library_materials>
  <library_geometries>
    <geometry id="ob0008_00_ballupperSkin-mesh" name="ob0008_00_ballupperSkin">
      <mesh>
        <source id="ob0008_00_ballupperSkin-mesh-positions">
          <float_array id="ob0008_00_ballupperSkin-mesh-positions-array" count="1539">3.95514 -0.2857243 -1.439551 3.22426 -0.2857243 -2.705473 3.973717 -5.01668e-4 -1.446859 3.239404 -5.01668e-4 -2.718727 4.208972 -0.2857243 0 4.228741 -5.01668e-4 -5.46219e-4 2.104486 -0.2857243 -3.645075 2.114372 -5.01668e-4 -3.662743 3.224259 0.2847195 -2.705473 3.955139 0.2847195 -1.439551 3.955138 -0.2857243 1.439553 3.973717 -5.01668e-4 1.445768 4.208971 0.2847195 0 0.7308816 -0.2857243 -4.145026 0.7343145 -5.01668e-4 -4.165043 2.104486 0.2847195 -3.645074 3.955139 0.2847195 -1.439551 3.224259 0.2847195 -2.705473 3.925143 0.7365267 -1.428634 3.199806 0.7365267 -2.684955 3.224258 -0.2857243 2.705475 3.239403 -5.01668e-4 2.717636 3.955138 0.2847195 1.439553 4.208971 0.2847195 0 4.17705 0.7365267 0 -0.7308803 -0.2857243 -4.145027 -0.7343119 -5.01668e-4 -4.165043 0.7308814 0.2847195 -4.145026 2.104486 0.2847195 -3.645074 2.088526 0.7365267 -3.61743 3.745328 1.450674 -1.363186 3.05322 1.450674 -2.561954 2.104486 -0.2857243 3.645076 2.11437 -5.01668e-4 3.661651 3.224258 0.2847195 2.705474 3.955138 0.2847195 1.439553 3.925143 0.7365267 1.428635 3.985694 1.450674 0 -2.104485 -0.2857243 -3.645076 -2.11437 -5.01668e-4 -3.662744 -0.7308788 0.2847195 -4.145027 0.7308814 0.2847195 -4.145026 0.7253384 0.7365267 -4.11359 1.992848 1.450674 -3.451712 3.451713 2.120744 -1.256319 2.813863 2.120744 -2.361109 1.733291 -0.2857243 3.813523 1.761975 -5.01668e-4 3.801517 2.104485 0.2847195 3.645076 3.224258 0.2847195 2.705474 3.199805 0.7365267 2.684956 3.745327 1.450674 1.363188 3.673236 2.120744 0 -3.224259 -0.2857243 -2.705474 -3.239403 -5.01668e-4 -2.718729 -2.104484 0.2847195 -3.645076 -0.7308788 0.2847195 -4.145027 -0.7253358 0.7365267 -4.113591 0.6921098 1.450674 -3.925142 1.836619 2.120744 -3.181115 3.053219 2.726375 -1.11128 2.489007 2.726375 -2.088524 1.73329 0.2847195 3.813523 2.104485 0.2847195 3.645076 2.088525 0.7365267 3.617431 3.053219 1.450674 2.561955 3.451713 2.120744 1.256321 3.249168 2.726375 0 -3.955139 -0.2857243 -1.439553 -3.973716 -5.01668e-4 -1.446862 -3.224258 0.2847195 -2.705475 -2.104484 0.2847195 -3.645076 -2.088524 0.7365267 -3.617431 -0.6921074 1.450674 -3.925143 0.6378519 2.120744 -3.617431 1.624585 2.726375 -2.813861 2.561955 3.249168 -0.9324744 2.088526 3.249168 -1.75248 -2.114371 -5.01668e-4 3.661651 -2.104486 -0.2857243 3.645075 -1.761975 -5.01415e-4 3.801517 -1.733291 -0.2857243 3.813523 1.992847 1.450674 3.451713 2.813862 2.120744 2.361111 3.053219 2.726375 1.111281 2.726376 3.249168 0 -4.208971 -0.2857243 -5.01748e-7 -4.228741 -5.01668e-4 -5.47227e-4 -3.955138 0.2847195 -1.439554 -3.224258 0.2847195 -2.705475 -3.199805 0.7365267 -2.684956 -1.992846 1.450674 -3.451713 -0.6378496 2.120744 -3.617431 0.5642131 2.726375 -3.199805 1.363188 3.249168 -2.36111 1.992847 3.673236 -0.7253363 1.624584 3.673236 -1.363187 -3.224259 -0.2857243 2.705474 -3.239404 -5.01668e-4 2.717635 -2.104486 0.2847195 3.645075 -1.73329 0.2847195 3.813523 1.619691 0.7015706 3.813492 1.35382 1.135989 3.813523 1.836618 2.120744 3.181116 2.489007 2.726375 2.088525 2.561955 3.249168 0.9324754 2.120744 3.673236 0 -3.955138 -0.2857243 1.439553 -3.973717 -5.01668e-4 1.445768 -4.20897 0.2847195 -1.0035e-6 -3.955138 0.2847195 -1.439554 -3.925142 0.7365267 -1.428636 -3.053218 1.450674 -2.561955 -1.836617 2.120744 -3.181116 -0.5642111 2.726375 -3.199806 0.473431 3.249168 -2.684956 1.060372 3.673236 -1.836618 1.363188 3.985695 -0.4961593 1.111281 3.985695 -0.932475 -3.224259 0.2847195 2.705473 -2.104486 0.2847195 3.645075 -1.73329 0.2847195 3.813523 -2.088525 0.7365267 3.617431 -1.619691 0.7015713 3.813492 0.6378504 2.120744 3.617431 1.624584 2.726375 2.813862 2.088525 3.249168 1.752481 1.992847 3.673236 0.7253371 1.450674 3.985695 0 -3.955138 0.2847195 1.439552 -4.20897 0.2847195 -1.0035e-6 -4.177049 0.7365267 -9.95886e-7 -3.745327 1.450674 -1.363189 -2.813861 2.120744 -2.361111 -1.624583 2.726375 -2.813862 -0.4734293 3.249168 -2.684956 0.3682639 3.673236 -2.088525 0.7253374 3.985695 -1.25632 0.6921087 4.17705 -0.2519067 0.5642123 4.17705 -0.47343 -3.224259 0.2847195 2.705473 -3.199806 0.7365267 2.684955 -1.992848 1.450674 3.451712 -1.353819 1.13599 3.813523 -0.883643 1.530515 3.813523 0.5642118 2.726375 3.199806 0.8836436 1.530514 3.813523 0.3068866 1.740437 3.813523 1.363188 3.249168 2.361111 1.624584 3.673236 1.363188 1.363188 3.985695 0.4961598 0.7365266 4.17705 0 -3.955138 0.2847195 1.439552 -3.925143 0.7365267 1.428634 -3.985694 1.450674 -9.50264e-7 -3.451712 2.120744 -1.256322 -2.489007 2.726375 -2.088526 -1.363187 3.249168 -2.361111 -0.3682626 3.673236 -2.088525 0.2519074 3.985695 -1.428635 0.3682635 4.17705 -0.6378506 0 4.241488 0 -3.053219 1.450674 2.561954 -0.6378512 2.120744 3.617431 -1.836618 2.120744 3.181115 -0.5642125 2.726375 3.199806 0.4734299 3.249168 2.684956 1.060372 3.673236 1.836618 1.111281 3.985695 0.9324754 0.6921086 4.17705 0.251907 -3.745328 1.450674 1.363187 -3.673235 2.120744 -8.75768e-7 -3.053219 2.726375 -1.111282 -2.088524 3.249168 -1.752481 -1.060371 3.673236 -1.836618 -0.2519065 3.985695 -1.428635 0.1278967 4.17705 -0.725337 -2.813862 2.120744 2.36111 -1.624584 2.726375 2.813862 -0.4734305 3.249168 2.684956 0.3682631 3.673236 2.088525 0.725337 3.985695 1.256321 0.5642121 4.17705 0.4734302 -3.451713 2.120744 1.25632 -3.249168 2.726375 -7.74662e-7 -2.561955 3.249168 -0.932476 -1.624583 3.673236 -1.363188 -0.7253367 3.985695 -1.256321 -0.1278963 4.17705 -0.7253371 -2.489007 2.726375 2.088524 -1.363188 3.249168 2.36111 -0.3682635 3.673236 2.088525 0.2519068 3.985695 1.428635 0.3682632 4.17705 0.6378508 -3.053219 2.726375 1.11128 -2.726375 3.249168 -6.50019e-7 -1.992847 3.673236 -0.7253375 -1.111281 3.985695 -0.9324756 -0.3682631 4.17705 -0.6378508 -2.088525 3.249168 1.75248 -1.060372 3.673236 1.836618 -0.2519071 3.985695 1.428635 0.1278964 4.17705 0.7253371 -2.561955 3.249168 0.9324748 -2.120744 3.673236 -5.05625e-7 -1.363188 3.985695 -0.4961601 -0.564212 4.17705 -0.4734303 -1.624584 3.673236 1.363187 -0.7253372 3.985695 1.256321 -0.1278966 4.17705 0.7253371 -1.992847 3.673236 0.7253367 -1.450674 3.985695 -3.45868e-7 -0.6921085 4.17705 -0.2519071 -1.111281 3.985695 0.9324751 -0.3682634 4.17705 0.6378507 -1.363188 3.985695 0.4961595 -0.7365265 4.17705 -1.75602e-7 -0.5642122 4.17705 0.4734301 -0.6921086 4.17705 0.2519068 -0.3068855 1.740437 3.813523 1.73329 0.2847195 3.813523 -0.3068855 1.740437 3.813523 -0.883643 1.530515 3.813523 -0.2370335 1.344286 3.813523 -0.6825114 1.182145 3.813523 0.3068866 1.740437 3.813523 0.2370343 1.344286 3.813523 0.8836436 1.530514 3.813523 0.6825124 1.182145 3.813523 1.35382 1.135989 3.813523 1.045669 0.8774199 3.813523 1.619691 0.7015706 3.813492 1.282703 0.4668654 3.813523 1.73329 0.2847195 3.813523 1.282703 -0.4668657 3.813523 1.733291 -0.2857243 3.813523 1.360922 -7.54919e-7 3.801517 1.761975 -5.01668e-4 3.801517 1.35382 -1.13599 3.813523 1.660706 -0.6044475 3.813523 1.045669 -0.8774203 3.813523 0.883643 -1.530515 3.813523 0.6825117 -1.182145 3.813523 0.3068859 -1.740437 3.813523 0.2370338 -1.344286 3.813523 -0.3068863 -1.740437 3.813523 -0.237034 -1.344286 3.813523 -0.8836434 -1.530515 3.813523 -0.6825122 -1.182145 3.813523 -1.35382 -1.135989 3.813523 -1.045669 -0.8774201 3.813523 -1.660706 -0.6044472 3.813523 -1.282703 -0.4668655 3.813523 -1.733291 -0.2857243 3.813523 -1.282702 0.466866 3.813523 -1.73329 0.2847195 3.813523 -1.365023 3.25447e-7 3.813523 -1.761975 -5.01415e-4 3.801517 -1.353819 1.13599 3.813523 -1.619691 0.7015713 3.813492 -1.045669 0.8774203 3.813523 1.045669 0.8774199 3.449054 0.7417506 0.6420344 3.449054 1.282703 0.4668654 3.449054 0.9098917 0.2829884 3.449054 0.6825124 1.182145 3.449054 0.4841436 0.8650107 3.449054 0.2370343 1.344286 3.449054 0.1681415 0.9836542 3.449054 -0.2370335 1.344286 3.449054 -0.1681409 0.9836544 3.449054 -0.6825114 1.182145 3.449054 -0.4841429 0.865011 3.449054 -1.045669 0.8774203 3.449054 -0.7417501 0.6420346 3.449054 -1.282702 0.466866 3.449054 -0.9098914 0.2829888 3.449054 -1.365023 3.25447e-7 3.449054 -0.9655042 -4.85827e-4 3.438705 -1.282703 -0.4668655 3.449054 -0.9098917 -0.283962 3.449054 -1.045669 -0.8774201 3.449054 -0.7417504 -0.6420345 3.449054 -0.6825122 -1.182145 3.449054 -0.4841434 -0.8650109 3.449054 -0.237034 -1.344286 3.449055 -0.1681413 -0.9836543 3.449054 1.045669 -0.8774203 3.449054 0.7417504 -0.6420345 3.449054 0.6825117 -1.182145 3.449054 0.4841431 -0.865011 3.449054 1.282703 -0.4668657 3.449054 0.9098917 -0.2839621 3.449054 1.360922 -7.54919e-7 3.438372 0.9653764 -4.86047e-4 3.438372 1.660706 -0.6044475 3.813523 1.35382 -1.13599 3.813523 1.660706 -0.6044475 2.96513 1.35382 -1.13599 2.96513 0.883643 -1.530515 3.813523 0.883643 -1.530515 2.96513 0.3068859 -1.740437 3.813523 0.3068859 -1.740437 2.96513 -0.3068863 -1.740437 3.813523 -0.3068863 -1.740437 2.96513 -0.8836434 -1.530515 3.813523 -0.8836432 -1.530515 2.96513 -1.35382 -1.135989 3.813523 -1.35382 -1.135989 2.96513 -1.660706 -0.6044472 3.813523 -1.660706 -0.6044472 2.96513 -1.733291 -0.2857243 3.813523 -1.733291 -0.2857243 2.96513 1.733291 -0.2857243 3.813523 1.733291 -0.2857243 2.96513 0.1681412 -0.9836544 3.449054 0.237034 -1.344286 3.449055 0.1493459 0.8843958 3.354217 0.4711668 0.7777244 3.354217 0.7025225 0.5772481 3.354217 0.8535293 0.2525804 3.354217 0.9033599 -4.52339e-4 3.344522 0.8535293 -0.2534867 3.354217 0.7025223 -0.5772482 3.354217 0.4711663 -0.7777247 3.354217 0.1493456 -0.884396 3.354217 -0.1493456 -0.8843959 3.354217 -0.4711666 -0.7777245 3.354217 -0.7025223 -0.5772482 3.354217 -0.8535293 -0.2534866 3.354217 -0.903384 -4.52158e-4 3.344585 -0.8535291 0.2525808 3.354217 -0.7025221 0.5772484 3.354217 -0.4711661 0.7777247 3.354217 -0.1493455 0.884396 3.354217 0.8309239 0.2427194 3.000663 0.685571 0.5557993 3.000663 0 -5.40537e-4 3.000663 0.4628778 0.7488264 3.000663 0.1433268 0.8515343 3.000663 -0.1433263 0.8515345 3.000663 -0.4628771 0.7488268 3.000663 -0.6855707 0.5557995 3.000663 -0.8309237 0.2427197 3.000663 -0.8788886 -4.39303e-4 2.991304 -0.8309239 -0.2435998 3.000663 -0.6855709 -0.5557993 3.000663 -0.4628776 -0.7488266 3.000663 -0.1433266 -0.8515344 3.000663 0.1433265 -0.8515345 3.000663 0.4628774 -0.7488267 3.000663 0.6855709 -0.5557994 3.000663 0.8309239 -0.2435999 3.000663 0.8788887 -4.39472e-4 2.991304 1.282703 0.4668654 3.813523 1.045669 0.8774199 3.813523 1.282703 0.4668654 3.449054 1.045669 0.8774199 3.449054 0.6825124 1.182145 3.813523 0.6825124 1.182145 3.449054 0.2370343 1.344286 3.813523 0.2370343 1.344286 3.449054 -0.2370335 1.344286 3.813523 -0.2370335 1.344286 3.449054 -0.2370335 1.344286 3.813523 -0.6825114 1.182145 3.813523 -0.2370335 1.344286 3.449054 -0.6825114 1.182145 3.449054 -1.045669 0.8774203 3.813523 -1.045669 0.8774203 3.449054 -1.282702 0.466866 3.813523 -1.282702 0.466866 3.449054 -1.365023 3.25447e-7 3.813523 -1.365023 3.25447e-7 3.449054 -1.282703 -0.4668655 3.813523 -1.282703 -0.4668655 3.449054 -1.045669 -0.8774201 3.813523 -1.045669 -0.8774201 3.449054 -0.6825122 -1.182145 3.813523 -0.6825122 -1.182145 3.449054 -0.237034 -1.344286 3.813523 -0.237034 -1.344286 3.449055 0.6825117 -1.182145 3.813523 1.045669 -0.8774203 3.813523 0.6825117 -1.182145 3.449054 1.045669 -0.8774203 3.449054 1.282703 -0.4668657 3.813523 1.282703 -0.4668657 3.449054 1.360922 -7.54919e-7 3.801517 1.360922 -7.54919e-7 3.438372 0.8212844 -0.740076 2.965129 0.8212844 -1.13599 2.965133 0 -0.7400759 2.965128 0 -1.135989 2.965131 0.883643 -1.530515 2.96513 0 -1.530515 2.96513 -0.8836432 -1.530515 2.96513 -1.35382 -1.135989 2.96513 -0.8212845 -1.135989 2.965133 -1.660706 -0.6044472 2.96513 -0.8212845 -0.7400759 2.965129 -0.8212844 -0.3468915 2.965128 -1.733291 -0.2857243 2.96513 0.237034 -1.344286 3.449055 0.2370338 -1.344286 3.813523 1.660706 -0.6044475 2.96513 1.35382 -1.13599 2.96513 0.3068859 -1.740437 2.96513 -0.3068863 -1.740437 2.96513 1.733291 -0.2857243 2.96513 2.105848 -0.2857243 2.96513 2.104486 -0.2857243 3.645076 2.832628 -0.2857243 2.377305 3.224258 -0.2857243 2.705475 3.474729 -0.2857243 1.26515 3.955138 -0.2857243 1.439553 3.697732 -0.2857243 4.52441e-4 4.208972 -0.2857243 0 3.47473 -0.2857243 -1.264243 3.95514 -0.2857243 -1.439551 2.832628 -0.2857243 -2.3764 3.22426 -0.2857243 -2.705473 1.848862 -0.3468915 -3.201876 2.104486 -0.2857243 -3.645075 0.6421043 -0.2857243 -3.641097 0.7308816 -0.2857243 -4.145026 -0.6421034 -0.2857243 -3.641097 -0.7308803 -0.2857243 -4.145027 -1.848864 -0.2857243 -3.201876 -2.104485 -0.2857243 -3.645076 -2.832628 -0.2857243 -2.376404 -3.224259 -0.2857243 -2.705474 -3.474729 -0.2857243 -1.264245 -3.955139 -0.2857243 -1.439553 -3.697728 -0.2857243 4.51653e-4 -4.208971 -0.2857243 -5.01748e-7 -3.474729 -0.2857243 1.26515 -3.955138 -0.2857243 1.439553 -2.832628 -0.2857243 2.377305 -3.224259 -0.2857243 2.705474 -2.105847 -0.2857243 2.96513 -2.104486 -0.2857243 3.645075 -1.733291 -0.2857243 2.96513 -1.733291 -0.2857243 3.813523 1.733291 -0.2857243 3.813523 1.953676 1.99186 -2.324564 2.993205 1.989262 -0.5240481 1.305406 3.014837 -1.550507 1.999997 3.013098 -0.3474396 1.24999e-6 1.992886 -3.035645 6.47615e-7 3.01552 -2.025633 -1.953674 1.99186 -2.324566 -1.305404 3.014837 -1.550507 -2.993204 1.989262 -0.5240481 -1.999993 3.013098 -0.3474401 -2.900143 1.986977 1.059299 -1.937814 3.01157 0.7105193 -1.953677 1.985138 2.167083 -1.305403 3.010342 1.560933 0 1.984113 2.34008 1.424e-6 3.009654 1.845972 1.953676 1.985138 2.167084 1.305403 3.010342 1.560932 2.900143 1.986976 1.059299 1.937816 3.01157 0.7105191 -5.03607e-7 3.638143 0.006116926 2.333244 0.2543121 -2.779435 3.574734 0.2517595 -0.6291087 -3.89574e-6 0.2553208 -3.628663 -2.333242 0.2543116 -2.779435 -3.57473 0.2517596 -0.6291097 -3.46359 0.2495144 1.261856 -2.051264 0.2477108 2.902281 0 0.255201 2.965129 -0.8212841 0.2521183 2.96513 2.051265 0.2477104 2.902281 0.8212844 0.2521182 2.96513 3.463591 0.2495145 1.261857 2.051265 0.2477104 2.902281 2.105848 -0.2857243 2.96513 1.733291 -0.2857243 2.96513 2.832628 -0.2857243 2.377305 3.474729 -0.2857243 1.26515 3.463591 0.2495145 1.261857 3.574734 0.2517595 -0.6291087 3.697732 -0.2857243 4.52441e-4 3.47473 -0.2857243 -1.264243 2.333244 0.2543121 -2.779435 2.832628 -0.2857243 -2.3764 1.848862 -0.3468915 -3.201876 -3.89574e-6 0.2553208 -3.628663 0.6421043 -0.2857243 -3.641097 -2.333242 0.2543116 -2.779435 -1.848864 -0.2857243 -3.201876 -3.89574e-6 0.2553208 -3.628663 -0.6421034 -0.2857243 -3.641097 -2.832628 -0.2857243 -2.376404 -3.57473 0.2517596 -0.6291097 -3.474729 -0.2857243 -1.264245 -3.697728 -0.2857243 4.51653e-4 -3.474729 -0.2857243 1.26515 -3.46359 0.2495144 1.261856 -2.051264 0.2477108 2.902281 -2.832628 -0.2857243 2.377305 -2.105847 -0.2857243 2.96513 0 0.255201 2.965129 -0.8212841 0.2521183 2.96513 -0.6421034 -0.2857243 -3.641097 0.8212844 -0.3468915 2.965128 0 -0.3468915 2.965127 0.8212844 0.2521182 2.96513 0.8788887 -4.39472e-4 2.991304 -0.8788886 -4.39303e-4 2.991304</float_array>
          <technique_common>
            <accessor source="#ob0008_00_ballupperSkin-mesh-positions-array" count="513" stride="3">
              <param name="X" type="float"/>
              <param name="Y" type="float"/>
              <param name="Z" type="float"/>
            </accessor>
          </technique_common>
        </source>
        <source id="ob0008_00_ballupperSkin-mesh-normals">
          <float_array id="ob0008_00_ballupperSkin-mesh-normals-array" count="1284">-0.6736155 -0.2320054 0.7017235 -0.5790101 -0.4339829 0.690222 0 0 1 -0.3542623 -0.6259102 0.6947912 -0.110876 -0.6983999 0.7070673 0.110876 -0.6983999 0.7070673 0.3542623 -0.6259102 0.6947912 0.5790101 -0.4339829 0.690222 0.673594 -0.2320391 0.7017329 -0.01062047 0 0.9999436 0.67358 0.2324005 0.7016267 0.5787091 0.4342302 0.6903187 0.3542623 0.6259102 0.6947912 0.1109061 0.6983975 0.7070649 -0.110876 0.6983999 0.7070673 -0.3542623 0.6259102 0.6947912 -0.5787091 0.4342302 0.6903187 -0.6735944 0.2324054 0.7016112 0.01062047 0 0.9999436 -0.9406531 -0.33937 0 -0.7660355 -0.6427984 0 -0.941583 -0.336781 0 -0.4999893 -0.8660317 0 -0.1736217 -0.9848124 0 0 -1 0 0.3420028 -0.9396989 0 0.4999893 -0.8660317 0 0.7660355 -0.6427984 0 0.9396989 -0.3420028 0 1 0 0 0.9396989 0.3420028 0 0.7660355 0.6427984 0 0.4999893 0.8660317 0 0.1736217 0.9848124 0 -0.4999893 0.8660317 0 -0.7660355 0.6427984 0 -0.9406531 0.33937 0 -0.941583 0.336781 0 -1 0 0 1.46648e-6 -1.02374e-5 -1 1.69658e-6 -7.8286e-6 -1 0 7.85613e-6 -1 2.20746e-6 3.02158e-6 -1 5.67396e-6 6.93618e-6 -1 -1.17864e-6 -7.23417e-7 -1 4.52326e-6 -1.02374e-5 -1 -1.80594e-6 -2.42551e-6 -1 0 0 -1 0.01794511 -0.05749773 -0.9981844 -0.1736217 0.9848124 0 1.17864e-6 -7.23416e-7 -1 -5.65406e-6 -1.02374e-5 -1 -4.53918e-6 6.93621e-6 -1 -2.19972e-6 -1.02374e-5 -1 -7.33241e-7 -7.82859e-6 -1 0 7.85611e-6 -1 -2.20746e-6 3.02158e-6 -1 0 -1 0 0 -1 0 0 -1 0 0.01205509 -0.9999035 -0.006927847 0.05935913 -0.9929307 -0.1027874 0.04446566 -0.9960369 -0.07702904 -3.05193e-5 -0.9999032 -0.01391679 0 -1 0 0 -1 0 0 -1 0 0 -1 0 0 -1 0 0 -1 0 0 -1 0 0 -1 -1.27165e-7 0 -1 0 -0.5550841 -0.5051546 0.6608332 -0.8388205 -0.5072293 0.1977339 -0.3577188 -0.8314424 0.4251364 -0.5358275 -0.8344894 0.1285167 0 -0.5054281 0.8628688 0 -0.8316369 0.5553198 0.5550841 -0.5051546 0.6608332 0.3577188 -0.8314424 0.4251364 0.8388255 -0.5072324 0.1977046 0.5358275 -0.8344894 0.1285167 0.7976225 -0.5100083 -0.3220093 0.51495 -0.8339364 -0.1984356 0.4272113 -0.4969177 -0.7553564 0.2921322 -0.7879512 -0.5420255 0 -0.4253517 -0.9050282 0 -0.7227539 -0.6911056 -0.4272113 -0.4969177 -0.7553564 -0.2921322 -0.7879512 -0.5420255 -0.7976225 -0.5100083 -0.3220093 -0.51495 -0.8339364 -0.1984356 0 -0.9999814 -0.006103754 -0.6085631 -0.3227459 0.7249042 -0.9221574 -0.3216381 0.2148832 0 -0.3229858 0.9464038 0.6085556 -0.3227115 0.7249259 0.9221726 -0.3216128 0.2148562 0.8775317 -0.3248207 -0.3527461 0.3850916 -0.3778891 -0.8419645 0 -0.3399782 -0.9404333 0.04129189 -0.3670188 -0.9292966 -0.3850916 -0.3778891 -0.8419645 -0.04129189 -0.3670188 -0.9292966 -0.8775317 -0.3248207 -0.3527461 -0.3579848 -0.1857065 -0.9150738 -0.3407139 -0.1442937 -0.9290283 -0.01794511 -0.05749773 -0.9981844 -0.7109453 -0.3306453 -0.6206694 -0.9395298 -0.02163797 -0.3417831 -0.9304437 -0.1144476 -0.3481038 -0.9647693 -0.1754847 0.1960241 -0.980655 -0.1947394 -0.01980656 -0.8581314 -0.3173053 0.4036434 -0.6265625 -0.2031674 0.7524244 -0.7776288 -0.3117535 0.5459883 -0.4166182 -0.2735134 0.8669601 -0.09973639 -0.1409982 0.9849733 -0.2517862 -0.3113908 0.9163185 0.6289719 -0.2063103 0.7495536 0.3984006 -0.3161202 0.861014 0.3144983 -0.3932679 0.8639625 0.3144686 -0.3930857 0.8640562 0.7788503 -0.3158128 0.5418991 0.9647808 -0.1754868 0.1959654 0.8583753 -0.316878 0.4034602 0.980655 -0.1947394 -0.01980656 0.9395298 -0.02163797 -0.3417831 0.9304437 -0.1144476 -0.3481038 0.3579848 -0.1857065 -0.9150738 0.7109453 -0.3306453 -0.6206694 0.3407139 -0.1442937 -0.9290283 -1.4539e-6 3.18417e-6 -1 0 -0.02295017 0.9997367 1.80594e-6 -2.42551e-6 -1 -7.3833e-7 -2.42551e-6 -1 -1.47666e-6 -2.42551e-6 -1 -0.008636772 -0.01464897 -0.9998554 1.47666e-6 -2.42551e-6 -1 7.38329e-7 -2.42551e-6 -1 9.64303e-7 3.16787e-6 -1 -9.64303e-7 3.16787e-6 -1 0.008636772 -0.01464897 -0.9998554 1.32138e-6 3.18417e-6 -1 -0.147682 -0.8802933 0.4508588 0.147682 -0.8802933 0.4508588 -0.4635568 -0.7904179 0.400443 -0.7534542 -0.5510824 0.3586293 -0.8963649 -0.2951259 0.3308035 -0.9456846 0 0.3250858 -0.9976101 0 0.06909537 -0.8961623 0.2955773 0.3309489 -0.7530975 0.5515471 0.3586643 -0.4635568 0.7904179 0.400443 -0.147682 0.8802933 0.4508588 0.147682 0.8802933 0.4508588 0.4635568 0.7904179 0.400443 0.7530975 0.5515471 0.3586643 0.8962026 0.2955195 0.3308915 0.945766 0 0.3248486 0.9976059 0 0.06915611 0.896403 -0.2950879 0.330734 0.7534542 -0.5510824 0.3586293 0.4635568 -0.7904179 0.400443 0.937474 -0.06979626 -0.3409856 0.7642629 -0.07034683 -0.6410567 0.9396231 0 -0.342211 0.7659376 0 -0.6429151 0.997608 -0.06912571 1.83115e-4 1 0 -1.83111e-4 0.4988304 -0.07077318 -0.8638051 0.4999074 0 -0.8660789 0.7642629 0.07034683 -0.6410567 0.937474 0.06979626 -0.3409856 0.9374247 -0.06848484 0.3413866 0.9397686 0 0.3418117 0.997608 0.06912571 1.83115e-4 0.1732264 -0.07101792 -0.9823182 0.1735921 0 -0.9848178 0.4988304 0.07077318 -0.8638051 0.9373565 0.07046806 -0.3411704 0.7641457 0.07046937 -0.6411829 0.9270214 0.1637051 -0.33739 0.7557071 0.1637029 -0.6341201 0.7641743 -0.06790554 0.6414254 0.766146 0 0.6426666 0.9374247 0.06848484 0.3413866 0.997514 0.07046836 0 0.9865092 0.1637061 0 -0.1732264 -0.07101792 -0.9823182 -0.1735921 0 -0.9848178 0.1732264 0.07101792 -0.9823182 0.4987461 0.07046902 -0.8638787 0.493247 0.1637035 -0.8543469 0.8840739 0.3389438 -0.3217616 0.7207049 0.3389434 -0.6047329 0.5201324 -0.05426245 0.8523603 0.5123893 0 0.8587534 0.7641743 0.06790554 0.6414254 0.9373565 0.07046806 0.3411704 0.9270214 0.1637051 0.33739 0.9408069 0.3389432 0 -0.4988304 -0.07077318 -0.8638051 -0.4999074 0 -0.8660789 -0.1732264 0.07101792 -0.9823182 0.1731983 0.07046955 -0.9823627 0.171305 0.1637057 -0.9715221 0.4703912 0.3389453 -0.8147689 0.8160215 0.4958754 -0.2970125 0.6652261 0.4958752 -0.5581954 0.413226 -0.003204464 0.910623 0.3962239 0 0.9181541 0.5201324 0.05426245 0.8523603 0.7641457 0.07046937 0.6411829 0.7557071 0.1637029 0.6341201 0.8840739 0.3389438 0.3217616 0.8683934 0.495876 0 -0.7642629 -0.07034683 -0.6410567 -0.7659376 0 -0.6429151 -0.4988304 0.07077318 -0.8638051 -0.1731983 0.07046955 -0.9823627 -0.171305 0.1637057 -0.9715221 0.1633709 0.3389497 -0.9265113 0.4341956 0.4958747 -0.7520523 0.7235479 0.6380638 -0.2633497 0.5898449 0.6380653 -0.4949301 0.413226 0.003204464 0.910623 0.5314215 0.07040655 0.8441767 0.5145571 0.166758 0.8410843 0.7207049 0.3389434 0.6047329 0.8160215 0.4958754 0.2970125 0.7699771 0.6380717 0 -0.937474 -0.06979626 -0.3409856 -0.9396231 0 -0.342211 -0.7642629 0.07034683 -0.6410567 -0.4987461 0.07046902 -0.8638787 -0.493247 0.1637035 -0.8543469 -0.1633709 0.3389497 -0.9265113 0.1507942 0.4958723 -0.8552027 0.3849751 0.6380748 -0.6668244 0.6092906 0.7613081 -0.2217544 0.496703 0.761306 -0.4167727 -0.5123893 0 0.8587534 -0.5201324 -0.05426245 0.8523603 -0.3962239 0 0.9181541 -0.413226 -0.003204464 0.910623 0.4770805 0.3461519 0.8078201 0.6652261 0.4958752 0.5581954 0.7235479 0.6380638 0.2633497 0.6483879 0.7613102 0 -0.997608 -0.06912571 1.83115e-4 -1 0 -1.83111e-4 -0.937474 0.06979626 -0.3409856 -0.7641457 0.07046937 -0.6411829 -0.7557071 0.1637029 -0.6341201 -0.4703912 0.3389453 -0.8147689 -0.1507942 0.4958723 -0.8552027 0.1337051 0.6380674 -0.758283 0.3241786 0.7613102 -0.5615292 0.4765921 0.8618395 -0.1734727 0.3885146 0.8618432 -0.3260105 -0.7641743 -0.06790554 0.6414254 -0.766146 0 0.6426666 -0.5201324 0.05426245 0.8523603 -0.413226 0.003204464 0.910623 0.3689486 0.1731974 0.91317 0.338674 0.3168526 0.8859484 0.4341956 0.4958747 0.7520523 0.5898449 0.6380653 0.4949301 0.6092906 0.7613081 0.2217544 0.5071749 0.8618432 0 -0.9374247 -0.06848484 0.3413866 -0.9397686 0 0.3418117 -0.997608 0.06912571 1.83115e-4 -0.9373565 0.07046806 -0.3411704 -0.9270214 0.1637051 -0.33739 -0.7207049 0.3389434 -0.6047329 -0.4341956 0.4958747 -0.7520523 -0.1337051 0.6380674 -0.758283 0.112585 0.7612994 -0.6385515 0.2535861 0.8618387 -0.4392359 0.3293598 0.9365637 -0.1198782 0.2685049 0.9365627 -0.2252901 -0.7641743 0.06790554 0.6414254 -0.5314215 0.07040655 0.8441767 -0.3935805 0.08768272 0.915099 -0.5145571 0.166758 0.8410843 -0.3689486 0.1731974 0.91317 0.1567146 0.4913851 0.8567271 0.3849751 0.6380748 0.6668244 0.496703 0.761306 0.4167727 0.4765921 0.8618395 0.1734727 0.350508 0.9365597 0 -0.9374247 0.06848484 0.3413866 -0.997514 0.07046836 0 -0.9865092 0.1637061 0 -0.8840739 0.3389438 -0.3217616 -0.6652261 0.4958752 -0.5581954 -0.3849751 0.6380748 -0.6668244 -0.112585 0.7612994 -0.6385515 0.08804857 0.8618387 -0.4994813 0.1752396 0.9365649 -0.3035413 0.1719456 0.9831177 -0.06256449 0.1401748 0.9831157 -0.1176211 -0.7641457 0.07046937 0.6411829 -0.7557071 0.1637029 0.6341201 -0.477104 0.3461468 0.8078082 -0.338674 0.3168526 0.8859484 -0.2660966 0.393392 0.8800202 0.1337051 0.6380674 0.758283 0.2660966 0.393392 0.8800202 0.04690736 0.4252181 0.9038747 0.3241786 0.7613102 0.5615292 0.3885146 0.8618432 0.3260105 0.3293598 0.9365637 0.1198782 0.1829929 0.9831143 0 -0.9373565 0.07046806 0.3411704 -0.9270214 0.1637051 0.33739 -0.9408069 0.3389432 0 -0.8160215 0.4958754 -0.2970125 -0.5898449 0.6380653 -0.4949301 -0.3241786 0.7613102 -0.5615292 -0.08804857 0.8618387 -0.4994813 0.06085473 0.9365656 -0.3451693 0.09149634 0.9831128 -0.1584858 0 1 0 -0.7207049 0.3389434 0.6047329 -0.1567146 0.4913851 0.8567271 -0.4341956 0.4958747 0.7520523 -0.1337051 0.6380674 0.758283 0.112585 0.7612994 0.6385515 0.2535861 0.8618387 0.4392359 0.2685049 0.9365627 0.2252901 0.1719456 0.9831177 0.06256449 -0.8840739 0.3389438 0.3217616 -0.8683934 0.495876 0 -0.7235479 0.6380638 -0.2633497 -0.496703 0.761306 -0.4167727 -0.2535861 0.8618387 -0.4392359 -0.06085473 0.9365656 -0.3451693 0.0317704 0.983114 -0.1802157 -0.6652261 0.4958752 0.5581954 -0.3849751 0.6380748 0.6668244 -0.112585 0.7612994 0.6385515 0.08804857 0.8618387 0.4994813 0.1752396 0.9365649 0.3035413 0.1401748 0.9831157 0.1176211 -0.8160215 0.4958754 0.2970125 -0.7699771 0.6380717 0 -0.6092906 0.7613081 -0.2217544 -0.3885146 0.8618432 -0.3260105 -0.1752396 0.9365649 -0.3035413 -0.0317704 0.983114 -0.1802157 -0.5898449 0.6380653 0.4949301 -0.3241786 0.7613102 0.5615292 -0.08804857 0.8618387 0.4994813 0.06085473 0.9365656 0.3451693 0.09149634 0.9831128 0.1584858 -0.7235479 0.6380638 0.2633497 -0.6483879 0.7613102 0 -0.4765921 0.8618395 -0.1734727 -0.2685049 0.9365627 -0.2252901 -0.09149634 0.9831128 -0.1584858 -0.496703 0.761306 0.4167727 -0.2535861 0.8618387 0.4392359 -0.06085473 0.9365656 0.3451693 0.0317704 0.983114 0.1802157 -0.6092906 0.7613081 0.2217544 -0.5071749 0.8618432 0 -0.3293598 0.9365637 -0.1198782 -0.1401748 0.9831157 -0.1176211 -0.3885146 0.8618432 0.3260105 -0.1752396 0.9365649 0.3035413 -0.0317704 0.983114 0.1802157 -0.4765921 0.8618395 0.1734727 -0.350508 0.9365597 0 -0.1719456 0.9831177 -0.06256449 -0.2685049 0.9365627 0.2252901 -0.09149634 0.9831128 0.1584858 -0.3293598 0.9365637 0.1198782 -0.1829929 0.9831143 0 -0.1401748 0.9831157 0.1176211 -0.1719456 0.9831177 0.06256449 -0.04690736 0.4252181 0.9038747 0.3935805 0.08768272 0.915099 3.05185e-5 3.05185e-5 1 -0.003204464 -0.007996022 0.9999629 -0.003875851 -0.02395725 0.9997056 -0.003234982 0.00802654 0.9999626 -0.003784358 0.02362173 0.9997139 -0.006927728 0 0.999976 -3.67708e-7 0 1 6.34758e-7 0 1 1.26952e-6 0 1 1.26952e-6 0 1 -0.01013225 0.01306211 0.9998634 -3.05185e-5 3.05185e-5 1 -0.01025432 -0.01324516 0.9998598 -0.01141417 0 0.9999349 -0.03021335 0 0.9995436 -0.3100187 -0.2482163 0.9177566 0.004760861 -0.00967437 0.999942 -0.4139242 -0.1538444 0.8972172 -0.1748127 -0.3245389 0.9295779 -0.059237 -0.3252696 0.9437642 0.0592066 -0.3252702 0.9437659 0.1748127 -0.3245389 0.9295779 0.3100187 -0.2482163 0.9177566 0.4189387 -0.1502466 0.8954979 0.01031529 0 0.9999468 0.4431683 3.05191e-5 0.8964385 0.4186663 0.1504305 0.8955943 0.3100132 0.2483952 0.9177101 0.1748127 0.3245389 0.9295779 0.059237 0.3252696 0.9437642 -0.3100132 0.2483952 0.9177101 -0.1748127 0.3245389 0.9295779 0.004760861 0.009704887 0.9999416 -0.4136528 0.1539982 0.897316 0.006225824 0 0.9999807 -0.4300414 3.05189e-5 0.9028092 0.9309665 -0.3651046 0 0.1736217 -0.9848124 0 -0.9309665 -0.3651046 0 -0.9750398 -0.22203 0 0.9750398 -0.22203 0 -0.0592066 0.3252702 0.9437659</float_array>
          <technique_common>
            <accessor source="#ob0008_00_ballupperSkin-mesh-normals-array" count="428" stride="3">
              <param name="X" type="float"/>
              <param name="Y" type="float"/>
              <param name="Z" type="float"/>
            </accessor>
          </technique_common>
        </source>
        <source id="ob0008_00_ballupperSkin-mesh-map-0">
          <float_array id="ob0008_00_ballupperSkin-mesh-map-0-array" count="4428">0.7451436 0.2802965 0.7423099 0.2861579 0.7290249 0.2753502 0.7423099 0.2861579 0.7374824 0.2895378 0.7290249 0.2753502 0.7374824 0.2895378 0.7317201 0.2913473 0.7290249 0.2753502 0.7317201 0.2913473 0.726331 0.2913473 0.7290249 0.2753502 0.726331 0.2913473 0.7205687 0.2895378 0.7290249 0.2753502 0.7205687 0.2895378 0.7157414 0.2861581 0.7290249 0.2753502 0.7157414 0.2861581 0.7129083 0.2802969 0.7290249 0.2753502 0.7129083 0.2802969 0.7119752 0.2753668 0.7290249 0.2753502 0.7119752 0.2753668 0.7129083 0.2704323 0.7290249 0.2753502 0.7129083 0.2704323 0.7157412 0.2645784 0.7290249 0.2753502 0.7157412 0.2645784 0.7198583 0.261191 0.7290249 0.2753502 0.7198583 0.261191 0.7261005 0.2593764 0.7290249 0.2753502 0.7261005 0.2593764 0.7319506 0.2593764 0.7290249 0.2753502 0.7319506 0.2593764 0.7381928 0.261191 0.7290249 0.2753502 0.7381928 0.261191 0.74231 0.2645786 0.7290249 0.2753502 0.74231 0.2645786 0.7451436 0.2704326 0.7290249 0.2753502 0.7451436 0.2704326 0.7460772 0.2753667 0.7290249 0.2753502 0.7460772 0.2753667 0.7451436 0.2802965 0.7290249 0.2753502 0.6771793 0.9888067 0.654618 0.9888085 0.6771785 0.9555358 0.6771785 0.9555358 0.654618 0.9888085 0.6546167 0.9555377 0.654618 0.9888085 0.632057 0.9888113 0.6546167 0.9555377 0.6546167 0.9555377 0.632057 0.9888113 0.6320552 0.9555404 0.632057 0.9888113 0.6094956 0.9888146 0.6320552 0.9555404 0.6320552 0.9555404 0.6094956 0.9888146 0.6094934 0.9555438 0.6094956 0.9888146 0.5869342 0.9888182 0.6094934 0.9555438 0.6094934 0.9555438 0.5869342 0.9888182 0.5869322 0.9555475 0.9930398 0.9888182 0.9704784 0.9888216 0.9930378 0.9555475 0.9930378 0.9555475 0.9704784 0.9888216 0.9704766 0.9555507 0.9704784 0.9888216 0.9479167 0.9888244 0.9704766 0.9555507 0.9704766 0.9555507 0.9479167 0.9888244 0.9479155 0.9555534 0.9479167 0.9888244 0.925355 0.9888263 0.9479155 0.9555534 0.9479155 0.9555534 0.925355 0.9888263 0.9253545 0.9555553 0.925355 0.9888263 0.9027933 0.9888268 0.9253545 0.9555553 0.9253545 0.9555553 0.9027933 0.9888268 0.9027933 0.9555558 0.9027933 0.9888268 0.8802314 0.9888263 0.9027933 0.9555558 0.9027933 0.9555558 0.8802314 0.9888263 0.8802323 0.9555551 0.8802314 0.9888263 0.8576698 0.9888244 0.8802323 0.9555551 0.8802323 0.9555551 0.8576698 0.9888244 0.857671 0.9555534 0.8576698 0.9888244 0.835108 0.9888216 0.857671 0.9555534 0.857671 0.9555534 0.835108 0.9888216 0.8351098 0.9555508 0.835108 0.9888216 0.8125467 0.9888183 0.8351098 0.9555508 0.8351098 0.9555508 0.8125467 0.9888183 0.8125484 0.9555475 0.7674236 0.9888113 0.7448626 0.9888085 0.7674254 0.9555404 0.7674254 0.9555404 0.7448626 0.9888085 0.7448639 0.9555377 0.7448626 0.9888085 0.7223016 0.9888067 0.7448639 0.9555377 0.7448639 0.9555377 0.7223016 0.9888067 0.7223021 0.9555358 0.7223016 0.9888067 0.6997405 0.9888061 0.7223021 0.9555358 0.7223021 0.9555358 0.6997405 0.9888061 0.6997405 0.9555353 0.6771793 0.9888067 0.6771785 0.9555358 0.6997405 0.9888061 0.6997405 0.9888061 0.6771785 0.9555358 0.6997405 0.9555353 0.7753625 0.6482017 0.7753625 0.6409556 0.785943 0.6482017 0.785943 0.6482017 0.7753625 0.6409556 0.7859415 0.6409556 0.7753625 0.6346359 0.7859371 0.6347585 0.7753625 0.6409556 0.7753625 0.6409556 0.7859371 0.6347585 0.7859415 0.6409556 0.7969745 0.6346359 0.8062539 0.6409556 0.7969745 0.6409556 0.8084377 0.6482017 0.7969745 0.6482017 0.8062539 0.6409556 0.8062539 0.6409556 0.7969745 0.6482017 0.7969745 0.6409556 0.7969745 0.6482017 0.8084377 0.6482017 0.7969745 0.6585225 0.7969745 0.6585225 0.8084377 0.6482017 0.8084377 0.670448 0.8125484 0.9555475 0.8125467 0.9888183 0.7899873 0.9555438 0.7899873 0.9555438 0.8125467 0.9888183 0.7899851 0.9888146 0.7899851 0.9888146 0.7674236 0.9888113 0.7899873 0.9555438 0.7899873 0.9555438 0.7674236 0.9888113 0.7674254 0.9555404 0.7634872 0.6482017 0.7656708 0.6409556 0.7753625 0.6482017 0.7753625 0.6482017 0.7656708 0.6409556 0.7753625 0.6409556 0.7656708 0.6409556 0.7753625 0.6346359 0.7753625 0.6409556 0.7969745 0.6409556 0.7969745 0.6482017 0.7859415 0.6409556 0.7859415 0.6409556 0.7969745 0.6482017 0.785943 0.6482017 0.7969745 0.6346359 0.7969745 0.6409556 0.7859371 0.6347585 0.7859371 0.6347585 0.7969745 0.6409556 0.7859415 0.6409556 0.7826441 0.631141 0.7859371 0.6347585 0.7753625 0.6346359 0.7859371 0.6347585 0.7892712 0.631141 0.7969745 0.6346359 0.7826441 0.631141 0.7892712 0.631141 0.7859371 0.6347585 0.5915583 0.8986329 0.6096017 0.9054626 0.6096023 0.9360225 0.6446691 0.9054626 0.6446691 0.9360225 0.6096017 0.9054626 0.6096017 0.9054626 0.6446691 0.9360225 0.6096023 0.9360225 0.6446691 0.9054626 0.6670057 0.9054626 0.6446691 0.9360225 0.6446691 0.9360225 0.6670057 0.9054626 0.6670057 0.9360225 0.6670057 0.9054626 0.689342 0.9054626 0.6670057 0.9360225 0.6670057 0.9360225 0.689342 0.9054626 0.6893416 0.9360225 0.689342 0.9054626 0.7116786 0.9054626 0.6893416 0.9360225 0.6893416 0.9360225 0.7116786 0.9054626 0.7116786 0.9360225 0.7116786 0.9054626 0.7340146 0.9054626 0.7116786 0.9360225 0.7116786 0.9360225 0.7340146 0.9054626 0.7340146 0.9360225 0.7563511 0.9054626 0.7563511 0.9360225 0.7340146 0.9054626 0.7340146 0.9054626 0.7563511 0.9360225 0.7340146 0.9360225 0.7563511 0.9054626 0.7788789 0.9054626 0.7563511 0.9360225 0.7563511 0.9360225 0.7788789 0.9054626 0.7788789 0.9360225 0.7788789 0.9054626 0.8014066 0.9054626 0.7788789 0.9360225 0.7788789 0.9360225 0.8014066 0.9054626 0.8014066 0.9360225 0.8014066 0.9054626 0.8237432 0.9054626 0.8014066 0.9360225 0.8014066 0.9360225 0.8237432 0.9054626 0.8237432 0.9360225 0.8237432 0.9054626 0.8460792 0.9054626 0.8237432 0.9360225 0.8237432 0.9360225 0.8460792 0.9054626 0.8460792 0.9360225 0.8684157 0.9054626 0.8684157 0.9360225 0.8460792 0.9054626 0.8460792 0.9054626 0.8684157 0.9360225 0.8460792 0.9360225 0.8907523 0.9054626 0.8907523 0.9360225 0.8684157 0.9054626 0.8684157 0.9054626 0.8907523 0.9360225 0.8684157 0.9360225 0.9130889 0.9054626 0.9130889 0.9360223 0.8907523 0.9054626 0.8907523 0.9054626 0.9130889 0.9360223 0.8907523 0.9360225 0.9354249 0.9054625 0.9354249 0.9360225 0.9130889 0.9054626 0.9130889 0.9054626 0.9354249 0.9360225 0.9130889 0.9360223 0.9354249 0.9054625 0.9704926 0.9054626 0.9354249 0.9360225 0.9354249 0.9360225 0.9704926 0.9054626 0.9704926 0.9360223 0.9704926 0.9360223 0.9885595 0.8986329 0.9885595 0.9360225 0.5915583 0.8986329 0.6096023 0.9360225 0.5918418 0.9360225 0.6582195 0.1711137 0.6388665 0.1675792 0.6560214 0.1588433 0.6560214 0.1588433 0.6388665 0.1675792 0.6450698 0.1567666 0.6753165 0.1613817 0.6582195 0.1711137 0.6657456 0.1533948 0.6657456 0.1533948 0.6582195 0.1711137 0.6560214 0.1588433 0.6821581 0.1429366 0.6753165 0.1613817 0.6696926 0.1429703 0.6696926 0.1429703 0.6753165 0.1613817 0.6657456 0.1533948 0.6755432 0.1244088 0.6821581 0.1429366 0.6660156 0.1324476 0.6660156 0.1324476 0.6821581 0.1429366 0.6696926 0.1429703 0.6635545 0.115379 0.6755432 0.1244088 0.6592577 0.1272855 0.6592577 0.1272855 0.6755432 0.1244088 0.6660156 0.1324476 0.6635545 0.115379 0.6592577 0.1272855 0.6485776 0.114407 0.6485776 0.114407 0.6592577 0.1272855 0.6507757 0.1266774 0.6485776 0.114407 0.6507757 0.1266774 0.6314805 0.1241394 0.6314805 0.1241394 0.6507757 0.1266774 0.6410515 0.1321262 0.624639 0.1425845 0.6314805 0.1241394 0.6371046 0.1425507 0.6371046 0.1425507 0.6314805 0.1241394 0.6410515 0.1321262 0.6280184 0.1572074 0.624639 0.1425845 0.6389633 0.1508488 0.6389633 0.1508488 0.624639 0.1425845 0.6371046 0.1425507 0.6280184 0.1572074 0.6389633 0.1508488 0.6388665 0.1675792 0.6388665 0.1675792 0.6389633 0.1508488 0.6450698 0.1567666 0.6560214 0.1588433 0.6450698 0.1567666 0.6533988 0.1427603 0.6657456 0.1533948 0.6560214 0.1588433 0.6533988 0.1427603 0.6696926 0.1429703 0.6657456 0.1533948 0.6533988 0.1427603 0.6660156 0.1324476 0.6696926 0.1429703 0.6533988 0.1427603 0.6592577 0.1272855 0.6660156 0.1324476 0.6533988 0.1427603 0.6507757 0.1266774 0.6592577 0.1272855 0.6533988 0.1427603 0.6533988 0.1427603 0.6410515 0.1321262 0.6507757 0.1266774 0.6533988 0.1427603 0.6371046 0.1425507 0.6410515 0.1321262 0.6389633 0.1508488 0.6371046 0.1425507 0.6533988 0.1427603 0.6450698 0.1567666 0.6389633 0.1508488 0.6533988 0.1427603 0.6582195 0.1711137 0.6620584 0.1919754 0.6388665 0.1675792 0.6388665 0.1675792 0.6620584 0.1919754 0.6283972 0.1860284 0.6753165 0.1613817 0.6916665 0.1748952 0.6582195 0.1711137 0.6582195 0.1711137 0.6916665 0.1748952 0.6620584 0.1919754 0.6821581 0.1429366 0.7033698 0.1427796 0.6753165 0.1613817 0.6753165 0.1613817 0.7033698 0.1427796 0.6916665 0.1748952 0.6755432 0.1244088 0.6916919 0.1106532 0.6821581 0.1429366 0.6821581 0.1429366 0.6916919 0.1106532 0.7033698 0.1427796 0.6707712 0.09508323 0.6916919 0.1106532 0.6635545 0.115379 0.6635545 0.115379 0.6916919 0.1106532 0.6755432 0.1244088 0.6447384 0.09354466 0.6707712 0.09508323 0.6485776 0.114407 0.6485776 0.114407 0.6707712 0.09508323 0.6635545 0.115379 0.6173382 0.1124826 0.6240128 0.1060847 0.6314805 0.1241394 0.6314805 0.1241394 0.6240128 0.1060847 0.6485776 0.114407 0.624639 0.1425845 0.6034274 0.1427423 0.6110907 0.1209601 0.6280184 0.1572074 0.6094452 0.1681159 0.624639 0.1425845 0.624639 0.1425845 0.6094452 0.1681159 0.6034274 0.1427423 0.6388665 0.1675792 0.6283972 0.1860284 0.6280184 0.1572074 0.6280184 0.1572074 0.6283972 0.1860284 0.6094452 0.1681159 0.7423616 0.7009585 0.7494435 0.670448 0.7636268 0.670448 0.7423616 0.7009585 0.7334108 0.670448 0.7494435 0.670448 0.7118201 0.670448 0.7334108 0.670448 0.7118475 0.7009585 0.7118475 0.7009585 0.7334108 0.670448 0.7423616 0.7009585 0.678496 0.7009585 0.689685 0.670448 0.7118475 0.7009585 0.7118475 0.7009585 0.689685 0.670448 0.7118201 0.670448 0.678496 0.7009585 0.6669047 0.670448 0.689685 0.670448 0.6315587 0.7009585 0.6434439 0.670448 0.678496 0.7009585 0.678496 0.7009585 0.6434439 0.670448 0.6669047 0.670448 0.6315587 0.7009585 0.6193666 0.670448 0.6434439 0.670448 0.5987037 0.7009585 0.5998091 0.670448 0.6315587 0.7009585 0.6315587 0.7009585 0.5998091 0.670448 0.6193666 0.670448 0.9303414 0.7009585 0.9396695 0.670448 0.9637593 0.7009585 0.9637593 0.7009585 0.9396695 0.670448 0.9514234 0.670448 0.9303414 0.7009585 0.9170244 0.670448 0.9396695 0.670448 0.8934265 0.7009585 0.905018 0.670448 0.9303414 0.7009585 0.9303414 0.7009585 0.905018 0.670448 0.9170244 0.670448 0.8934265 0.7009585 0.8822376 0.670448 0.905018 0.670448 0.8601025 0.670448 0.8822376 0.670448 0.8600753 0.7009585 0.8600753 0.7009585 0.8822376 0.670448 0.8934265 0.7009585 0.8295613 0.7009585 0.8385119 0.670448 0.8600753 0.7009585 0.8600753 0.7009585 0.8385119 0.670448 0.8601025 0.670448 0.8295613 0.7009585 0.8224795 0.670448 0.8385119 0.670448 0.7859313 0.7009585 0.7969745 0.6585225 0.7969745 0.7009585 0.8295613 0.7009585 0.8084377 0.670448 0.8224795 0.670448 0.5987037 0.7009585 0.5863678 0.670448 0.5998091 0.670448 0.9704926 0.9054626 0.9885595 0.8986329 0.9704926 0.9360223 0.7753625 0.6482017 0.7753625 0.6585225 0.7634872 0.6482017 0.7634872 0.6482017 0.7753625 0.6585225 0.7636268 0.670448 0.7969745 0.6585225 0.7859313 0.6585225 0.7969745 0.6482017 0.7969745 0.6482017 0.7859313 0.6585225 0.785943 0.6482017 0.7636268 0.670448 0.7753625 0.7009585 0.7423616 0.7009585 0.785943 0.6482017 0.7859313 0.6585225 0.7753625 0.6482017 0.7753625 0.6482017 0.7859313 0.6585225 0.7753625 0.6585225 0.7753625 0.6585225 0.7859313 0.6585225 0.7859313 0.7009585 0.7859313 0.7009585 0.7859313 0.6585225 0.7969745 0.6585225 0.7969745 0.7009585 0.7969745 0.6585225 0.8084377 0.670448 0.6485776 0.114407 0.6240128 0.1060847 0.6447384 0.09354466 0.7753625 0.6585225 0.7859313 0.7009585 0.7753625 0.7009585 0.624639 0.1425845 0.6110907 0.1209601 0.6314805 0.1241394 0.6314805 0.1241394 0.6110907 0.1209601 0.6173382 0.1124826 0.7969745 0.7009585 0.8084377 0.670448 0.8295613 0.7009585 0.7753625 0.6585225 0.7753625 0.7009585 0.7636268 0.670448 0.7367017 0.3191356 0.7213476 0.3191356 0.7317201 0.2913473 0.7317201 0.2913473 0.7213476 0.3191356 0.726331 0.2913473 0.7367017 0.3191356 0.7317201 0.2913473 0.7518161 0.3138011 0.7518161 0.3138011 0.7317201 0.2913473 0.7374824 0.2895378 0.7518161 0.3138011 0.7374824 0.2895378 0.7648811 0.3049868 0.7648811 0.3049868 0.7374824 0.2895378 0.7423099 0.2861579 0.7648811 0.3049868 0.7423099 0.2861579 0.7726599 0.2894693 0.7726599 0.2894693 0.7423099 0.2861579 0.7451436 0.2802965 0.7726599 0.2894693 0.7451436 0.2802965 0.7752272 0.2753794 0.7752272 0.2753794 0.7451436 0.2802965 0.7460772 0.2753667 0.77266 0.2612712 0.7752272 0.2753794 0.7451436 0.2704326 0.7451436 0.2704326 0.7752272 0.2753794 0.7460772 0.2753667 0.7648808 0.2457719 0.77266 0.2612712 0.74231 0.2645786 0.74231 0.2645786 0.77266 0.2612712 0.7451436 0.2704326 0.7530818 0.2369384 0.7648808 0.2457719 0.7381928 0.261191 0.7381928 0.261191 0.7648808 0.2457719 0.74231 0.2645786 0.7385883 0.2315868 0.7530818 0.2369384 0.7319506 0.2593764 0.7319506 0.2593764 0.7530818 0.2369384 0.7381928 0.261191 0.7319506 0.2593764 0.7261005 0.2593764 0.7385883 0.2315868 0.7385883 0.2315868 0.7261005 0.2593764 0.7194608 0.2315868 0.7194608 0.2315868 0.7261005 0.2593764 0.7049673 0.2369384 0.7049673 0.2369384 0.7261005 0.2593764 0.7198583 0.261191 0.7049673 0.2369384 0.7198583 0.261191 0.6931683 0.2457721 0.6931683 0.2457721 0.7198583 0.261191 0.7157412 0.2645784 0.6931683 0.2457721 0.7157412 0.2645784 0.6853906 0.2612693 0.6853906 0.2612693 0.7157412 0.2645784 0.7129083 0.2704323 0.6853906 0.2612693 0.7129083 0.2704323 0.6828256 0.2753796 0.6828256 0.2753796 0.7129083 0.2704323 0.7119752 0.2753668 0.6853906 0.2894716 0.6828256 0.2753796 0.7129083 0.2802969 0.7129083 0.2802969 0.6828256 0.2753796 0.7119752 0.2753668 0.6931683 0.3049869 0.6853906 0.2894716 0.7157414 0.2861581 0.7157414 0.2861581 0.6853906 0.2894716 0.7129083 0.2802969 0.7062333 0.3138011 0.6931683 0.3049869 0.7205687 0.2895378 0.7205687 0.2895378 0.6931683 0.3049869 0.7157414 0.2861581 0.7213476 0.3191356 0.7062333 0.3138011 0.726331 0.2913473 0.726331 0.2913473 0.7062333 0.3138011 0.7205687 0.2895378 0.7816132 0.5211359 0.7958943 0.5211359 0.7816287 0.5335764 0.7816287 0.5335764 0.7958943 0.5211359 0.7959074 0.5335767 0.7702745 0.5211359 0.7816132 0.5211359 0.7702907 0.5335768 0.7702907 0.5335768 0.7816132 0.5211359 0.7816287 0.5335764 0.7958943 0.5211359 0.8049614 0.5211359 0.7959074 0.5335767 0.7959074 0.5335767 0.8049614 0.5211359 0.80497 0.5335767 0.7959074 0.5335767 0.7958943 0.5449746 0.7816287 0.5335764 0.7816287 0.5335764 0.7958943 0.5449746 0.7816132 0.5449746 0.7599716 0.5211357 0.7702745 0.5211359 0.7599863 0.5335768 0.7599863 0.5335768 0.7702745 0.5211359 0.7702907 0.5335768 0.7816287 0.5335764 0.7816132 0.5449746 0.7702907 0.5335768 0.7702907 0.5335768 0.7816132 0.5449746 0.7702745 0.5449747 0.8049614 0.5211359 0.8258533 0.5211359 0.80497 0.5335767 0.80497 0.5335767 0.8258533 0.5211359 0.8258564 0.5335767 0.7959074 0.5335767 0.80497 0.5335767 0.7958943 0.5449746 0.7958943 0.5449746 0.80497 0.5335767 0.8049614 0.5449746 0.1754373 0.466329 0.108148 0.4272689 0.1832452 0.4428359 0.1832452 0.4428359 0.108148 0.4272689 0.1233648 0.4080189 0.7526564 0.5211359 0.7599716 0.5211357 0.7526681 0.5335766 0.7526681 0.5335766 0.7599716 0.5211357 0.7599863 0.5335768 0.7702907 0.5335768 0.7702745 0.5449747 0.7599863 0.5335768 0.7599863 0.5335768 0.7702745 0.5449747 0.7599716 0.5449746 0.2518162 0.4798513 0.1754373 0.466329 0.2513221 0.4549743 0.2513221 0.4549743 0.1754373 0.466329 0.1832452 0.4428359 0.8258533 0.5211359 0.8573549 0.5211356 0.8258564 0.5335767 0.8258564 0.5335767 0.8573549 0.5211356 0.857352 0.5335767 0.80497 0.5335767 0.8258564 0.5335767 0.8049614 0.5449746 0.8049614 0.5449746 0.8258564 0.5335767 0.8258533 0.5449747 0.108148 0.4272689 0.05807989 0.3672691 0.1233648 0.4080189 0.1233648 0.4080189 0.05807989 0.3672691 0.07887625 0.3546342 0.1832452 0.4428359 0.1233648 0.4080189 0.1895013 0.4257537 0.1895013 0.4257537 0.1233648 0.4080189 0.1348983 0.3940822 0.7444355 0.5211359 0.7526564 0.5211359 0.744443 0.5335768 0.744443 0.5335768 0.7526564 0.5211359 0.7526681 0.5335766 0.7599863 0.5335768 0.7599716 0.5449746 0.7526681 0.5335766 0.7526681 0.5335766 0.7599716 0.5449746 0.7526565 0.5449747 0.3298505 0.4689059 0.2518162 0.4798513 0.319198 0.4429172 0.319198 0.4429172 0.2518162 0.4798513 0.2513221 0.4549743 0.2513221 0.4549743 0.1832452 0.4428359 0.2516011 0.4368265 0.2516011 0.4368265 0.1832452 0.4428359 0.1895013 0.4257537 0.8573549 0.5211356 0.8694498 0.5211357 0.857352 0.5335767 0.857352 0.5335767 0.8694498 0.5211357 0.8694409 0.5335765 0.8258564 0.5335767 0.857352 0.5335767 0.8258533 0.5449747 0.8258533 0.5449747 0.857352 0.5335767 0.8573549 0.5449744 0.05807989 0.3672691 0.03138262 0.2934972 0.07887625 0.3546342 0.07887625 0.3546342 0.03138262 0.2934972 0.05518203 0.2890911 0.1233648 0.4080189 0.07887625 0.3546342 0.1348983 0.3940822 0.1348983 0.3940822 0.07887625 0.3546342 0.09434103 0.3455307 0.1895013 0.4257537 0.1348983 0.3940822 0.1961572 0.407348 0.1961572 0.407348 0.1348983 0.3940822 0.1472976 0.3790667 0.7395592 0.5211359 0.7444355 0.5211359 0.7402313 0.5335767 0.7402313 0.5335767 0.7444355 0.5211359 0.744443 0.5335768 0.744443 0.5335768 0.7526681 0.5335766 0.7444355 0.5449744 0.7444355 0.5449744 0.7526681 0.5335766 0.7526565 0.5449747 0.4122982 0.4114555 0.3298505 0.4689059 0.3854803 0.3982776 0.3854803 0.3982776 0.3298505 0.4689059 0.319198 0.4429172 0.319198 0.4429172 0.2513221 0.4549743 0.3137305 0.4261765 0.3137305 0.4261765 0.2513221 0.4549743 0.2516011 0.4368265 0.2516011 0.4368265 0.1895013 0.4257537 0.2517659 0.4172435 0.2517659 0.4172435 0.1895013 0.4257537 0.1961572 0.407348 0.8694498 0.5211357 0.8793682 0.5211359 0.8694409 0.5335765 0.8694409 0.5335765 0.8793682 0.5211359 0.8793551 0.5335767 0.857352 0.5335767 0.8694409 0.5335765 0.8573549 0.5449744 0.8573549 0.5449744 0.8694409 0.5335765 0.8694498 0.5449744 0.03138262 0.2934972 0.03138256 0.2149216 0.05518203 0.2890911 0.05518203 0.2890911 0.03138256 0.2149216 0.0551843 0.2193165 0.07887625 0.3546342 0.05518203 0.2890911 0.09434103 0.3455307 0.09434103 0.3455307 0.05518203 0.2890911 0.07274472 0.2859276 0.1348983 0.3940822 0.09434103 0.3455307 0.1472976 0.3790667 0.1472976 0.3790667 0.09434103 0.3455307 0.1110162 0.3357216 0.1961572 0.407348 0.1472976 0.3790667 0.2042531 0.3848262 0.2042531 0.3848262 0.1472976 0.3790667 0.1625063 0.3606964 0.744443 0.5335768 0.7444355 0.5449744 0.7402313 0.5335767 0.7402313 0.5335767 0.7444355 0.5449744 0.7395592 0.5449747 0.4589639 0.3410533 0.4122982 0.4114555 0.4328629 0.3391657 0.4328629 0.3391657 0.4122982 0.4114555 0.3854803 0.3982776 0.3854803 0.3982776 0.319198 0.4429172 0.374526 0.3868781 0.374526 0.3868781 0.319198 0.4429172 0.3137305 0.4261765 0.3137305 0.4261765 0.2516011 0.4368265 0.3076565 0.4078438 0.3076565 0.4078438 0.2516011 0.4368265 0.2517659 0.4172435 0.2517659 0.4172435 0.1961572 0.407348 0.2518071 0.3932685 0.2518071 0.3932685 0.1961572 0.407348 0.2042531 0.3848262 0.8902774 0.5211359 0.8902618 0.5335768 0.8793682 0.5211359 0.8793682 0.5211359 0.8902618 0.5335768 0.8793551 0.5335767 0.8694409 0.5335765 0.8793551 0.5335767 0.8694498 0.5449744 0.8694498 0.5449744 0.8793551 0.5335767 0.8793681 0.5449744 0.03138256 0.2149216 0.05807965 0.1411491 0.0551843 0.2193165 0.0551843 0.2193165 0.05807965 0.1411491 0.07888287 0.1537755 0.05518203 0.2890911 0.0551843 0.2193165 0.07274472 0.2859276 0.07274472 0.2859276 0.0551843 0.2193165 0.07274705 0.2224798 0.09434103 0.3455307 0.07274472 0.2859276 0.1110162 0.3357216 0.1110162 0.3357216 0.07274472 0.2859276 0.09170061 0.2825163 0.1472976 0.3790667 0.1110162 0.3357216 0.1625063 0.3606964 0.1625063 0.3606964 0.1110162 0.3357216 0.1315178 0.3237231 0.2042531 0.3848262 0.1625063 0.3606964 0.2122096 0.3627549 0.2122096 0.3627549 0.1625063 0.3606964 0.1774885 0.3426901 0.9240177 0.5335767 0.9240252 0.5211357 0.9282293 0.5335767 0.9282293 0.5335767 0.9240252 0.5211357 0.9289015 0.5211357 0.4328629 0.3391657 0.3854803 0.3982776 0.4111733 0.3351225 0.4111733 0.3351225 0.3854803 0.3982776 0.374526 0.3868781 0.374526 0.3868781 0.3137305 0.4261765 0.3593999 0.3740449 0.3593999 0.3740449 0.3137305 0.4261765 0.3076565 0.4078438 0.3076565 0.4078438 0.2517659 0.4172435 0.2997304 0.3851811 0.2997304 0.3851811 0.2517659 0.4172435 0.2518071 0.3932685 0.2518071 0.3932685 0.2042531 0.3848262 0.2517813 0.369782 0.2517813 0.369782 0.2042531 0.3848262 0.2122096 0.3627549 0.9001709 0.5211359 0.9002144 0.5335766 0.8902774 0.5211359 0.8902774 0.5211359 0.9002144 0.5335766 0.8902618 0.5335768 0.8793551 0.5335767 0.8902618 0.5335768 0.8793681 0.5449744 0.8793681 0.5449744 0.8902618 0.5335768 0.8902773 0.5449746 0.05807965 0.1411491 0.1081493 0.0811482 0.07888287 0.1537755 0.07888287 0.1537755 0.1081493 0.0811482 0.1233744 0.1003942 0.0551843 0.2193165 0.07888287 0.1537755 0.07274705 0.2224798 0.07274705 0.2224798 0.07888287 0.1537755 0.09434759 0.1628786 0.07274472 0.2859276 0.07274705 0.2224798 0.09170061 0.2825163 0.09170061 0.2825163 0.07274705 0.2224798 0.09170466 0.2258821 0.1110162 0.3357216 0.09170061 0.2825163 0.1315178 0.3237231 0.1315178 0.3237231 0.09170061 0.2825163 0.1150227 0.2783475 0.1625063 0.3606964 0.1315178 0.3237231 0.1774885 0.3426901 0.1774885 0.3426901 0.1315178 0.3237231 0.1517279 0.3119646 0.2122096 0.3627549 0.1774885 0.3426901 0.2203975 0.3400052 0.2203975 0.3400052 0.1774885 0.3426901 0.193048 0.324025 0.9162656 0.5211357 0.9240252 0.5211357 0.9162538 0.5335767 0.9162538 0.5335767 0.9240252 0.5211357 0.9240177 0.5335767 0.9240177 0.5335767 0.9282293 0.5335767 0.9240252 0.5449744 0.9240252 0.5449744 0.9282293 0.5335767 0.9289015 0.5449744 0.4522954 0.3144724 0.4328629 0.3391657 0.4382027 0.3023273 0.4382027 0.3023273 0.4328629 0.3391657 0.4111733 0.3351225 0.4111733 0.3351225 0.374526 0.3868781 0.3880433 0.3293869 0.3880433 0.3293869 0.374526 0.3868781 0.3593999 0.3740449 0.3593999 0.3740449 0.3076565 0.4078438 0.3442244 0.3614623 0.3442244 0.3614623 0.3076565 0.4078438 0.2997304 0.3851811 0.2997304 0.3851811 0.2518071 0.3932685 0.2916832 0.3629952 0.2916832 0.3629952 0.2518071 0.3932685 0.2517813 0.369782 0.2517813 0.369782 0.2122096 0.3627549 0.251644 0.3458118 0.251644 0.3458118 0.2122096 0.3627549 0.2203975 0.3400052 0.9072113 0.5211357 0.9072478 0.5335766 0.9001709 0.5211359 0.9001709 0.5211359 0.9072478 0.5335766 0.9002144 0.5335766 0.8902618 0.5335768 0.9002144 0.5335766 0.8902773 0.5449746 0.8902773 0.5449746 0.9002144 0.5335766 0.9001709 0.5449744 0.1081493 0.0811482 0.1754389 0.04208856 0.1233744 0.1003942 0.1233744 0.1003942 0.1754389 0.04208856 0.1832569 0.06558042 0.07888287 0.1537755 0.1233744 0.1003942 0.09434759 0.1628786 0.09434759 0.1628786 0.1233744 0.1003942 0.1349079 0.1143304 0.07274705 0.2224798 0.09434759 0.1628786 0.09170466 0.2258821 0.09170466 0.2258821 0.09434759 0.1628786 0.1110274 0.17268 0.09170061 0.2825163 0.09170466 0.2258821 0.1150227 0.2783475 0.1150227 0.2783475 0.09170466 0.2258821 0.1150246 0.2300506 0.1315178 0.3237231 0.1150227 0.2783475 0.1517279 0.3119646 0.1517279 0.3119646 0.1150227 0.2783475 0.1380329 0.2742712 0.1774885 0.3426901 0.1517279 0.3119646 0.193048 0.324025 0.193048 0.324025 0.1517279 0.3119646 0.1728945 0.2997987 0.2203975 0.3400052 0.193048 0.324025 0.2306063 0.3133544 0.2306063 0.3133544 0.193048 0.324025 0.2118981 0.3024232 0.9162656 0.5211357 0.9162538 0.5335767 0.9072113 0.5211357 0.9072113 0.5211357 0.9162538 0.5335767 0.9072478 0.5335766 0.9162538 0.5335767 0.9240177 0.5335767 0.9162654 0.5449744 0.9162654 0.5449744 0.9240177 0.5335767 0.9240252 0.5449744 0.4594456 0.1659621 0.4649547 0.1878758 0.43066 0.1698974 0.43066 0.1698974 0.4649547 0.1878758 0.4505899 0.1960245 0.3880433 0.3293869 0.4033116 0.2849666 0.4111733 0.3351225 0.3880433 0.3293869 0.3593999 0.3740449 0.3721277 0.3228507 0.3721277 0.3228507 0.3593999 0.3740449 0.3442244 0.3614623 0.3442244 0.3614623 0.2997304 0.3851811 0.3265228 0.3449323 0.3265228 0.3449323 0.2997304 0.3851811 0.2916832 0.3629952 0.2916832 0.3629952 0.2517813 0.369782 0.2830189 0.3407441 0.2830189 0.3407441 0.2517813 0.369782 0.251644 0.3458118 0.251644 0.3458118 0.2203975 0.3400052 0.2519802 0.3173261 0.2519802 0.3173261 0.2203975 0.3400052 0.2306063 0.3133544 0.9002144 0.5335766 0.9072478 0.5335766 0.9001709 0.5449744 0.9001709 0.5449744 0.9072478 0.5335766 0.9072113 0.5449744 0.1754389 0.04208856 0.2518478 0.02856332 0.1832569 0.06558042 0.1832569 0.06558042 0.2518478 0.02856332 0.2513198 0.0534451 0.1233744 0.1003942 0.1832569 0.06558042 0.1349079 0.1143304 0.1349079 0.1143304 0.1832569 0.06558042 0.1895122 0.08266246 0.09434759 0.1628786 0.1349079 0.1143304 0.1110274 0.17268 0.1110274 0.17268 0.1349079 0.1143304 0.147314 0.1293406 0.09170466 0.2258821 0.1110274 0.17268 0.1150246 0.2300506 0.1150246 0.2300506 0.1110274 0.17268 0.1315231 0.1846762 0.1150227 0.2783475 0.1150246 0.2300506 0.1380329 0.2742712 0.1380329 0.2742712 0.1150246 0.2300506 0.138067 0.2341652 0.1517279 0.3119646 0.1380329 0.2742712 0.1728945 0.2997987 0.1728945 0.2997987 0.1380329 0.2742712 0.1623674 0.2702479 0.193048 0.324025 0.1728945 0.2997987 0.2118981 0.3024232 0.2118981 0.3024232 0.1728945 0.2997987 0.1981122 0.2858515 0.2306063 0.3133544 0.2118981 0.3024232 0.2414865 0.2849503 0.2414865 0.2849503 0.2118981 0.3024232 0.2319881 0.2794003 0.9072478 0.5335766 0.9162538 0.5335767 0.9072113 0.5449744 0.9072113 0.5449744 0.9162538 0.5335767 0.9162654 0.5449744 0.4122982 0.09133553 0.4594456 0.1659621 0.3880208 0.1127617 0.3880208 0.1127617 0.4594456 0.1659621 0.43066 0.1698974 0.4111733 0.1727917 0.4381875 0.2062184 0.4286034 0.2212852 0.4033116 0.2849666 0.3880433 0.3293869 0.3840167 0.2800393 0.3840167 0.2800393 0.3880433 0.3293869 0.3721277 0.3228507 0.4286034 0.2872322 0.4033116 0.2849666 0.4209312 0.2669834 0.3721277 0.3228507 0.3442244 0.3614623 0.3524307 0.3131735 0.3524307 0.3131735 0.3442244 0.3614623 0.3265228 0.3449323 0.3265228 0.3449323 0.2916832 0.3629952 0.3107377 0.3254136 0.3107377 0.3254136 0.2916832 0.3629952 0.2830189 0.3407441 0.2830189 0.3407441 0.251644 0.3458118 0.2734419 0.3138598 0.2734419 0.3138598 0.251644 0.3458118 0.2519802 0.3173261 0.2519802 0.3173261 0.2306063 0.3133544 0.2523383 0.2869668 0.2523383 0.2869668 0.2306063 0.3133544 0.2414865 0.2849503 0.2518478 0.02856332 0.3297692 0.03866714 0.2513198 0.0534451 0.2513198 0.0534451 0.3297692 0.03866714 0.3192502 0.06549429 0.1832569 0.06558042 0.2513198 0.0534451 0.1895122 0.08266246 0.1895122 0.08266246 0.2513198 0.0534451 0.2516045 0.07159304 0.1349079 0.1143304 0.1895122 0.08266246 0.147314 0.1293406 0.147314 0.1293406 0.1895122 0.08266246 0.1961756 0.101066 0.1110274 0.17268 0.147314 0.1293406 0.1315231 0.1846762 0.1315231 0.1846762 0.147314 0.1293406 0.1625145 0.1477051 0.1150246 0.2300506 0.1315231 0.1846762 0.138067 0.2341652 0.138067 0.2341652 0.1315231 0.1846762 0.1518228 0.1965016 0.1380329 0.2742712 0.138067 0.2341652 0.1623674 0.2702479 0.1623674 0.2702479 0.138067 0.2341652 0.1627368 0.2389371 0.1728945 0.2997987 0.1623674 0.2702479 0.1981122 0.2858515 0.1981122 0.2858515 0.1623674 0.2702479 0.191164 0.2656374 0.2118981 0.3024232 0.1981122 0.2858515 0.2319881 0.2794003 0.2319881 0.2794003 0.1981122 0.2858515 0.2249888 0.2709866 0.2414865 0.2849503 0.2319881 0.2794003 0.2527077 0.2556561 0.3297692 0.03866714 0.4122982 0.09133553 0.3192502 0.06549429 0.3192502 0.06549429 0.4122982 0.09133553 0.3880208 0.1127617 0.3880208 0.1127617 0.43066 0.1698974 0.3767769 0.1223313 0.3767769 0.1223313 0.43066 0.1698974 0.4111733 0.1727917 0.4111733 0.1727917 0.4032959 0.2235002 0.391651 0.1806844 0.4032959 0.2235002 0.4033116 0.2849666 0.3840097 0.2283758 0.3840097 0.2283758 0.4033116 0.2849666 0.3840167 0.2800393 0.3840167 0.2800393 0.3721277 0.3228507 0.3616311 0.2752612 0.3616311 0.2752612 0.3721277 0.3228507 0.3524307 0.3131735 0.3524307 0.3131735 0.3265228 0.3449323 0.3314573 0.3016693 0.3314573 0.3016693 0.3265228 0.3449323 0.3107377 0.3254136 0.3107377 0.3254136 0.2830189 0.3407441 0.2924026 0.303373 0.2924026 0.303373 0.2830189 0.3407441 0.2734419 0.3138598 0.2734419 0.3138598 0.2519802 0.3173261 0.2632347 0.2852069 0.2632347 0.2852069 0.2519802 0.3173261 0.2523383 0.2869668 0.2523383 0.2869668 0.2414865 0.2849503 0.2527077 0.2556561 0.2513198 0.0534451 0.3192502 0.06549429 0.2516045 0.07159304 0.2516045 0.07159304 0.3192502 0.06549429 0.3137497 0.0822435 0.1895122 0.08266246 0.2516045 0.07159304 0.1961756 0.101066 0.1961756 0.101066 0.2516045 0.07159304 0.2517816 0.09117805 0.147314 0.1293406 0.1961756 0.101066 0.1625145 0.1477051 0.1625145 0.1477051 0.1961756 0.101066 0.204263 0.1235787 0.1315231 0.1846762 0.1625145 0.1477051 0.1518228 0.1965016 0.1518228 0.1965016 0.1625145 0.1477051 0.1776249 0.1658285 0.138067 0.2341652 0.1518228 0.1965016 0.1627368 0.2389371 0.1627368 0.2389371 0.1518228 0.1965016 0.173958 0.209643 0.1623674 0.2702479 0.1627368 0.2389371 0.191164 0.2656374 0.191164 0.2656374 0.1627368 0.2389371 0.191164 0.2442197 0.1981122 0.2858515 0.191164 0.2656374 0.2249888 0.2709866 0.2249888 0.2709866 0.191164 0.2656374 0.2213328 0.2607239 0.2319881 0.2794003 0.2249888 0.2709866 0.2527077 0.2556561 0.3192502 0.06549429 0.3880208 0.1127617 0.3137497 0.0822435 0.3137497 0.0822435 0.3880208 0.1127617 0.3767769 0.1223313 0.3767769 0.1223313 0.4111733 0.1727917 0.3629096 0.1347213 0.3629096 0.1347213 0.4111733 0.1727917 0.391651 0.1806844 0.391651 0.1806844 0.4032959 0.2235002 0.3738493 0.187848 0.3738493 0.187848 0.4032959 0.2235002 0.3840097 0.2283758 0.3840097 0.2283758 0.3840167 0.2800393 0.3616311 0.235312 0.3616311 0.235312 0.3840167 0.2800393 0.3616311 0.2752612 0.3616311 0.2752612 0.3524307 0.3131735 0.3426785 0.2723751 0.3426785 0.2723751 0.3524307 0.3131735 0.3314573 0.3016693 0.3314573 0.3016693 0.3107377 0.3254136 0.3065756 0.2871309 0.3065756 0.2871309 0.3107377 0.3254136 0.2924026 0.303373 0.2924026 0.303373 0.2734419 0.3138598 0.2728613 0.2798826 0.2728613 0.2798826 0.2734419 0.3138598 0.2632347 0.2852069 0.2632347 0.2852069 0.2523383 0.2869668 0.2527077 0.2556561 0.2516045 0.07159304 0.3137497 0.0822435 0.2517816 0.09117805 0.2517816 0.09117805 0.3137497 0.0822435 0.3076539 0.1005869 0.1961756 0.101066 0.2517816 0.09117805 0.204263 0.1235787 0.204263 0.1235787 0.2517816 0.09117805 0.2518157 0.1151417 0.1625145 0.1477051 0.204263 0.1235787 0.1776249 0.1658285 0.1776249 0.1658285 0.204263 0.1235787 0.2123605 0.1458265 0.1518228 0.1965016 0.1776249 0.1658285 0.173958 0.209643 0.173958 0.209643 0.1776249 0.1658285 0.1946775 0.1858988 0.1627368 0.2389371 0.173958 0.209643 0.191164 0.2442197 0.191164 0.2442197 0.173958 0.209643 0.1988397 0.2241814 0.191164 0.2656374 0.191164 0.2442197 0.2213328 0.2607239 0.2213328 0.2607239 0.191164 0.2442197 0.2214611 0.2498497 0.2249888 0.2709866 0.2213328 0.2607239 0.2527077 0.2556561 0.3137497 0.0822435 0.3767769 0.1223313 0.3076539 0.1005869 0.3076539 0.1005869 0.3767769 0.1223313 0.3629096 0.1347213 0.3629096 0.1347213 0.391651 0.1806844 0.3452806 0.1498963 0.3452806 0.1498963 0.391651 0.1806844 0.3738493 0.187848 0.3738493 0.187848 0.3840097 0.2283758 0.3534255 0.199546 0.3534255 0.199546 0.3840097 0.2283758 0.3616311 0.235312 0.3616311 0.235312 0.3616311 0.2752612 0.3426785 0.2410644 0.3426785 0.2410644 0.3616311 0.2752612 0.3426785 0.2723751 0.3426785 0.2723751 0.3314573 0.3016693 0.3145041 0.2670925 0.3145041 0.2670925 0.3314573 0.3016693 0.3065756 0.2871309 0.3065756 0.2871309 0.2924026 0.303373 0.2800572 0.2716363 0.2800572 0.2716363 0.2924026 0.303373 0.2728613 0.2798826 0.2728613 0.2798826 0.2632347 0.2852069 0.2527077 0.2556561 0.2517816 0.09117805 0.3076539 0.1005869 0.2518157 0.1151417 0.2518157 0.1151417 0.3076539 0.1005869 0.2997264 0.1232349 0.204263 0.1235787 0.2518157 0.1151417 0.2123605 0.1458265 0.2123605 0.1458265 0.2518157 0.1151417 0.2519183 0.138859 0.1776249 0.1658285 0.2123605 0.1458265 0.1946775 0.1858988 0.1946775 0.1858988 0.2123605 0.1458265 0.2223964 0.1705683 0.173958 0.209643 0.1946775 0.1858988 0.1988397 0.2241814 0.1988397 0.2241814 0.1946775 0.1858988 0.2130128 0.2079393 0.191164 0.2442197 0.1988397 0.2241814 0.2214611 0.2498497 0.2214611 0.2498497 0.1988397 0.2241814 0.2253582 0.2396759 0.2213328 0.2607239 0.2214611 0.2498497 0.2527077 0.2556561 0.3076539 0.1005869 0.3629096 0.1347213 0.2997264 0.1232349 0.2997264 0.1232349 0.3629096 0.1347213 0.3452806 0.1498963 0.3452806 0.1498963 0.3738493 0.187848 0.3275845 0.165727 0.3275845 0.165727 0.3738493 0.187848 0.3534255 0.199546 0.3534255 0.199546 0.3616311 0.235312 0.332521 0.2115136 0.332521 0.2115136 0.3616311 0.235312 0.3426785 0.2410644 0.3426785 0.2410644 0.3426785 0.2723751 0.3145041 0.2456748 0.3145041 0.2456748 0.3426785 0.2723751 0.3145041 0.2670925 0.3145041 0.2670925 0.3065756 0.2871309 0.2839542 0.2614625 0.2839542 0.2614625 0.3065756 0.2871309 0.2800572 0.2716363 0.2800572 0.2716363 0.2728613 0.2798826 0.2527077 0.2556561 0.2518157 0.1151417 0.2997264 0.1232349 0.2519183 0.138859 0.2519183 0.138859 0.2997264 0.1232349 0.2917861 0.1456932 0.2123605 0.1458265 0.2519183 0.138859 0.2223964 0.1705683 0.2223964 0.1705683 0.2519183 0.138859 0.2537713 0.1655006 0.1946775 0.1858988 0.2223964 0.1705683 0.2130128 0.2079393 0.2130128 0.2079393 0.2223964 0.1705683 0.2319736 0.1974525 0.1988397 0.2241814 0.2130128 0.2079393 0.2253582 0.2396759 0.2253582 0.2396759 0.2130128 0.2079393 0.232554 0.2314296 0.2214611 0.2498497 0.2253582 0.2396759 0.2527077 0.2556561 0.2997264 0.1232349 0.3452806 0.1498963 0.2917861 0.1456932 0.2917861 0.1456932 0.3452806 0.1498963 0.3275845 0.165727 0.3275845 0.165727 0.3534255 0.199546 0.3123673 0.1872872 0.3123673 0.1872872 0.3534255 0.199546 0.332521 0.2115136 0.332521 0.2115136 0.3426785 0.2410644 0.3073032 0.2254609 0.3073032 0.2254609 0.3426785 0.2410644 0.3145041 0.2456748 0.3145041 0.2456748 0.3145041 0.2670925 0.2840825 0.2505885 0.2840825 0.2505885 0.3145041 0.2670925 0.2839542 0.2614625 0.2839542 0.2614625 0.2800572 0.2716363 0.2527077 0.2556561 0.2519183 0.138859 0.2917861 0.1456932 0.2537713 0.1655006 0.2537713 0.1655006 0.2917861 0.1456932 0.2850178 0.171307 0.2223964 0.1705683 0.2537713 0.1655006 0.2319736 0.1974525 0.2319736 0.1974525 0.2537713 0.1655006 0.2534352 0.1939859 0.2130128 0.2079393 0.2319736 0.1974525 0.232554 0.2314296 0.232554 0.2314296 0.2319736 0.1974525 0.2421807 0.2261054 0.2253582 0.2396759 0.232554 0.2314296 0.2527077 0.2556561 0.2917861 0.1456932 0.3275845 0.165727 0.2850178 0.171307 0.2850178 0.171307 0.3275845 0.165727 0.3123673 0.1872872 0.3123673 0.1872872 0.332521 0.2115136 0.2935173 0.208889 0.2935173 0.208889 0.332521 0.2115136 0.3073032 0.2254609 0.3073032 0.2254609 0.3145041 0.2456748 0.2804266 0.2403256 0.2804266 0.2403256 0.3145041 0.2456748 0.2840825 0.2505885 0.2840825 0.2505885 0.2839542 0.2614625 0.2527077 0.2556561 0.2537713 0.1655006 0.2850178 0.171307 0.2534352 0.1939859 0.2534352 0.1939859 0.2850178 0.171307 0.2748091 0.1979579 0.2319736 0.1974525 0.2534352 0.1939859 0.2421807 0.2261054 0.2421807 0.2261054 0.2534352 0.1939859 0.2530771 0.2243454 0.232554 0.2314296 0.2421807 0.2261054 0.2527077 0.2556561 0.2850178 0.171307 0.3123673 0.1872872 0.2748091 0.1979579 0.2748091 0.1979579 0.3123673 0.1872872 0.2935173 0.208889 0.2935173 0.208889 0.3073032 0.2254609 0.2734273 0.2319118 0.2734273 0.2319118 0.3073032 0.2254609 0.2804266 0.2403256 0.2804266 0.2403256 0.2840825 0.2505885 0.2527077 0.2556561 0.2534352 0.1939859 0.2748091 0.1979579 0.2530771 0.2243454 0.2530771 0.2243454 0.2748091 0.1979579 0.2639289 0.226362 0.2421807 0.2261054 0.2530771 0.2243454 0.2527077 0.2556561 0.2748091 0.1979579 0.2935173 0.208889 0.2639289 0.226362 0.2639289 0.226362 0.2935173 0.208889 0.2734273 0.2319118 0.2734273 0.2319118 0.2804266 0.2403256 0.2527077 0.2556561 0.2530771 0.2243454 0.2639289 0.226362 0.2527077 0.2556561 0.2639289 0.226362 0.2734273 0.2319118 0.2527077 0.2556561 0.4209312 0.2416291 0.4032959 0.2235002 0.4286034 0.2212852 0.4209312 0.2669834 0.4033116 0.2849666 0.4209312 0.2416291 0.4209312 0.2416291 0.4033116 0.2849666 0.4032959 0.2235002 0.4589639 0.3410533 0.4328629 0.3391657 0.4649547 0.3218516 0.4649547 0.3218516 0.4328629 0.3391657 0.4522954 0.3144724 0.4382027 0.3023273 0.4111733 0.3351225 0.4286034 0.2872322 0.4505899 0.1960245 0.4381875 0.2062184 0.43066 0.1698974 0.43066 0.1698974 0.4381875 0.2062184 0.4111733 0.1727917 0.5170175 0.6250545 0.4759843 0.6100919 0.5210239 0.602291 0.5210239 0.602291 0.4759843 0.6100919 0.48752 0.5900739 0.5606841 0.6250545 0.5170175 0.6250545 0.5566777 0.602291 0.5566777 0.602291 0.5170175 0.6250545 0.5210239 0.602291 0.6030741 0.6100918 0.5606841 0.6250545 0.5901815 0.5900738 0.5901815 0.5900738 0.5606841 0.6250545 0.5566777 0.602291 0.636977 0.5765418 0.6030741 0.6100918 0.6174942 0.5671132 0.6174942 0.5671132 0.6030741 0.6100918 0.5901815 0.5900738 0.636977 0.5765418 0.6174942 0.5671132 0.6557076 0.544084 0.6557076 0.544084 0.6174942 0.5671132 0.6353209 0.5361785 0.6353209 0.5361785 0.6620888 0.5278123 0.6557076 0.544084 0.6353209 0.4658229 0.6594537 0.4716403 0.640014 0.5010006 0.640014 0.5010006 0.6594537 0.4716403 0.6588141 0.5010006 0.6351678 0.4200303 0.6491784 0.4463476 0.6174942 0.4348881 0.6174942 0.4348881 0.6491784 0.4463476 0.6353209 0.4658229 0.6017174 0.3919095 0.6351678 0.4200303 0.5901815 0.4119274 0.5901815 0.4119274 0.6351678 0.4200303 0.6174942 0.4348881 0.5606841 0.3779989 0.6017174 0.3919095 0.5566776 0.3997103 0.5566776 0.3997103 0.6017174 0.3919095 0.5901815 0.4119274 0.5170175 0.3779989 0.5606841 0.3779989 0.5210238 0.3997103 0.5210238 0.3997103 0.5606841 0.3779989 0.5566776 0.3997103 0.4759842 0.3919095 0.5170175 0.3779989 0.48752 0.4119275 0.48752 0.4119275 0.5170175 0.3779989 0.5210238 0.3997103 0.4425336 0.4200303 0.4759842 0.3919095 0.4602075 0.4348881 0.4602075 0.4348881 0.4759842 0.3919095 0.48752 0.4119275 0.4285231 0.4463476 0.4425336 0.4200303 0.4423805 0.4658229 0.4423805 0.4658229 0.4425336 0.4200303 0.4602075 0.4348881 0.4423805 0.4658229 0.4192085 0.4717518 0.4285231 0.4463476 0.4423805 0.5361785 0.4164604 0.5260126 0.4376875 0.5010006 0.4376875 0.5010006 0.4164604 0.5260126 0.4163518 0.5010007 0.4425337 0.5765418 0.4242553 0.5440841 0.4602075 0.5671132 0.4602075 0.5671132 0.4242553 0.5440841 0.4423805 0.5361785 0.4759843 0.6100919 0.4425337 0.5765418 0.48752 0.5900739 0.48752 0.5900739 0.4425337 0.5765418 0.4602075 0.5671132 0.6588141 0.5010006 0.6620888 0.5278123 0.640014 0.5010006 0.640014 0.5010006 0.6620888 0.5278123 0.6353209 0.5361785 0.4242553 0.5440841 0.4164604 0.5260126 0.4423805 0.5361785 0.6491784 0.4463476 0.6594537 0.4716403 0.6353209 0.4658229 0.4163518 0.5010007 0.4192085 0.4717518 0.4376875 0.5010006 0.4376875 0.5010006 0.4192085 0.4717518 0.4423805 0.4658229 0.7950507 0.3307432 0.7713644 0.3109077 0.8100175 0.3048197 0.8100175 0.3048197 0.7713644 0.3109077 0.7809621 0.2942839 0.7950507 0.3307432 0.7721201 0.3499843 0.7713644 0.3109077 0.7713644 0.3109077 0.7721201 0.3499843 0.7566604 0.3232458 0.7721201 0.3499843 0.7439913 0.3602222 0.7566604 0.3232458 0.7566604 0.3232458 0.7439913 0.3602222 0.7386221 0.329811 0.7439913 0.3602222 0.7140575 0.3602222 0.7386221 0.329811 0.7386221 0.329811 0.7140575 0.3602222 0.7194266 0.329811 0.6859288 0.3499843 0.7013888 0.3232458 0.7140575 0.3602222 0.7140575 0.3602222 0.7013888 0.3232458 0.7194266 0.329811 0.6629982 0.3307432 0.6866844 0.3109077 0.6859288 0.3499843 0.6859288 0.3499843 0.6866844 0.3109077 0.7013888 0.3232458 0.6629982 0.3307432 0.6480314 0.3048197 0.6866844 0.3109077 0.6866844 0.3109077 0.6480314 0.3048197 0.6770867 0.2942839 0.6480314 0.3048197 0.6428333 0.2753406 0.6770867 0.2942839 0.6770867 0.2942839 0.6428333 0.2753406 0.6737535 0.27538 0.6480313 0.2458615 0.6770867 0.2564766 0.6428333 0.2753406 0.6428333 0.2753406 0.6770867 0.2564766 0.6737535 0.27538 0.6629982 0.219938 0.6866844 0.2398529 0.6480313 0.2458615 0.6480313 0.2458615 0.6866844 0.2398529 0.6770867 0.2564766 0.6629982 0.219938 0.6859288 0.200697 0.6866844 0.2398529 0.6866844 0.2398529 0.6859288 0.200697 0.7013884 0.2275142 0.6859288 0.200697 0.713716 0.1891617 0.7013884 0.2275142 0.7013884 0.2275142 0.713716 0.1891617 0.719416 0.2209084 0.7950506 0.219938 0.7713644 0.2398527 0.7721199 0.2006969 0.7721199 0.2006969 0.7713644 0.2398527 0.75666 0.2275142 0.7950506 0.219938 0.8100174 0.2458615 0.7713644 0.2398527 0.7713644 0.2398527 0.8100174 0.2458615 0.7809621 0.2564761 0.8100174 0.2458615 0.8152155 0.2753406 0.7809621 0.2564761 0.7809621 0.2564761 0.8152155 0.2753406 0.7842953 0.27538 0.8100175 0.3048197 0.7809621 0.2942839 0.8152155 0.2753406 0.8152155 0.2753406 0.7809621 0.2942839 0.7842953 0.27538 0.6435399 0.8369253 0.6863416 0.8369253 0.6435539 0.8690712 0.6435539 0.8690712 0.6863416 0.8369253 0.6863556 0.8690711 0.6863416 0.8369253 0.7291434 0.8369254 0.6863556 0.8690711 0.6863556 0.8690711 0.7291434 0.8369254 0.7291573 0.8690711 0.7291434 0.8369254 0.7719451 0.8369254 0.7291573 0.8690711 0.7291573 0.8690711 0.7719451 0.8369254 0.7719588 0.8690712 0.7719451 0.8369254 0.8147466 0.8369254 0.7719588 0.8690712 0.7719588 0.8690712 0.8147466 0.8369254 0.8147607 0.8690712 0.8147466 0.8369254 0.8575485 0.8369253 0.8147607 0.8690712 0.8147607 0.8690712 0.8575485 0.8369253 0.8575623 0.8690712 0.8575485 0.8369253 0.9003502 0.8369254 0.8575623 0.8690712 0.8575623 0.8690712 0.9003502 0.8369254 0.9003642 0.8690711 0.9003502 0.8369254 0.943152 0.8369254 0.9003642 0.8690711 0.9003642 0.8690711 0.943152 0.8369254 0.9431658 0.8690712 0.943152 0.8369254 0.9618123 0.8369254 0.9431658 0.8690712 0.9431658 0.8690712 0.9618123 0.8369254 0.9618263 0.8690712 0.6248795 0.8369253 0.6435399 0.8369253 0.6248935 0.8690712 0.6248935 0.8690712 0.6435399 0.8369253 0.6435539 0.8690712 0.7386328 0.2209084 0.719416 0.2209084 0.7443329 0.1891615 0.7443329 0.1891615 0.719416 0.2209084 0.713716 0.1891617 0.7386328 0.2209084 0.7443329 0.1891615 0.75666 0.2275142 0.75666 0.2275142 0.7443329 0.1891615 0.7721199 0.2006969 0.7386221 0.329811 0.7367017 0.3191356 0.7566604 0.3232458 0.7566604 0.3232458 0.7367017 0.3191356 0.7518161 0.3138011 0.7566604 0.3232458 0.7518161 0.3138011 0.7713644 0.3109077 0.7713644 0.3109077 0.7518161 0.3138011 0.7648811 0.3049868 0.7713644 0.3109077 0.7648811 0.3049868 0.7809621 0.2942839 0.7809621 0.2942839 0.7648811 0.3049868 0.7726599 0.2894693 0.7809621 0.2942839 0.7726599 0.2894693 0.7842953 0.27538 0.7842953 0.27538 0.7726599 0.2894693 0.7752272 0.2753794 0.7809621 0.2564761 0.7842953 0.27538 0.77266 0.2612712 0.77266 0.2612712 0.7842953 0.27538 0.7752272 0.2753794 0.7713644 0.2398527 0.7809621 0.2564761 0.7648808 0.2457719 0.7648808 0.2457719 0.7809621 0.2564761 0.77266 0.2612712 0.75666 0.2275142 0.7713644 0.2398527 0.7530818 0.2369384 0.7530818 0.2369384 0.7713644 0.2398527 0.7648808 0.2457719 0.7386328 0.2209084 0.75666 0.2275142 0.7385883 0.2315868 0.7385883 0.2315868 0.75666 0.2275142 0.7530818 0.2369384 0.7385883 0.2315868 0.7194608 0.2315868 0.7386328 0.2209084 0.7386328 0.2209084 0.7194608 0.2315868 0.719416 0.2209084 0.719416 0.2209084 0.7194608 0.2315868 0.7013884 0.2275142 0.7013884 0.2275142 0.7194608 0.2315868 0.7049673 0.2369384 0.7013884 0.2275142 0.7049673 0.2369384 0.6866844 0.2398529 0.6866844 0.2398529 0.7049673 0.2369384 0.6931683 0.2457721 0.6866844 0.2398529 0.6931683 0.2457721 0.6770867 0.2564766 0.6770867 0.2564766 0.6931683 0.2457721 0.6853906 0.2612693 0.6770867 0.2564766 0.6853906 0.2612693 0.6737535 0.27538 0.6737535 0.27538 0.6853906 0.2612693 0.6828256 0.2753796 0.6770867 0.2942839 0.6737535 0.27538 0.6853906 0.2894716 0.6853906 0.2894716 0.6737535 0.27538 0.6828256 0.2753796 0.6866844 0.3109077 0.6770867 0.2942839 0.6931683 0.3049869 0.6931683 0.3049869 0.6770867 0.2942839 0.6853906 0.2894716 0.7013888 0.3232458 0.6866844 0.3109077 0.7062333 0.3138011 0.7062333 0.3138011 0.6866844 0.3109077 0.6931683 0.3049869 0.7194266 0.329811 0.7013888 0.3232458 0.7213476 0.3191356 0.7213476 0.3191356 0.7013888 0.3232458 0.7062333 0.3138011 0.7386221 0.329811 0.7194266 0.329811 0.7367017 0.3191356 0.7367017 0.3191356 0.7194266 0.329811 0.7213476 0.3191356 0.4286034 0.2212852 0.4032959 0.2235002 0.4111733 0.1727917 0.4111733 0.3351225 0.4033116 0.2849666 0.4286034 0.2872322</float_array>
          <technique_common>
            <accessor source="#ob0008_00_ballupperSkin-mesh-map-0-array" count="2214" stride="2">
              <param name="S" type="float"/>
              <param name="T" type="float"/>
            </accessor>
          </technique_common>
        </source>
        <vertices id="ob0008_00_ballupperSkin-mesh-vertices">
          <input semantic="POSITION" source="#ob0008_00_ballupperSkin-mesh-positions"/>
        </vertices>
        <polylist material="obj01-material" count="234">
          <input semantic="VERTEX" source="#ob0008_00_ballupperSkin-mesh-vertices" offset="0"/>
          <input semantic="NORMAL" source="#ob0008_00_ballupperSkin-mesh-normals" offset="1"/>
          <input semantic="TEXCOORD" source="#ob0008_00_ballupperSkin-mesh-map-0" offset="2" set="0"/>
          <vcount>3 3 3 3 3 3 3 3 3 3 3 3 3 3 3 3 3 3 3 3 3 3 3 3 3 3 3 3 3 3 3 3 3 3 3 3 3 3 3 3 3 3 3 3 3 3 3 3 3 3 3 3 3 3 3 3 3 3 3 3 3 3 3 3 3 3 3 3 3 3 3 3 3 3 3 3 3 3 3 3 3 3 3 3 3 3 3 3 3 3 3 3 3 3 3 3 3 3 3 3 3 3 3 3 3 3 3 3 3 3 3 3 3 3 3 3 3 3 3 3 3 3 3 3 3 3 3 3 3 3 3 3 3 3 3 3 3 3 3 3 3 3 3 3 3 3 3 3 3 3 3 3 3 3 3 3 3 3 3 3 3 3 3 3 3 3 3 3 3 3 3 3 3 3 3 3 3 3 3 3 3 3 3 3 3 3 3 3 3 3 3 3 3 3 3 3 3 3 3 3 3 3 3 3 3 3 3 3 3 3 3 3 3 3 3 3 3 3 3 3 3 3 3 3 3 3 3 3 3 3 3 3 3 3 </vcount>
          <p>335 0 0 336 1 1 337 2 2 336 1 3 338 3 4 337 2 5 338 3 6 339 4 7 337 2 8 339 4 9 340 5 10 337 2 11 340 5 12 341 6 13 337 2 14 341 6 15 342 7 16 337 2 17 342 7 18 343 8 19 337 2 20 343 8 21 344 9 22 337 2 23 344 9 24 345 10 25 337 2 26 345 10 27 346 11 28 337 2 29 346 11 30 347 12 31 337 2 32 347 12 33 348 13 34 337 2 35 348 13 36 349 14 37 337 2 38 349 14 39 350 15 40 337 2 41 350 15 42 351 16 43 337 2 44 351 16 45 352 17 46 337 2 47 352 17 48 353 18 49 337 2 50 353 18 51 335 0 52 337 2 53 354 19 54 355 20 55 356 21 56 356 21 57 355 20 58 357 20 59 355 20 60 358 22 61 357 20 62 357 20 63 358 22 64 359 22 65 358 22 66 360 23 67 359 22 68 359 22 69 360 23 70 361 23 71 360 23 72 362 24 73 361 23 74 361 23 75 362 24 76 363 24 77 364 25 78 365 26 79 366 25 80 366 25 81 365 26 82 367 26 83 365 26 84 368 27 85 367 26 86 367 26 87 368 27 88 369 27 89 368 27 90 370 28 91 369 27 92 369 27 93 370 28 94 371 28 95 370 28 96 372 29 97 371 28 98 371 28 99 372 29 100 373 29 101 372 29 102 374 30 103 373 29 104 373 29 105 374 30 106 375 30 107 374 30 108 376 31 109 375 30 110 375 30 111 376 31 112 377 31 113 376 31 114 378 32 115 377 31 116 377 31 117 378 32 118 379 32 119 378 32 120 380 33 121 379 32 122 379 32 123 380 33 124 381 33 125 382 34 126 383 35 127 384 34 128 384 34 129 383 35 130 385 35 131 383 35 132 386 36 133 385 35 134 385 35 135 386 36 136 387 37 137 386 36 138 388 38 139 387 37 140 387 37 141 388 38 142 389 38 143 354 19 144 356 21 145 388 38 146 388 38 147 356 21 148 389 38 149 390 39 150 391 39 151 392 39 152 392 40 153 391 40 154 393 40 155 394 41 156 395 41 157 391 41 158 391 42 159 395 42 160 393 42 161 396 43 162 397 43 163 398 43 164 399 44 165 400 44 166 397 44 167 397 45 168 400 45 169 398 45 170 400 46 171 399 46 172 401 46 173 401 47 174 399 47 175 402 48 176 381 33 177 380 33 178 403 49 179 403 49 180 380 33 181 404 49 182 404 49 183 382 34 184 403 49 185 403 49 186 382 34 187 384 34 188 405 50 189 406 50 190 390 50 191 390 51 192 406 51 193 391 51 194 406 52 195 394 52 196 391 52 197 398 53 198 400 53 199 393 53 200 393 54 201 400 54 202 392 54 203 396 55 204 398 55 205 395 55 206 395 56 207 398 56 208 393 56 209 407 47 210 395 47 211 394 47 212 395 47 213 408 47 214 396 47 215 407 47 216 408 47 217 395 47 218 409 57 219 410 57 220 411 57 221 412 24 222 413 24 223 410 24 224 410 24 225 413 24 226 411 24 227 412 58 228 414 58 229 413 58 230 413 24 231 414 24 232 415 24 233 414 24 234 416 24 235 415 24 236 415 24 237 416 24 238 417 24 239 416 24 240 418 24 241 417 24 242 417 59 243 418 59 244 419 59 245 418 24 246 420 60 247 419 24 248 419 24 249 420 60 250 421 24 251 422 61 252 423 62 253 420 60 254 420 60 255 423 62 256 421 24 257 422 61 258 424 63 259 423 62 260 423 62 261 424 63 262 425 24 263 424 63 264 426 24 265 425 24 266 425 24 267 426 24 268 427 24 269 426 64 270 428 64 271 427 64 272 427 65 273 428 65 274 429 65 275 428 66 276 430 66 277 429 66 278 429 24 279 430 24 280 431 24 281 432 24 282 433 24 283 430 24 284 430 24 285 433 24 286 431 24 287 434 67 288 435 67 289 432 67 290 432 68 291 435 68 292 433 68 293 436 24 294 437 24 295 434 24 296 434 69 297 437 69 298 435 69 299 438 58 300 439 58 301 436 58 302 436 70 303 439 70 304 437 70 305 438 71 306 440 71 307 439 71 308 439 72 309 440 72 310 441 72 311 441 24 312 442 24 313 443 24 314 409 24 315 411 24 316 444 24 317 445 73 318 446 74 319 447 75 320 447 75 321 446 74 322 448 76 323 449 77 324 445 73 325 450 78 326 450 78 327 445 73 328 447 75 329 451 79 330 449 77 331 452 80 332 452 80 333 449 77 334 450 78 335 453 81 336 451 79 337 454 82 338 454 82 339 451 79 340 452 80 341 455 83 342 453 81 343 456 84 344 456 84 345 453 81 346 454 82 347 455 83 348 456 84 349 457 85 350 457 85 351 456 84 352 458 86 353 457 85 354 458 86 355 459 87 356 459 87 357 458 86 358 460 88 359 461 89 360 459 87 361 462 90 362 462 90 363 459 87 364 460 88 365 463 91 366 461 89 367 464 92 368 464 92 369 461 89 370 462 90 371 463 91 372 464 92 373 446 74 374 446 74 375 464 92 376 448 76 377 447 75 378 448 76 379 465 93 380 450 78 381 447 75 382 465 93 383 452 80 384 450 78 385 465 93 386 454 82 387 452 80 388 465 93 389 456 84 390 454 82 391 465 93 392 458 86 393 456 84 394 465 93 395 465 93 396 460 88 397 458 86 398 465 93 399 462 90 400 460 88 401 464 92 402 462 90 403 465 93 404 448 76 405 464 92 406 465 93 407 445 73 408 466 94 409 446 74 410 446 74 411 466 94 412 467 95 413 449 77 414 468 96 415 445 73 416 445 73 417 468 96 418 466 94 419 451 79 420 469 97 421 449 77 422 449 77 423 469 97 424 468 96 425 453 81 426 470 98 427 451 79 428 451 79 429 470 98 430 469 97 431 471 99 432 470 98 433 455 83 434 455 83 435 470 98 436 453 81 437 472 100 438 471 99 439 457 85 440 457 85 441 471 99 442 455 83 443 473 101 444 474 102 445 459 87 446 459 87 447 474 102 448 457 85 449 461 89 450 475 103 451 476 104 452 463 91 453 477 105 454 461 89 455 461 89 456 477 105 457 475 103 458 446 74 459 467 95 460 463 91 461 463 91 462 467 95 463 477 105 464 478 106 465 479 107 466 480 108 467 478 106 468 481 109 469 479 107 470 482 110 471 481 109 472 483 111 473 483 111 474 481 109 475 478 106 476 484 112 477 485 113 478 483 111 479 483 111 480 485 113 481 482 110 482 484 112 483 486 114 484 485 113 485 487 115 486 488 116 487 484 112 488 484 112 489 488 116 490 486 114 491 487 115 492 489 117 493 488 116 494 490 118 495 491 119 496 487 115 497 487 115 498 491 119 499 489 117 500 492 120 501 493 121 502 494 122 503 494 122 504 493 121 505 495 123 506 492 120 507 496 124 508 493 121 509 497 125 510 498 126 511 492 120 512 492 120 513 498 126 514 496 124 515 497 125 516 499 127 517 498 126 518 500 128 519 499 127 520 501 129 521 501 129 522 499 127 523 497 125 524 502 130 525 503 131 526 501 129 527 501 129 528 503 131 529 500 128 530 502 130 531 504 132 532 503 131 533 505 133 534 401 133 535 506 133 536 502 130 537 402 48 538 504 132 539 490 118 540 507 134 541 491 119 542 440 24 543 442 24 544 441 24 545 390 135 546 508 135 547 405 135 548 405 47 549 508 47 550 480 108 551 401 136 552 509 136 553 400 136 554 400 137 555 509 137 556 392 137 557 480 108 558 510 138 559 478 106 560 392 139 561 509 139 562 390 139 563 390 140 564 509 140 565 508 140 566 508 141 567 509 141 568 505 141 569 505 142 570 509 142 571 401 142 572 506 143 573 401 47 574 402 48 575 457 85 576 474 102 577 472 100 578 508 144 579 505 144 580 510 144 581 461 89 582 476 104 583 459 87 584 459 87 585 476 104 586 473 101 587 506 143 588 402 48 589 502 130 590 508 47 591 510 138 592 480 108 593 317 145 594 334 146 595 339 4 596 339 4 597 334 146 598 340 5 599 317 145 600 339 4 601 318 147 602 318 147 603 339 4 604 338 3 605 318 147 606 338 3 607 319 148 608 319 148 609 338 3 610 336 1 611 319 148 612 336 1 613 320 149 614 320 149 615 336 1 616 335 0 617 320 149 618 335 0 619 321 150 620 321 150 621 335 0 622 511 151 623 322 152 624 321 150 625 352 17 626 352 17 627 321 150 628 511 151 629 323 153 630 322 152 631 351 16 632 351 16 633 322 152 634 352 17 635 324 154 636 323 153 637 350 15 638 350 15 639 323 153 640 351 16 641 325 155 642 324 154 643 349 14 644 349 14 645 324 154 646 350 15 647 349 14 648 348 13 649 325 155 650 325 155 651 348 13 652 326 156 653 326 156 654 348 13 655 327 157 656 327 157 657 348 13 658 347 12 659 327 157 660 347 12 661 328 158 662 328 158 663 347 12 664 346 11 665 328 158 666 346 11 667 329 159 668 329 159 669 346 11 670 345 10 671 329 159 672 345 10 673 330 160 674 330 160 675 345 10 676 512 161 677 331 162 678 330 160 679 343 8 680 343 8 681 330 160 682 512 161 683 332 163 684 331 162 685 342 7 686 342 7 687 331 162 688 343 8 689 333 164 690 332 163 691 341 6 692 341 6 693 332 163 694 342 7 695 334 146 696 333 164 697 340 5 698 340 5 699 333 164 700 341 6 701</p>
        </polylist>
        <polylist material="obj00-material" count="504">
          <input semantic="VERTEX" source="#ob0008_00_ballupperSkin-mesh-vertices" offset="0"/>
          <input semantic="NORMAL" source="#ob0008_00_ballupperSkin-mesh-normals" offset="1"/>
          <input semantic="TEXCOORD" source="#ob0008_00_ballupperSkin-mesh-map-0" offset="2" set="0"/>
          <vcount>3 3 3 3 3 3 3 3 3 3 3 3 3 3 3 3 3 3 3 3 3 3 3 3 3 3 3 3 3 3 3 3 3 3 3 3 3 3 3 3 3 3 3 3 3 3 3 3 3 3 3 3 3 3 3 3 3 3 3 3 3 3 3 3 3 3 3 3 3 3 3 3 3 3 3 3 3 3 3 3 3 3 3 3 3 3 3 3 3 3 3 3 3 3 3 3 3 3 3 3 3 3 3 3 3 3 3 3 3 3 3 3 3 3 3 3 3 3 3 3 3 3 3 3 3 3 3 3 3 3 3 3 3 3 3 3 3 3 3 3 3 3 3 3 3 3 3 3 3 3 3 3 3 3 3 3 3 3 3 3 3 3 3 3 3 3 3 3 3 3 3 3 3 3 3 3 3 3 3 3 3 3 3 3 3 3 3 3 3 3 3 3 3 3 3 3 3 3 3 3 3 3 3 3 3 3 3 3 3 3 3 3 3 3 3 3 3 3 3 3 3 3 3 3 3 3 3 3 3 3 3 3 3 3 3 3 3 3 3 3 3 3 3 3 3 3 3 3 3 3 3 3 3 3 3 3 3 3 3 3 3 3 3 3 3 3 3 3 3 3 3 3 3 3 3 3 3 3 3 3 3 3 3 3 3 3 3 3 3 3 3 3 3 3 3 3 3 3 3 3 3 3 3 3 3 3 3 3 3 3 3 3 3 3 3 3 3 3 3 3 3 3 3 3 3 3 3 3 3 3 3 3 3 3 3 3 3 3 3 3 3 3 3 3 3 3 3 3 3 3 3 3 3 3 3 3 3 3 3 3 3 3 3 3 3 3 3 3 3 3 3 3 3 3 3 3 3 3 3 3 3 3 3 3 3 3 3 3 3 3 3 3 3 3 3 3 3 3 3 3 3 3 3 3 3 3 3 3 3 3 3 3 3 3 3 3 3 3 3 3 3 3 3 3 3 3 3 3 3 3 3 3 3 3 3 3 3 3 3 3 3 3 3 3 3 3 3 3 3 3 3 3 3 3 3 3 3 3 3 3 3 3 3 3 3 3 3 3 3 3 3 3 3 3 3 3 3 3 3 3 3 3 3 3 3 3 3 3 3 3 3 3 3 3 3 3 3 3 3 3 3 3 3 3 </vcount>
          <p>0 165 702 1 166 703 2 167 704 2 167 705 1 166 706 3 168 707 4 169 708 0 165 709 5 170 710 5 170 711 0 165 712 2 167 713 1 166 714 6 171 715 3 168 716 3 168 717 6 171 718 7 172 719 3 168 720 8 173 721 2 167 722 2 167 723 8 173 724 9 174 725 10 175 726 4 169 727 11 176 728 11 176 729 4 169 730 5 170 731 2 167 732 9 174 733 5 170 734 5 170 735 9 174 736 12 177 737 6 171 738 13 178 739 7 172 740 7 172 741 13 178 742 14 179 743 3 168 744 7 172 745 8 173 746 8 173 747 7 172 748 15 180 749 16 181 750 17 182 751 18 183 752 18 183 753 17 182 754 19 184 755 20 185 756 10 175 757 21 186 758 21 186 759 10 175 760 11 176 761 5 170 762 12 177 763 11 176 764 11 176 765 12 177 766 22 187 767 23 188 768 16 181 769 24 189 770 24 189 771 16 181 772 18 183 773 13 178 774 25 190 775 14 179 776 14 179 777 25 190 778 26 191 779 7 172 780 14 179 781 15 180 782 15 180 783 14 179 784 27 192 785 17 182 786 28 193 787 19 184 788 19 184 789 28 193 790 29 194 791 18 183 792 19 184 793 30 195 794 30 195 795 19 184 796 31 196 797 32 197 798 20 185 799 33 198 800 33 198 801 20 185 802 21 186 803 11 176 804 22 187 805 21 186 806 21 186 807 22 187 808 34 199 809 35 200 810 23 188 811 36 201 812 36 201 813 23 188 814 24 189 815 24 189 816 18 183 817 37 202 818 37 202 819 18 183 820 30 195 821 25 190 822 38 203 823 26 191 824 26 191 825 38 203 826 39 204 827 14 179 828 26 191 829 27 192 830 27 192 831 26 191 832 40 205 833 28 193 834 41 206 835 29 194 836 29 194 837 41 206 838 42 207 839 19 184 840 29 194 841 31 196 842 31 196 843 29 194 844 43 208 845 30 195 846 31 196 847 44 209 848 44 209 849 31 196 850 45 210 851 46 211 852 32 197 853 47 212 854 47 212 855 32 197 856 33 198 857 33 198 858 21 186 859 48 213 860 48 213 861 21 186 862 34 199 863 49 214 864 35 200 865 50 215 866 50 215 867 35 200 868 36 201 869 36 201 870 24 189 871 51 216 872 51 216 873 24 189 874 37 202 875 37 202 876 30 195 877 52 217 878 52 217 879 30 195 880 44 209 881 38 203 882 53 218 883 39 204 884 39 204 885 53 218 886 54 219 887 26 191 888 39 204 889 40 205 890 40 205 891 39 204 892 55 220 893 41 206 894 56 221 895 42 207 896 42 207 897 56 221 898 57 222 899 29 194 900 42 207 901 43 208 902 43 208 903 42 207 904 58 223 905 31 196 906 43 208 907 45 210 908 45 210 909 43 208 910 59 224 911 44 209 912 45 210 913 60 225 914 60 225 915 45 210 916 61 226 917 33 198 918 48 213 919 47 212 920 47 212 921 48 213 922 62 227 923 63 228 924 49 214 925 64 229 926 64 229 927 49 214 928 50 215 929 50 215 930 36 201 931 65 230 932 65 230 933 36 201 934 51 216 935 51 216 936 37 202 937 66 231 938 66 231 939 37 202 940 52 217 941 52 217 942 44 209 943 67 232 944 67 232 945 44 209 946 60 225 947 68 233 948 69 234 949 53 218 950 53 218 951 69 234 952 54 219 953 39 204 954 54 219 955 55 220 956 55 220 957 54 219 958 70 235 959 56 221 960 71 236 961 57 222 962 57 222 963 71 236 964 72 237 965 42 207 966 57 222 967 58 223 968 58 223 969 57 222 970 73 238 971 43 208 972 58 223 973 59 224 974 59 224 975 58 223 976 74 239 977 45 210 978 59 224 979 61 226 980 61 226 981 59 224 982 75 240 983 60 225 984 61 226 985 76 241 986 76 241 987 61 226 988 77 242 989 78 243 990 79 244 991 80 245 992 80 245 993 79 244 994 81 246 995 64 229 996 50 215 997 82 247 998 82 247 999 50 215 1000 65 230 1001 65 230 1002 51 216 1003 83 248 1004 83 248 1005 51 216 1006 66 231 1007 66 231 1008 52 217 1009 84 249 1010 84 249 1011 52 217 1012 67 232 1013 67 232 1014 60 225 1015 85 250 1016 85 250 1017 60 225 1018 76 241 1019 86 251 1020 87 252 1021 68 233 1022 68 233 1023 87 252 1024 69 234 1025 54 219 1026 69 234 1027 70 235 1028 70 235 1029 69 234 1030 88 253 1031 71 236 1032 89 254 1033 72 237 1034 72 237 1035 89 254 1036 90 255 1037 57 222 1038 72 237 1039 73 238 1040 73 238 1041 72 237 1042 91 256 1043 58 223 1044 73 238 1045 74 239 1046 74 239 1047 73 238 1048 92 257 1049 59 224 1050 74 239 1051 75 240 1052 75 240 1053 74 239 1054 93 258 1055 61 226 1056 75 240 1057 77 242 1058 77 242 1059 75 240 1060 94 259 1061 76 241 1062 77 242 1063 95 260 1064 95 260 1065 77 242 1066 96 261 1067 97 262 1068 79 244 1069 98 263 1070 98 263 1071 79 244 1072 78 243 1073 78 243 1074 80 245 1075 99 264 1076 99 264 1077 80 245 1078 100 265 1079 101 266 1080 64 229 1081 102 267 1082 102 267 1083 64 229 1084 82 247 1085 82 247 1086 65 230 1087 103 268 1088 103 268 1089 65 230 1090 83 248 1091 83 248 1092 66 231 1093 104 269 1094 104 269 1095 66 231 1096 84 249 1097 84 249 1098 67 232 1099 105 270 1100 105 270 1101 67 232 1102 85 250 1103 85 250 1104 76 241 1105 106 271 1106 106 271 1107 76 241 1108 95 260 1109 107 272 1110 108 273 1111 86 251 1112 86 251 1113 108 273 1114 87 252 1115 69 234 1116 87 252 1117 88 253 1118 88 253 1119 87 252 1120 109 274 1121 89 254 1122 110 275 1123 90 255 1124 90 255 1125 110 275 1126 111 276 1127 72 237 1128 90 255 1129 91 256 1130 91 256 1131 90 255 1132 112 277 1133 73 238 1134 91 256 1135 92 257 1136 92 257 1137 91 256 1138 113 278 1139 74 239 1140 92 257 1141 93 258 1142 93 258 1143 92 257 1144 114 279 1145 75 240 1146 93 258 1147 94 259 1148 94 259 1149 93 258 1150 115 280 1151 77 242 1152 94 259 1153 96 261 1154 96 261 1155 94 259 1156 116 281 1157 95 260 1158 96 261 1159 117 282 1160 117 282 1161 96 261 1162 118 283 1163 97 262 1164 98 263 1165 107 272 1166 107 272 1167 98 263 1168 108 273 1169 98 263 1170 78 243 1171 119 284 1172 119 284 1173 78 243 1174 99 264 1175 120 285 1176 121 286 1177 122 287 1178 122 287 1179 121 286 1180 123 288 1181 103 268 1182 124 289 1183 82 247 1184 103 268 1185 83 248 1186 125 290 1187 125 290 1188 83 248 1189 104 269 1190 104 269 1191 84 249 1192 126 291 1193 126 291 1194 84 249 1195 105 270 1196 105 270 1197 85 250 1198 127 292 1199 127 292 1200 85 250 1201 106 271 1202 106 271 1203 95 260 1204 128 293 1205 128 293 1206 95 260 1207 117 282 1208 87 252 1209 108 273 1210 109 274 1211 109 274 1212 108 273 1213 129 294 1214 110 275 1215 130 295 1216 111 276 1217 111 276 1218 130 295 1219 131 296 1220 90 255 1221 111 276 1222 112 277 1223 112 277 1224 111 276 1225 132 297 1226 91 256 1227 112 277 1228 113 278 1229 113 278 1230 112 277 1231 133 298 1232 92 257 1233 113 278 1234 114 279 1235 114 279 1236 113 278 1237 134 299 1238 93 258 1239 114 279 1240 115 280 1241 115 280 1242 114 279 1243 135 300 1244 94 259 1245 115 280 1246 116 281 1247 116 281 1248 115 280 1249 136 301 1250 96 261 1251 116 281 1252 118 283 1253 118 283 1254 116 281 1255 137 302 1256 117 282 1257 118 283 1258 138 303 1259 138 303 1260 118 283 1261 139 304 1262 108 273 1263 98 263 1264 129 294 1265 129 294 1266 98 263 1267 119 284 1268 140 305 1269 120 285 1270 141 306 1271 141 306 1272 120 285 1273 122 287 1274 142 307 1275 143 308 1276 144 309 1277 124 289 1278 103 268 1279 145 310 1280 145 310 1281 103 268 1282 125 290 1283 146 311 1284 124 289 1285 147 312 1286 125 290 1287 104 269 1288 148 313 1289 148 313 1290 104 269 1291 126 291 1292 126 291 1293 105 270 1294 149 314 1295 149 314 1296 105 270 1297 127 292 1298 127 292 1299 106 271 1300 150 315 1301 150 315 1302 106 271 1303 128 293 1304 128 293 1305 117 282 1306 151 316 1307 151 316 1308 117 282 1309 138 303 1310 130 295 1311 152 317 1312 131 296 1313 131 296 1314 152 317 1315 153 318 1316 111 276 1317 131 296 1318 132 297 1319 132 297 1320 131 296 1321 154 319 1322 112 277 1323 132 297 1324 133 298 1325 133 298 1326 132 297 1327 155 320 1328 113 278 1329 133 298 1330 134 299 1331 134 299 1332 133 298 1333 156 321 1334 114 279 1335 134 299 1336 135 300 1337 135 300 1338 134 299 1339 157 322 1340 115 280 1341 135 300 1342 136 301 1343 136 301 1344 135 300 1345 158 323 1346 116 281 1347 136 301 1348 137 302 1349 137 302 1350 136 301 1351 159 324 1352 118 283 1353 137 302 1354 139 304 1355 139 304 1356 137 302 1357 160 325 1358 138 303 1359 139 304 1360 161 326 1361 152 317 1362 140 305 1363 153 318 1364 153 318 1365 140 305 1366 141 306 1367 141 306 1368 122 287 1369 162 327 1370 162 327 1371 122 287 1372 142 307 1373 142 307 1374 163 328 1375 164 329 1376 163 328 1377 124 289 1378 165 330 1379 165 330 1380 124 289 1381 145 310 1382 145 310 1383 125 290 1384 166 331 1385 166 331 1386 125 290 1387 148 313 1388 148 313 1389 126 291 1390 167 332 1391 167 332 1392 126 291 1393 149 314 1394 149 314 1395 127 292 1396 168 333 1397 168 333 1398 127 292 1399 150 315 1400 150 315 1401 128 293 1402 169 334 1403 169 334 1404 128 293 1405 151 316 1406 151 316 1407 138 303 1408 161 326 1409 131 296 1410 153 318 1411 154 319 1412 154 319 1413 153 318 1414 170 335 1415 132 297 1416 154 319 1417 155 320 1418 155 320 1419 154 319 1420 171 336 1421 133 298 1422 155 320 1423 156 321 1424 156 321 1425 155 320 1426 172 337 1427 134 299 1428 156 321 1429 157 322 1430 157 322 1431 156 321 1432 173 338 1433 135 300 1434 157 322 1435 158 323 1436 158 323 1437 157 322 1438 174 339 1439 136 301 1440 158 323 1441 159 324 1442 159 324 1443 158 323 1444 175 340 1445 137 302 1446 159 324 1447 160 325 1448 160 325 1449 159 324 1450 176 341 1451 139 304 1452 160 325 1453 161 326 1454 153 318 1455 141 306 1456 170 335 1457 170 335 1458 141 306 1459 162 327 1460 162 327 1461 142 307 1462 177 342 1463 177 342 1464 142 307 1465 164 329 1466 164 329 1467 163 328 1468 178 343 1469 178 343 1470 163 328 1471 165 330 1472 165 330 1473 145 310 1474 179 344 1475 179 344 1476 145 310 1477 166 331 1478 166 331 1479 148 313 1480 180 345 1481 180 345 1482 148 313 1483 167 332 1484 167 332 1485 149 314 1486 181 346 1487 181 346 1488 149 314 1489 168 333 1490 168 333 1491 150 315 1492 182 347 1493 182 347 1494 150 315 1495 169 334 1496 169 334 1497 151 316 1498 161 326 1499 154 319 1500 170 335 1501 171 336 1502 171 336 1503 170 335 1504 183 348 1505 155 320 1506 171 336 1507 172 337 1508 172 337 1509 171 336 1510 184 349 1511 156 321 1512 172 337 1513 173 338 1514 173 338 1515 172 337 1516 185 350 1517 157 322 1518 173 338 1519 174 339 1520 174 339 1521 173 338 1522 186 351 1523 158 323 1524 174 339 1525 175 340 1526 175 340 1527 174 339 1528 187 352 1529 159 324 1530 175 340 1531 176 341 1532 176 341 1533 175 340 1534 188 353 1535 160 325 1536 176 341 1537 161 326 1538 170 335 1539 162 327 1540 183 348 1541 183 348 1542 162 327 1543 177 342 1544 177 342 1545 164 329 1546 189 354 1547 189 354 1548 164 329 1549 178 343 1550 178 343 1551 165 330 1552 190 355 1553 190 355 1554 165 330 1555 179 344 1556 179 344 1557 166 331 1558 191 356 1559 191 356 1560 166 331 1561 180 345 1562 180 345 1563 167 332 1564 192 357 1565 192 357 1566 167 332 1567 181 346 1568 181 346 1569 168 333 1570 193 358 1571 193 358 1572 168 333 1573 182 347 1574 182 347 1575 169 334 1576 161 326 1577 171 336 1578 183 348 1579 184 349 1580 184 349 1581 183 348 1582 194 359 1583 172 337 1584 184 349 1585 185 350 1586 185 350 1587 184 349 1588 195 360 1589 173 338 1590 185 350 1591 186 351 1592 186 351 1593 185 350 1594 196 361 1595 174 339 1596 186 351 1597 187 352 1598 187 352 1599 186 351 1600 197 362 1601 175 340 1602 187 352 1603 188 353 1604 188 353 1605 187 352 1606 198 363 1607 176 341 1608 188 353 1609 161 326 1610 183 348 1611 177 342 1612 194 359 1613 194 359 1614 177 342 1615 189 354 1616 189 354 1617 178 343 1618 199 364 1619 199 364 1620 178 343 1621 190 355 1622 190 355 1623 179 344 1624 200 365 1625 200 365 1626 179 344 1627 191 356 1628 191 356 1629 180 345 1630 201 366 1631 201 366 1632 180 345 1633 192 357 1634 192 357 1635 181 346 1636 202 367 1637 202 367 1638 181 346 1639 193 358 1640 193 358 1641 182 347 1642 161 326 1643 184 349 1644 194 359 1645 195 360 1646 195 360 1647 194 359 1648 203 368 1649 185 350 1650 195 360 1651 196 361 1652 196 361 1653 195 360 1654 204 369 1655 186 351 1656 196 361 1657 197 362 1658 197 362 1659 196 361 1660 205 370 1661 187 352 1662 197 362 1663 198 363 1664 198 363 1665 197 362 1666 206 371 1667 188 353 1668 198 363 1669 161 326 1670 194 359 1671 189 354 1672 203 368 1673 203 368 1674 189 354 1675 199 364 1676 199 364 1677 190 355 1678 207 372 1679 207 372 1680 190 355 1681 200 365 1682 200 365 1683 191 356 1684 208 373 1685 208 373 1686 191 356 1687 201 366 1688 201 366 1689 192 357 1690 209 374 1691 209 374 1692 192 357 1693 202 367 1694 202 367 1695 193 358 1696 161 326 1697 195 360 1698 203 368 1699 204 369 1700 204 369 1701 203 368 1702 210 375 1703 196 361 1704 204 369 1705 205 370 1706 205 370 1707 204 369 1708 211 376 1709 197 362 1710 205 370 1711 206 371 1712 206 371 1713 205 370 1714 212 377 1715 198 363 1716 206 371 1717 161 326 1718 203 368 1719 199 364 1720 210 375 1721 210 375 1722 199 364 1723 207 372 1724 207 372 1725 200 365 1726 213 378 1727 213 378 1728 200 365 1729 208 373 1730 208 373 1731 201 366 1732 214 379 1733 214 379 1734 201 366 1735 209 374 1736 209 374 1737 202 367 1738 161 326 1739 204 369 1740 210 375 1741 211 376 1742 211 376 1743 210 375 1744 215 380 1745 205 370 1746 211 376 1747 212 377 1748 212 377 1749 211 376 1750 216 381 1751 206 371 1752 212 377 1753 161 326 1754 210 375 1755 207 372 1756 215 380 1757 215 380 1758 207 372 1759 213 378 1760 213 378 1761 208 373 1762 217 382 1763 217 382 1764 208 373 1765 214 379 1766 214 379 1767 209 374 1768 161 326 1769 211 376 1770 215 380 1771 216 381 1772 216 381 1773 215 380 1774 218 383 1775 212 377 1776 216 381 1777 161 326 1778 215 380 1779 213 378 1780 218 383 1781 218 383 1782 213 378 1783 217 382 1784 217 382 1785 214 379 1786 161 326 1787 216 381 1788 218 383 1789 161 326 1790 218 383 1791 217 382 1792 161 326 1793 219 384 1794 163 328 1795 144 309 1796 147 312 1797 124 289 1798 219 384 1799 219 384 1800 124 289 1801 163 328 1802 63 228 1803 64 229 1804 220 385 1805 220 385 1806 64 229 1807 101 266 1808 102 267 1809 82 247 1810 146 311 1811 123 288 1812 143 308 1813 122 287 1814 122 287 1815 143 308 1816 142 307 1817 221 2 1818 222 2 1819 223 2 1820 223 2 1821 222 2 1822 224 2 1823 225 2 1824 221 2 1825 226 2 1826 226 2 1827 221 2 1828 223 2 1829 227 2 1830 225 2 1831 228 2 1832 228 2 1833 225 2 1834 226 2 1835 229 2 1836 227 2 1837 230 2 1838 230 2 1839 227 2 1840 228 2 1841 229 2 1842 230 2 1843 231 386 1844 231 386 1845 230 2 1846 232 387 1847 232 387 1848 233 388 1849 231 386 1850 234 389 1851 235 390 1852 236 391 1853 236 391 1854 235 390 1855 237 2 1856 238 2 1857 239 2 1858 240 2 1859 240 2 1860 239 2 1861 234 389 1862 241 392 1863 238 392 1864 242 392 1865 242 393 1866 238 393 1867 240 393 1868 243 2 1869 241 2 1870 244 2 1871 244 394 1872 241 394 1873 242 394 1874 245 2 1875 243 2 1876 246 2 1877 246 2 1878 243 2 1879 244 2 1880 247 2 1881 245 2 1882 248 2 1883 248 2 1884 245 2 1885 246 2 1886 249 2 1887 247 2 1888 250 2 1889 250 395 1890 247 395 1891 248 395 1892 251 2 1893 249 2 1894 252 2 1895 252 2 1896 249 2 1897 250 2 1898 252 2 1899 253 396 1900 251 2 1901 254 397 1902 255 398 1903 256 399 1904 256 399 1905 255 398 1906 257 400 1907 258 2 1908 259 397 1909 260 2 1910 260 2 1911 259 397 1912 254 397 1913 222 2 1914 258 2 1915 224 2 1916 224 2 1917 258 2 1918 260 2 1919 237 2 1920 233 388 1921 236 391 1922 236 391 1923 233 388 1924 232 387 1925 259 397 1926 255 398 1927 254 397 1928 239 2 1929 235 390 1930 234 389 1931 257 400 1932 253 396 1933 256 399 1934 256 399 1935 253 396 1936 252 2 1937 261 2 1938 262 401 1939 263 402 1940 263 402 1941 262 401 1942 264 403 1943 261 2 1944 265 2 1945 262 401 1946 262 401 1947 265 2 1948 266 404 1949 265 2 1950 267 2 1951 266 404 1952 266 404 1953 267 2 1954 268 405 1955 267 2 1956 269 2 1957 268 405 1958 268 405 1959 269 2 1960 270 406 1961 271 2 1962 272 407 1963 269 2 1964 269 2 1965 272 407 1966 270 406 1967 273 2 1968 274 408 1969 271 2 1970 271 2 1971 274 408 1972 272 407 1973 273 2 1974 275 2 1975 274 408 1976 274 408 1977 275 2 1978 276 409 1979 275 2 1980 277 410 1981 276 409 1982 276 409 1983 277 410 1984 278 411 1985 279 2 1986 280 412 1987 277 410 1988 277 410 1989 280 412 1990 278 411 1991 281 2 1992 282 413 1993 279 2 1994 279 2 1995 282 413 1996 280 412 1997 281 2 1998 283 2 1999 282 413 2000 282 413 2001 283 2 2002 284 414 2003 283 2 2004 285 2 2005 284 414 2006 284 414 2007 285 2 2008 286 415 2009 287 2 2010 288 416 2011 289 2 2012 289 2 2013 288 416 2014 290 417 2015 287 2 2016 291 418 2017 288 416 2018 288 416 2019 291 418 2020 292 419 2021 291 418 2022 293 420 2023 292 419 2024 292 419 2025 293 420 2026 294 421 2027 263 402 2028 264 403 2029 293 420 2030 293 420 2031 264 403 2032 294 421 2033 295 422 2034 296 27 2035 297 422 2036 297 422 2037 296 27 2038 298 27 2039 296 27 2040 299 26 2041 298 27 2042 298 27 2043 299 26 2044 300 26 2045 299 26 2046 301 423 2047 300 26 2048 300 26 2049 301 423 2050 302 423 2051 301 423 2052 303 23 2053 302 423 2054 302 423 2055 303 23 2056 304 23 2057 303 23 2058 305 22 2059 304 23 2060 304 23 2061 305 22 2062 306 22 2063 305 22 2064 307 20 2065 306 22 2066 306 22 2067 307 20 2068 308 20 2069 307 20 2070 309 424 2071 308 20 2072 308 20 2073 309 424 2074 310 424 2075 309 424 2076 311 425 2077 310 424 2078 310 424 2079 311 425 2080 312 425 2081 313 426 2082 295 422 2083 314 426 2084 314 426 2085 295 422 2086 297 422 2087 315 427 2088 286 415 2089 316 2 2090 316 2 2091 286 415 2092 285 2 2093 315 427 2094 316 2 2095 290 417 2096 290 417 2097 316 2 2098 289 2 2099 268 405 2100 317 145 2101 266 404 2102 266 404 2103 317 145 2104 318 147 2105 266 404 2106 318 147 2107 262 401 2108 262 401 2109 318 147 2110 319 148 2111 262 401 2112 319 148 2113 264 403 2114 264 403 2115 319 148 2116 320 149 2117 264 403 2118 320 149 2119 294 421 2120 294 421 2121 320 149 2122 321 150 2123 292 419 2124 294 421 2125 322 152 2126 322 152 2127 294 421 2128 321 150 2129 288 416 2130 292 419 2131 323 153 2132 323 153 2133 292 419 2134 322 152 2135 290 417 2136 288 416 2137 324 154 2138 324 154 2139 288 416 2140 323 153 2141 315 427 2142 290 417 2143 325 155 2144 325 155 2145 290 417 2146 324 154 2147 325 155 2148 326 156 2149 315 427 2150 315 427 2151 326 156 2152 286 415 2153 286 415 2154 326 156 2155 284 414 2156 284 414 2157 326 156 2158 327 157 2159 284 414 2160 327 157 2161 282 413 2162 282 413 2163 327 157 2164 328 158 2165 282 413 2166 328 158 2167 280 412 2168 280 412 2169 328 158 2170 329 159 2171 280 412 2172 329 159 2173 278 411 2174 278 411 2175 329 159 2176 330 160 2177 276 409 2178 278 411 2179 331 162 2180 331 162 2181 278 411 2182 330 160 2183 274 408 2184 276 409 2185 332 163 2186 332 163 2187 276 409 2188 331 162 2189 272 407 2190 274 408 2191 333 164 2192 333 164 2193 274 408 2194 332 163 2195 270 406 2196 272 407 2197 334 146 2198 334 146 2199 272 407 2200 333 164 2201 268 405 2202 270 406 2203 317 145 2204 317 145 2205 270 406 2206 334 146 2207 144 309 2208 163 328 2209 142 307 2210 82 247 2211 124 289 2212 146 311 2213</p>
        </polylist>
      </mesh>
    </geometry>
    <geometry id="ob0008_00_buttonSkin-mesh" name="ob0008_00_buttonSkin">
      <mesh>
        <source id="ob0008_00_buttonSkin-mesh-positions">
          <float_array id="ob0008_00_buttonSkin-mesh-positions-array" count="609">0.3851939 0.5764825 3.011259 0.5657258 0.7408866 3.106107 0.5764825 0.3851931 3.011259 0.8115679 0.4950444 3.106107 0.1352623 0.6800071 3.011259 0.1901708 0.8739358 3.106107 -0.1352615 0.680007 3.011259 -0.1901698 0.8739357 3.106107 -0.3851931 0.5764825 3.011259 -0.565725 0.7408873 3.106107 -0.5764826 0.3851938 3.011259 -0.8115674 0.4950451 3.106107 -0.6800074 0.1352621 3.011259 -0.9446164 0.173837 3.106107 -0.6800074 -0.1352617 3.011259 -0.9446164 -0.1738363 3.106107 -0.5764826 -0.3851933 3.011259 -0.8115676 -0.4950445 3.106107 -0.3851936 -0.5764825 3.011259 -0.5657256 -0.7408869 3.106107 -0.135262 -0.6800071 3.011259 -0.2445174 -0.8739358 3.106107 0.1352617 -0.6800071 3.011259 0.2445171 -0.8739358 3.106107 0.3851933 -0.5764825 3.011259 0.5657253 -0.7408871 3.106107 0.5764825 -0.3851936 3.011259 0.8115675 -0.4950449 3.106107 0.6800073 -0.1352618 3.011259 0.9446163 -0.1738366 3.106107 0.6800073 0.1352618 3.011259 0.9446163 0.1738366 3.106107 0.5764825 0.3851931 3.011259 0.8115679 0.4950444 3.106107 0.7229673 0.4830707 4.488311 0.4830715 0.7229668 4.488311 0.4945918 0.3304752 4.488311 0.3304758 0.4945915 4.488311 0.1696325 0.8527975 4.488311 0.1160479 0.5834105 4.488311 -0.1696316 0.8527978 4.488311 -0.1160473 0.5834106 4.488311 -0.4830707 0.7229672 4.488311 -0.3304753 0.4945917 4.488311 -0.7229669 0.4830714 4.488311 -0.4945914 0.3304757 4.488311 -0.8527976 0.1696323 4.488311 -0.5834106 0.1160477 4.488311 -0.8527977 -0.1696317 4.488311 -0.5834106 -0.1160474 4.488311 -0.7229672 -0.4830709 4.488311 -0.4945917 -0.3304753 4.488311 -0.4830714 -0.7229668 4.488311 -0.3304757 -0.4945915 4.488311 -0.1696321 -0.8527976 4.488311 -0.1160477 -0.5834106 4.488311 0.1696318 -0.8527976 4.488311 0.1160475 -0.5834106 4.488311 0.483071 -0.7229671 4.488311 0.3304754 -0.4945917 4.488311 0.722967 -0.4830712 4.488311 0.4945916 -0.3304756 4.488311 0.8527976 -0.169632 4.488311 0.5834106 -0.1160476 4.488311 0.8527976 0.169632 4.488311 0.5834106 0.1160476 4.488311 0 0 4.488311 0.5512226 0.8249618 3.999857 0.1935639 0.9731091 3.999857 0.5284988 0.800375 4.2816 0.1814998 0.9441069 4.2816 0.8249624 0.5512216 3.999857 0.7940804 0.5347932 4.2816 0.9731091 0.1935634 3.999857 0.8249624 0.5512216 3.999857 0.9378118 0.1877946 4.2816 0.7940804 0.5347932 4.2816 0.9731091 -0.1935635 3.999857 0.9378117 -0.1877946 4.2816 0.8249621 -0.5512221 3.999857 0.79408 -0.5347938 4.2816 0.5512218 -0.8249621 3.999857 0.5284982 -0.8003755 4.2816 0.1935633 -0.9731092 3.999857 0.1814991 -0.9441071 4.2816 -0.1935636 -0.9731092 3.999857 -0.1814995 -0.9441071 4.2816 -0.5512223 -0.824962 3.999857 -0.5284986 -0.8003753 4.2816 -0.8249622 -0.5512217 3.999857 -0.7940801 -0.5347934 4.2816 -0.9731092 -0.1935631 3.999857 -0.9378119 -0.1877942 4.2816 -0.9731092 0.1935638 3.999857 -0.9378116 0.187795 4.2816 -0.8249619 0.5512224 3.999857 -0.7940797 0.534794 4.2816 -0.5512216 0.8249624 3.999857 -0.528498 0.8003756 4.2816 -0.1935629 0.9731092 3.999857 -0.1814988 0.9441071 4.2816 0.08412325 0.5410368 3.999857 0.2829772 0.4586686 3.999857 0.4351732 0.3064725 3.999857 0.4351732 0.3064725 3.999857 0.517541 0.1076189 3.999857 0.5175411 -0.107619 3.999857 0.435173 -0.3064729 3.999857 0.2829767 -0.458669 3.999857 0.08412289 -0.5410371 3.999857 -0.08412301 -0.541037 3.999857 -0.282977 -0.4586689 3.999857 -0.435173 -0.3064727 3.999857 -0.5175411 -0.1076188 3.999857 -0.5175411 0.1076191 3.999857 -0.4351729 0.306473 3.999857 -0.2829766 0.458669 3.999857 -0.08412265 0.5410368 3.999857 0.09298151 0.4674483 3.727324 -0.09298098 0.4674483 3.727324 0.08412325 0.5410368 3.999857 -0.08412265 0.5410368 3.999857 0.2647885 0.3962833 3.727324 0.2829772 0.4586686 3.999857 0.3962838 0.264788 3.727324 0.4351732 0.3064725 3.999857 0.4674484 0.09298115 3.727324 0.3962838 0.264788 3.727324 0.517541 0.1076189 3.999857 0.4351732 0.3064725 3.999857 0.4674484 -0.09298133 3.727324 0.5175411 -0.107619 3.999857 0.3962835 -0.2647883 3.727324 0.435173 -0.3064729 3.999857 0.2647882 -0.3962836 3.727324 0.2829767 -0.458669 3.999857 0.09298115 -0.4674484 3.727324 0.08412289 -0.5410371 3.999857 -0.09298133 -0.4674484 3.727324 -0.08412301 -0.541037 3.999857 -0.2647883 -0.3962835 3.727324 -0.282977 -0.4586689 3.999857 -0.3962836 -0.2647882 3.727324 -0.435173 -0.3064727 3.999857 -0.4674484 -0.0929811 3.727324 -0.5175411 -0.1076188 3.999857 -0.4674484 0.09298139 3.727324 -0.5175411 0.1076191 3.999857 -0.3962835 0.2647884 3.727324 -0.4351729 0.306473 3.999857 -0.264788 0.3962836 3.727324 -0.2829766 0.458669 3.999857 0.7707424 0.1533102 3.461901 0.6534042 0.43659 3.461901 0.4674484 0.09298115 3.727324 0.3962838 0.264788 3.727324 0.7707424 -0.1533102 3.461901 0.4674484 -0.09298133 3.727324 0.6534037 -0.4365905 3.461901 0.3962835 -0.2647883 3.727324 0.4365903 -0.6534039 3.461901 0.2647882 -0.3962836 3.727324 0.1533101 -0.7707424 3.461901 0.09298115 -0.4674484 3.727324 -0.1533104 -0.7707424 3.461901 -0.09298133 -0.4674484 3.727324 -0.4365906 -0.6534036 3.461901 -0.2647883 -0.3962835 3.727324 -0.6534039 -0.4365902 3.461901 -0.3962836 -0.2647882 3.727324 -0.7707425 -0.1533099 3.461901 -0.4674484 -0.0929811 3.727324 -0.7707425 0.1533105 3.461901 -0.4674484 0.09298139 3.727324 -0.6534037 0.4365907 3.461901 -0.3962835 0.2647884 3.727324 -0.4365901 0.653404 3.461901 -0.264788 0.3962836 3.727324 -0.1533098 0.7707423 3.461901 -0.09298098 0.4674483 3.727324 0.1533105 0.7707424 3.461901 0.09298151 0.4674483 3.727324 0.4365907 0.6534036 3.461901 0.2647885 0.3962833 3.727324 0.6534042 0.43659 3.461901 0.3962838 0.264788 3.727324 0.4830715 0.7229668 4.488311 0.7229673 0.4830707 4.488311 0.7229673 0.4830707 4.488311 0.8527976 0.169632 4.488311 0.8527976 -0.169632 4.488311 0.722967 -0.4830712 4.488311 0.483071 -0.7229671 4.488311 0.1696318 -0.8527976 4.488311 -0.1696321 -0.8527976 4.488311 -0.4830714 -0.7229668 4.488311 -0.7229672 -0.4830709 4.488311 -0.8527977 -0.1696317 4.488311 -0.8527976 0.1696323 4.488311 -0.7229669 0.4830714 4.488311 -0.4830707 0.7229672 4.488311 -0.1696316 0.8527978 4.488311 0.1696325 0.8527975 4.488311</float_array>
          <technique_common>
            <accessor source="#ob0008_00_buttonSkin-mesh-positions-array" count="203" stride="3">
              <param name="X" type="float"/>
              <param name="Y" type="float"/>
              <param name="Z" type="float"/>
            </accessor>
          </technique_common>
        </source>
        <source id="ob0008_00_buttonSkin-mesh-normals">
          <float_array id="ob0008_00_buttonSkin-mesh-normals-array" count="471">0.1937052 0.3302174 -0.9238153 0.5162258 0.7771312 -0.3599694 0.2562671 0.2562671 -0.9320163 0.6668056 0.6668056 -0.3327772 0.07883012 0.419878 -0.9041507 0.1732584 0.9092025 -0.3785927 -0.07883012 0.419878 -0.9041507 -0.1732584 0.9092025 -0.3785927 -0.1937052 0.3302174 -0.9238153 -0.5162258 0.7771312 -0.3599694 -0.2850468 0.1994106 -0.9375414 -0.7842584 0.50998 -0.3533542 -0.3278724 0.06769251 -0.9422937 -0.9201915 0.1789049 -0.3481963 -0.3278724 -0.06769251 -0.9422937 -0.9201915 -0.1789049 -0.3481963 -0.2850468 -0.1994106 -0.9375414 -0.7842584 -0.50998 -0.3533542 -0.1973656 -0.3181899 -0.9272552 -0.5327101 -0.7646854 -0.3625968 -0.06317496 -0.4095082 -0.9101166 -0.2028919 -0.9051092 -0.3736471 0.06317496 -0.4095082 -0.9101166 0.2028919 -0.9051092 -0.3736471 0.1973656 -0.3181899 -0.9272552 0.5327101 -0.7646854 -0.3625968 0.2850468 -0.1994106 -0.9375414 0.7842584 -0.50998 -0.3533542 0.3278724 -0.06769251 -0.9422937 0.9201915 -0.1789049 -0.3481963 0.3278724 0.06769251 -0.9422937 0.9201915 0.1789049 -0.3481963 0.3174352 0.1314787 -0.939121 0.8618984 0.357016 -0.3600984 0 0 1 8.80379e-7 0 1 1.76076e-6 0 1 -1.76076e-6 0 1 -8.80379e-7 0 1 0.4365834 0.6502514 -0.621746 0.1543352 0.7653894 -0.6247878 0.5351231 0.8052176 0.2554759 0.185798 0.9487052 0.2558079 0.5617623 0.5617623 -0.6073271 0.6844886 0.6844886 0.2508998 0.771031 0.1529304 -0.6181614 0.7273916 0.3012843 -0.6165463 0.9482489 0.1891859 0.2550149 0.8944766 0.3704987 0.250285 0.771031 -0.1529304 -0.6181614 0.9482489 -0.1891859 0.2550149 0.653414 -0.4351719 -0.6194157 0.8030523 -0.5385117 0.2551712 0.4365834 -0.6502514 -0.621746 0.5351231 -0.8052176 0.2554759 0.1543352 -0.7653894 -0.6247878 0.185798 -0.9487052 0.2558079 -0.1543352 -0.7653894 -0.6247878 -0.185798 -0.9487052 0.2558079 -0.4365834 -0.6502514 -0.621746 -0.5351231 -0.8052176 0.2554759 -0.653414 -0.4351719 -0.6194157 -0.8030523 -0.5385117 0.2551712 -0.771031 -0.1529304 -0.6181614 -0.9482489 -0.1891859 0.2550149 -0.771031 0.1529304 -0.6181614 -0.9482489 0.1891859 0.2550149 -0.653414 0.4351719 -0.6194157 -0.8030523 0.5385117 0.2551712 -0.4365834 0.6502514 -0.621746 -0.5351231 0.8052176 0.2554759 -0.1543352 0.7653894 -0.6247878 -0.185798 0.9487052 0.2558079 0 0 -1 0.1989822 0.9477294 -0.2494298 -0.1989822 0.9477294 -0.2494298 0.1796036 0.9511824 -0.2509874 -0.1796036 0.9511824 -0.2509874 0.5491088 0.8059619 -0.221145 0.5349016 0.8151549 -0.2222678 0.6921439 0.6921439 -0.2046309 0.9638288 0.1895856 -0.1873272 0.9075825 0.3759365 -0.1869916 0.9630342 0.1935224 -0.187388 0.9638288 -0.1895856 -0.1873272 0.9630342 -0.1935224 -0.187388 0.8180781 -0.5394951 -0.199232 0.8116294 -0.54895 -0.1997791 0.5491088 -0.8059619 -0.221145 0.5349016 -0.8151549 -0.2222678 0.1989822 -0.9477294 -0.2494298 0.1796036 -0.9511824 -0.2509874 -0.1989822 -0.9477294 -0.2494298 -0.1796036 -0.9511824 -0.2509874 -0.5491088 -0.8059619 -0.221145 -0.5349016 -0.8151549 -0.2222678 -0.8180781 -0.5394951 -0.199232 -0.8116294 -0.54895 -0.1997791 -0.9638288 -0.1895856 -0.1873272 -0.9630342 -0.1935224 -0.187388 -0.9638288 0.1895856 -0.1873272 -0.9630342 0.1935224 -0.187388 -0.8180781 0.5394951 -0.199232 -0.8116294 0.54895 -0.1997791 -0.5491088 0.8059619 -0.221145 -0.5348798 0.8151682 -0.2222714 0.7840104 0.1583036 0.6002231 0.7422207 0.3074173 0.5954856 0.638789 0.1270498 0.7588194 0.6084277 0.2519957 0.7525385 0.7840104 -0.1583036 0.6002231 0.638789 -0.1270498 0.7588194 0.6678559 -0.4542812 0.5895737 0.5415315 -0.3618348 0.7588277 0.4481726 -0.6893039 0.5692113 0.3618348 -0.5415315 0.7588277 0.1516201 -0.8269523 0.5414438 0.1270498 -0.638789 0.7588194 -0.1516201 -0.8269523 0.5414438 -0.1270498 -0.638789 0.7588194 -0.4481726 -0.6893039 0.5692113 -0.3618348 -0.5415315 0.7588277 -0.6678559 -0.4542812 0.5895737 -0.5415315 -0.3618348 0.7588277 -0.7840104 -0.1583036 0.6002231 -0.638789 -0.1270498 0.7588194 -0.7840104 0.1583036 0.6002231 -0.638789 0.1270498 0.7588194 -0.6678559 0.4542812 0.5895737 -0.5415315 0.3618348 0.7588277 -0.4438682 0.6977251 0.5622819 -0.3618348 0.5415315 0.7588277 -0.1623314 0.8314028 0.53143 -0.1270498 0.638789 0.7588194 0.1623314 0.8314028 0.53143 0.1270498 0.638789 0.7588194 0.4438682 0.6977251 0.5622819 0.3618348 0.5415315 0.7588277 0.5812904 0.5812904 0.5693882 0.4656615 0.4656615 0.7525416 0.5121126 0.7613325 0.3976349 0.6518951 0.6518951 0.3873831 0.8537437 0.3536258 0.3821917 0.9042392 0.1791754 0.3876183 0.9042392 -0.1791754 0.3876183 0.7662822 -0.5097053 0.3911677 0.5121126 -0.7613325 0.3976349 0.1815582 -0.8956447 0.4060264 -0.1815582 -0.8956447 0.4060264 -0.5121126 -0.7613325 0.3976349 -0.7662822 -0.5097053 0.3911677 -0.9042392 -0.1791754 0.3876183 -0.9042392 0.1791754 0.3876183 -0.7662822 0.5097053 0.3911677 -0.5121126 0.7613325 0.3976349 -0.1815582 0.8956447 0.4060264 0.1815582 0.8956447 0.4060264</float_array>
          <technique_common>
            <accessor source="#ob0008_00_buttonSkin-mesh-normals-array" count="157" stride="3">
              <param name="X" type="float"/>
              <param name="Y" type="float"/>
              <param name="Z" type="float"/>
            </accessor>
          </technique_common>
        </source>
        <source id="ob0008_00_buttonSkin-mesh-map-0">
          <float_array id="ob0008_00_buttonSkin-mesh-map-0-array" count="1632">0.9638658 0.8181103 0.9638658 0.8141716 0.9889717 0.8181106 0.9889717 0.8181106 0.9638658 0.8141716 0.9889717 0.8141719 0.9387598 0.8181105 0.9387598 0.8141717 0.9638658 0.8181103 0.9638658 0.8181103 0.9387598 0.8141717 0.9638658 0.8141716 0.9387598 0.8181105 0.9136542 0.8181105 0.9387598 0.8141717 0.9387598 0.8141717 0.9136542 0.8181105 0.9136542 0.8141718 0.9136542 0.8181105 0.888548 0.8181105 0.9136542 0.8141718 0.9136542 0.8141718 0.888548 0.8181105 0.888548 0.8141717 0.888548 0.8181105 0.863442 0.8181105 0.888548 0.8141717 0.888548 0.8141717 0.863442 0.8181105 0.863442 0.8141717 0.863442 0.8181105 0.8383363 0.8181105 0.863442 0.8141717 0.863442 0.8141717 0.8383363 0.8181105 0.8383363 0.8141717 0.8383363 0.8181105 0.8132303 0.8181105 0.8383363 0.8141717 0.8383363 0.8141717 0.8132303 0.8181105 0.8132303 0.8141717 0.7881244 0.8181102 0.7881244 0.8141714 0.8132303 0.8181105 0.8132303 0.8181105 0.7881244 0.8141714 0.8132303 0.8141717 0.7630185 0.8181102 0.7630185 0.8141714 0.7881244 0.8181102 0.7881244 0.8181102 0.7630185 0.8141714 0.7881244 0.8141714 0.7379126 0.8181102 0.7379125 0.8141715 0.7630185 0.8181102 0.7630185 0.8181102 0.7379125 0.8141715 0.7630185 0.8141714 0.7379126 0.8181102 0.7128066 0.8181104 0.7379125 0.8141715 0.7379125 0.8141715 0.7128066 0.8181104 0.7128066 0.8141717 0.7128066 0.8181104 0.6877007 0.8181104 0.7128066 0.8141717 0.7128066 0.8141717 0.6877007 0.8181104 0.6877007 0.8141717 0.6877007 0.8181104 0.6625948 0.8181104 0.6877007 0.8141717 0.6877007 0.8141717 0.6625948 0.8181104 0.6625948 0.8141717 0.6625948 0.8181104 0.6374888 0.8181104 0.6625948 0.8141717 0.6625948 0.8141717 0.6374888 0.8181104 0.6374888 0.8141717 0.6374888 0.8181104 0.6123827 0.8181104 0.6374888 0.8141717 0.6374888 0.8141717 0.6123827 0.8181104 0.6123827 0.8141717 0.5872766 0.8181105 0.5872766 0.8141717 0.6123827 0.8181104 0.6123827 0.8181104 0.5872766 0.8141717 0.6123827 0.8141717 0.6308175 0.5191918 0.6166879 0.553212 0.5919169 0.5114153 0.5919169 0.5114153 0.6166879 0.553212 0.5837243 0.5311409 0.6166879 0.553212 0.5906151 0.5792354 0.5837243 0.5311409 0.5837243 0.5311409 0.5906151 0.5792354 0.5686066 0.5462296 0.5906151 0.5792354 0.5565676 0.5933002 0.5686066 0.5462296 0.5686066 0.5462296 0.5565676 0.5933002 0.5488655 0.5543845 0.5565676 0.5933002 0.5197298 0.5932649 0.5488655 0.5543845 0.5488655 0.5543845 0.5197298 0.5932649 0.5275064 0.5543641 0.5197298 0.5932649 0.4857097 0.5791354 0.5275064 0.5543641 0.5275064 0.5543641 0.4857097 0.5791354 0.5077809 0.5461716 0.4857097 0.5791354 0.4596865 0.5530625 0.5077809 0.5461716 0.5077809 0.5461716 0.4596865 0.5530625 0.492692 0.531054 0.4596865 0.5530625 0.4456216 0.5190151 0.492692 0.531054 0.492692 0.531054 0.4456216 0.5190151 0.4845371 0.511313 0.4456216 0.5190151 0.4456567 0.4821772 0.4845371 0.511313 0.4845371 0.511313 0.4456567 0.4821772 0.4845575 0.4899538 0.4456567 0.4821772 0.4597864 0.4481572 0.4845575 0.4899538 0.4845575 0.4899538 0.4597864 0.4481572 0.4927502 0.4702283 0.4597864 0.4481572 0.4858594 0.4221338 0.4927502 0.4702283 0.4927502 0.4702283 0.4858594 0.4221338 0.5078678 0.4551395 0.4858594 0.4221338 0.5199068 0.4080689 0.5078678 0.4551395 0.5078678 0.4551395 0.5199068 0.4080689 0.5276089 0.4469846 0.5199068 0.4080689 0.5567445 0.4081041 0.5276089 0.4469846 0.5276089 0.4469846 0.5567445 0.4081041 0.548968 0.4470049 0.5567445 0.4081041 0.5907646 0.4222338 0.548968 0.4470049 0.548968 0.4470049 0.5907646 0.4222338 0.5686935 0.4551976 0.5907646 0.4222338 0.616788 0.4483069 0.5686935 0.4551976 0.5686935 0.4551976 0.616788 0.4483069 0.5837823 0.4703152 0.616788 0.4483069 0.6308526 0.4823539 0.5837823 0.4703152 0.5837823 0.4703152 0.6308526 0.4823539 0.5919371 0.4900562 0.6308526 0.4823539 0.6308175 0.5191918 0.5919371 0.4900562 0.5919371 0.4900562 0.6308175 0.5191918 0.5919169 0.5114153 0.5919169 0.5114153 0.5837243 0.5311409 0.5373868 0.4963885 0.5837243 0.5311409 0.5686066 0.5462296 0.5373868 0.4963885 0.5686066 0.5462296 0.5488655 0.5543845 0.5373868 0.4963885 0.5488655 0.5543845 0.5275064 0.5543641 0.5373868 0.4963885 0.5275064 0.5543641 0.5077809 0.5461716 0.5373868 0.4963885 0.5077809 0.5461716 0.492692 0.531054 0.5373868 0.4963885 0.492692 0.531054 0.4845371 0.511313 0.5373868 0.4963885 0.4845371 0.511313 0.4845575 0.4899538 0.5373868 0.4963885 0.4845575 0.4899538 0.4927502 0.4702283 0.5373868 0.4963885 0.4927502 0.4702283 0.5078678 0.4551395 0.5373868 0.4963885 0.5078678 0.4551395 0.5276089 0.4469846 0.5373868 0.4963885 0.5276089 0.4469846 0.548968 0.4470049 0.5373868 0.4963885 0.548968 0.4470049 0.5686935 0.4551976 0.5373868 0.4963885 0.5686935 0.4551976 0.5837823 0.4703152 0.5373868 0.4963885 0.5837823 0.4703152 0.5919371 0.4900562 0.5373868 0.4963885 0.5919371 0.4900562 0.5919169 0.5114153 0.5373868 0.4963885 0.9638658 0.7472054 0.9387598 0.7472054 0.9638658 0.7288259 0.9638658 0.7288259 0.9387598 0.7472054 0.9387598 0.7288259 0.9889717 0.7472054 0.9638658 0.7472054 0.9889717 0.7288257 0.9889717 0.7288257 0.9638658 0.7472054 0.9638658 0.7288259 0.6121801 0.7472054 0.5872766 0.7472054 0.6119772 0.7288258 0.6119772 0.7288258 0.5872766 0.7472054 0.5872766 0.7288258 0.6373269 0.7472053 0.6121801 0.7472054 0.6371648 0.7288258 0.6371648 0.7288258 0.6121801 0.7472054 0.6119772 0.7288258 0.6373269 0.7472053 0.6371648 0.7288258 0.662474 0.7472053 0.662474 0.7472053 0.6371648 0.7288258 0.6623522 0.7288258 0.662474 0.7472053 0.6623522 0.7288258 0.6876206 0.7472053 0.6876206 0.7472053 0.6623522 0.7288258 0.6875403 0.7288258 0.6876206 0.7472053 0.6875403 0.7288258 0.7127671 0.7472053 0.7127671 0.7472053 0.6875403 0.7288258 0.7127283 0.7288258 0.7379144 0.7472054 0.7127671 0.7472053 0.7379154 0.7288258 0.7379154 0.7288258 0.7127671 0.7472053 0.7127283 0.7288258 0.7630609 0.7472053 0.7379144 0.7472054 0.7631029 0.7288258 0.7631029 0.7288258 0.7379144 0.7472054 0.7379154 0.7288258 0.7882078 0.7472053 0.7630609 0.7472053 0.7882912 0.7288258 0.7882912 0.7288258 0.7630609 0.7472053 0.7631029 0.7288258 0.8133544 0.7472054 0.7882078 0.7472053 0.8134789 0.7288258 0.8134789 0.7288258 0.7882078 0.7472053 0.7882912 0.7288258 0.8385013 0.7472054 0.8133544 0.7472054 0.8386658 0.7288258 0.8386658 0.7288258 0.8133544 0.7472054 0.8134789 0.7288258 0.8385013 0.7472054 0.8386658 0.7288258 0.8636479 0.7472054 0.8636479 0.7472054 0.8386658 0.7288258 0.8638545 0.7288259 0.8636479 0.7472054 0.8638545 0.7288259 0.8887945 0.7472054 0.8887945 0.7472054 0.8638545 0.7288259 0.8890419 0.7288259 0.8887945 0.7472054 0.8890419 0.7288259 0.9139418 0.7472054 0.9139418 0.7472054 0.8890419 0.7288259 0.9142293 0.7288259 0.9387598 0.7472054 0.9139418 0.7472054 0.9387598 0.7288259 0.9387598 0.7288259 0.9139418 0.7472054 0.9142293 0.7288259 0.9387598 0.7585778 0.9387598 0.7472054 0.9638658 0.7585778 0.9638658 0.7585778 0.9387598 0.7472054 0.9638658 0.7472054 0.9638658 0.7585778 0.9638658 0.7472054 0.9889717 0.7585778 0.9889717 0.7585778 0.9638658 0.7472054 0.9889717 0.7472054 0.5872766 0.7585773 0.5872766 0.7472054 0.6123827 0.7585773 0.6123827 0.7585773 0.5872766 0.7472054 0.6121801 0.7472054 0.6374888 0.7585773 0.6123827 0.7585773 0.6373269 0.7472053 0.6373269 0.7472053 0.6123827 0.7585773 0.6121801 0.7472054 0.6625948 0.7585773 0.6374888 0.7585773 0.662474 0.7472053 0.662474 0.7472053 0.6374888 0.7585773 0.6373269 0.7472053 0.6877006 0.7585773 0.6625948 0.7585773 0.6876206 0.7472053 0.6876206 0.7472053 0.6625948 0.7585773 0.662474 0.7472053 0.7128065 0.7585773 0.6877006 0.7585773 0.7127671 0.7472053 0.7127671 0.7472053 0.6877006 0.7585773 0.6876206 0.7472053 0.7379124 0.7585773 0.7128065 0.7585773 0.7379144 0.7472054 0.7379144 0.7472054 0.7128065 0.7585773 0.7127671 0.7472053 0.7379124 0.7585773 0.7379144 0.7472054 0.7630185 0.7585773 0.7630185 0.7585773 0.7379144 0.7472054 0.7630609 0.7472053 0.7630185 0.7585773 0.7630609 0.7472053 0.7881244 0.7585773 0.7881244 0.7585773 0.7630609 0.7472053 0.7882078 0.7472053 0.7881244 0.7585773 0.7882078 0.7472053 0.8132303 0.7585773 0.8132303 0.7585773 0.7882078 0.7472053 0.8133544 0.7472054 0.8383363 0.7585773 0.8132303 0.7585773 0.8385013 0.7472054 0.8385013 0.7472054 0.8132303 0.7585773 0.8133544 0.7472054 0.8634421 0.7585776 0.8383363 0.7585773 0.8636479 0.7472054 0.8636479 0.7472054 0.8383363 0.7585773 0.8385013 0.7472054 0.888548 0.7585776 0.8634421 0.7585776 0.8887945 0.7472054 0.8887945 0.7472054 0.8634421 0.7585776 0.8636479 0.7472054 0.9136542 0.7585778 0.888548 0.7585776 0.9139418 0.7472054 0.9139418 0.7472054 0.888548 0.7585776 0.8887945 0.7472054 0.9387598 0.7585778 0.9136542 0.7585778 0.9387598 0.7472054 0.9387598 0.7472054 0.9136542 0.7585778 0.9139418 0.7472054 0.9387598 0.7841078 0.9136542 0.7841077 0.9387598 0.7585778 0.9387598 0.7585778 0.9136542 0.7841077 0.9136542 0.7585778 0.9638658 0.7841078 0.9387598 0.7841078 0.9638658 0.7585778 0.9638658 0.7585778 0.9387598 0.7841078 0.9387598 0.7585778 0.9889717 0.7841078 0.9638658 0.7841078 0.9889717 0.7585778 0.9889717 0.7585778 0.9638658 0.7841078 0.9638658 0.7585778 0.6123827 0.7841075 0.5872766 0.7841076 0.6123827 0.7585773 0.6123827 0.7585773 0.5872766 0.7841076 0.5872766 0.7585773 0.6374888 0.7841074 0.6123827 0.7841075 0.6374888 0.7585773 0.6374888 0.7585773 0.6123827 0.7841075 0.6123827 0.7585773 0.6374888 0.7841074 0.6374888 0.7585773 0.6625948 0.7841074 0.6625948 0.7841074 0.6374888 0.7585773 0.6625948 0.7585773 0.6625948 0.7841074 0.6625948 0.7585773 0.6877006 0.7841074 0.6877006 0.7841074 0.6625948 0.7585773 0.6877006 0.7585773 0.6877006 0.7841074 0.6877006 0.7585773 0.7128066 0.7841074 0.7128066 0.7841074 0.6877006 0.7585773 0.7128065 0.7585773 0.7379124 0.7841074 0.7128066 0.7841074 0.7379124 0.7585773 0.7379124 0.7585773 0.7128066 0.7841074 0.7128065 0.7585773 0.7630185 0.7841074 0.7379124 0.7841074 0.7630185 0.7585773 0.7630185 0.7585773 0.7379124 0.7841074 0.7379124 0.7585773 0.7881244 0.7841076 0.7630185 0.7841074 0.7881244 0.7585773 0.7881244 0.7585773 0.7630185 0.7841074 0.7630185 0.7585773 0.8132304 0.7841078 0.7881244 0.7841076 0.8132303 0.7585773 0.8132303 0.7585773 0.7881244 0.7841076 0.7881244 0.7585773 0.8383363 0.7841077 0.8132304 0.7841078 0.8383363 0.7585773 0.8383363 0.7585773 0.8132304 0.7841078 0.8132303 0.7585773 0.8383363 0.7841077 0.8383363 0.7585773 0.8634421 0.7841078 0.8634421 0.7841078 0.8383363 0.7585773 0.8634421 0.7585776 0.8634421 0.7841078 0.8634421 0.7585776 0.888548 0.7841078 0.888548 0.7841078 0.8634421 0.7585776 0.888548 0.7585776 0.888548 0.7841078 0.888548 0.7585776 0.9136542 0.7841077 0.9136542 0.7841077 0.888548 0.7585776 0.9136542 0.7585778 0.6123827 0.7962795 0.5872766 0.7962795 0.6123827 0.7841075 0.6123827 0.7841075 0.5872766 0.7962795 0.5872766 0.7841076 0.6374888 0.7962795 0.6123827 0.7962795 0.6374888 0.7841074 0.6374888 0.7841074 0.6123827 0.7962795 0.6123827 0.7841075 0.6625948 0.7962795 0.6374888 0.7962795 0.6625948 0.7841074 0.6625948 0.7841074 0.6374888 0.7962795 0.6374888 0.7841074 0.6877007 0.7962795 0.6625948 0.7962795 0.6877006 0.7841074 0.6877006 0.7841074 0.6625948 0.7962795 0.6625948 0.7841074 0.7128066 0.7962795 0.6877007 0.7962795 0.7128066 0.7841074 0.7128066 0.7841074 0.6877007 0.7962795 0.6877006 0.7841074 0.7379124 0.7962796 0.7128066 0.7962795 0.7379124 0.7841074 0.7379124 0.7841074 0.7128066 0.7962795 0.7128066 0.7841074 0.7630185 0.7962793 0.7379124 0.7962796 0.7630185 0.7841074 0.7630185 0.7841074 0.7379124 0.7962796 0.7379124 0.7841074 0.7881244 0.7962793 0.7630185 0.7962793 0.7881244 0.7841076 0.7881244 0.7841076 0.7630185 0.7962793 0.7630185 0.7841074 0.8132303 0.7962796 0.7881244 0.7962793 0.8132304 0.7841078 0.8132304 0.7841078 0.7881244 0.7962793 0.7881244 0.7841076 0.8383363 0.7962796 0.8132303 0.7962796 0.8383363 0.7841077 0.8383363 0.7841077 0.8132303 0.7962796 0.8132304 0.7841078 0.8634421 0.7962796 0.8383363 0.7962796 0.8634421 0.7841078 0.8634421 0.7841078 0.8383363 0.7962796 0.8383363 0.7841077 0.888548 0.7962796 0.8634421 0.7962796 0.888548 0.7841078 0.888548 0.7841078 0.8634421 0.7962796 0.8634421 0.7841078 0.9136543 0.7962795 0.888548 0.7962796 0.9136542 0.7841077 0.9136542 0.7841077 0.888548 0.7962796 0.888548 0.7841078 0.9387598 0.7962796 0.9136543 0.7962795 0.9387598 0.7841078 0.9387598 0.7841078 0.9136543 0.7962795 0.9136542 0.7841077 0.9638658 0.7962796 0.9387598 0.7962796 0.9638658 0.7841078 0.9638658 0.7841078 0.9387598 0.7962796 0.9387598 0.7841078 0.9889717 0.7962797 0.9638658 0.7962796 0.9889717 0.7841078 0.9889717 0.7841078 0.9638658 0.7962796 0.9638658 0.7841078 0.9638658 0.7288259 0.9638658 0.7190892 0.9889717 0.7288257 0.9889717 0.7288257 0.9638658 0.7190892 0.9889717 0.7190892 0.5872766 0.7288258 0.5872766 0.7190894 0.6119772 0.7288258 0.6119772 0.7288258 0.5872766 0.7190894 0.6119772 0.7190894 0.6371648 0.7288258 0.6119772 0.7288258 0.6371648 0.7190894 0.6371648 0.7190894 0.6119772 0.7288258 0.6119772 0.7190894 0.6623522 0.7288258 0.6371648 0.7288258 0.6623522 0.7190894 0.6623522 0.7190894 0.6371648 0.7288258 0.6371648 0.7190894 0.6875403 0.7288258 0.6623522 0.7288258 0.6875403 0.7190894 0.6875403 0.7190894 0.6623522 0.7288258 0.6623522 0.7190894 0.7127283 0.7288258 0.6875403 0.7288258 0.7127283 0.7190894 0.7127283 0.7190894 0.6875403 0.7288258 0.6875403 0.7190894 0.7379154 0.7288258 0.7127283 0.7288258 0.7379154 0.7190894 0.7379154 0.7190894 0.7127283 0.7288258 0.7127283 0.7190894 0.7379154 0.7288258 0.7379154 0.7190894 0.7631029 0.7288258 0.7631029 0.7288258 0.7379154 0.7190894 0.7631029 0.7190894 0.7631029 0.7288258 0.7631029 0.7190894 0.7882912 0.7288258 0.7882912 0.7288258 0.7631029 0.7190894 0.7882906 0.7190894 0.7882912 0.7288258 0.7882906 0.7190894 0.8134789 0.7288258 0.8134789 0.7288258 0.7882906 0.7190894 0.8134789 0.7190894 0.8386658 0.7288258 0.8134789 0.7288258 0.8386658 0.7190892 0.8386658 0.7190892 0.8134789 0.7288258 0.8134789 0.7190894 0.8638545 0.7288259 0.8386658 0.7288258 0.8638545 0.7190892 0.8638545 0.7190892 0.8386658 0.7288258 0.8386658 0.7190892 0.8890419 0.7288259 0.8638545 0.7288259 0.8890419 0.7190892 0.8890419 0.7190892 0.8638545 0.7288259 0.8638545 0.7190892 0.9142293 0.7288259 0.8890419 0.7288259 0.9142293 0.7190892 0.9142293 0.7190892 0.8890419 0.7288259 0.8890419 0.7190892 0.9387598 0.7288259 0.9142293 0.7288259 0.9387598 0.7190892 0.9387598 0.7190892 0.9142293 0.7288259 0.9142293 0.7190892 0.9387598 0.7288259 0.9387598 0.7190892 0.9638658 0.7288259 0.9638658 0.7288259 0.9387598 0.7190892 0.9638658 0.7190892 0.9638658 0.8141716 0.9387598 0.8141717 0.9638658 0.7962796 0.9638658 0.7962796 0.9387598 0.8141717 0.9387598 0.7962796 0.9889717 0.8141719 0.9638658 0.8141716 0.9889717 0.7962797 0.9889717 0.7962797 0.9638658 0.8141716 0.9638658 0.7962796 0.6123827 0.8141717 0.5872766 0.8141717 0.6123827 0.7962795 0.6123827 0.7962795 0.5872766 0.8141717 0.5872766 0.7962795 0.6374888 0.8141717 0.6123827 0.8141717 0.6374888 0.7962795 0.6374888 0.7962795 0.6123827 0.8141717 0.6123827 0.7962795 0.6374888 0.8141717 0.6374888 0.7962795 0.6625948 0.8141717 0.6625948 0.8141717 0.6374888 0.7962795 0.6625948 0.7962795 0.6625948 0.8141717 0.6625948 0.7962795 0.6877007 0.8141717 0.6877007 0.8141717 0.6625948 0.7962795 0.6877007 0.7962795 0.6877007 0.8141717 0.6877007 0.7962795 0.7128066 0.8141717 0.7128066 0.8141717 0.6877007 0.7962795 0.7128066 0.7962795 0.7379125 0.8141715 0.7128066 0.8141717 0.7379124 0.7962796 0.7379124 0.7962796 0.7128066 0.8141717 0.7128066 0.7962795 0.7630185 0.8141714 0.7379125 0.8141715 0.7630185 0.7962793 0.7630185 0.7962793 0.7379125 0.8141715 0.7379124 0.7962796 0.7881244 0.8141714 0.7630185 0.8141714 0.7881244 0.7962793 0.7881244 0.7962793 0.7630185 0.8141714 0.7630185 0.7962793 0.8132303 0.8141717 0.7881244 0.8141714 0.8132303 0.7962796 0.8132303 0.7962796 0.7881244 0.8141714 0.7881244 0.7962793 0.8383363 0.8141717 0.8132303 0.8141717 0.8383363 0.7962796 0.8383363 0.7962796 0.8132303 0.8141717 0.8132303 0.7962796 0.8383363 0.8141717 0.8383363 0.7962796 0.863442 0.8141717 0.863442 0.8141717 0.8383363 0.7962796 0.8634421 0.7962796 0.863442 0.8141717 0.8634421 0.7962796 0.888548 0.8141717 0.888548 0.8141717 0.8634421 0.7962796 0.888548 0.7962796 0.888548 0.8141717 0.888548 0.7962796 0.9136542 0.8141718 0.9136542 0.8141718 0.888548 0.7962796 0.9136543 0.7962795 0.9387598 0.8141717 0.9136542 0.8141718 0.9387598 0.7962796 0.9387598 0.7962796 0.9136542 0.8141718 0.9136543 0.7962795</float_array>
          <technique_common>
            <accessor source="#ob0008_00_buttonSkin-mesh-map-0-array" count="816" stride="2">
              <param name="S" type="float"/>
              <param name="T" type="float"/>
            </accessor>
          </technique_common>
        </source>
        <vertices id="ob0008_00_buttonSkin-mesh-vertices">
          <input semantic="POSITION" source="#ob0008_00_buttonSkin-mesh-positions"/>
        </vertices>
        <polylist material="obj01-material" count="272">
          <input semantic="VERTEX" source="#ob0008_00_buttonSkin-mesh-vertices" offset="0"/>
          <input semantic="NORMAL" source="#ob0008_00_buttonSkin-mesh-normals" offset="1"/>
          <input semantic="TEXCOORD" source="#ob0008_00_buttonSkin-mesh-map-0" offset="2" set="0"/>
          <vcount>3 3 3 3 3 3 3 3 3 3 3 3 3 3 3 3 3 3 3 3 3 3 3 3 3 3 3 3 3 3 3 3 3 3 3 3 3 3 3 3 3 3 3 3 3 3 3 3 3 3 3 3 3 3 3 3 3 3 3 3 3 3 3 3 3 3 3 3 3 3 3 3 3 3 3 3 3 3 3 3 3 3 3 3 3 3 3 3 3 3 3 3 3 3 3 3 3 3 3 3 3 3 3 3 3 3 3 3 3 3 3 3 3 3 3 3 3 3 3 3 3 3 3 3 3 3 3 3 3 3 3 3 3 3 3 3 3 3 3 3 3 3 3 3 3 3 3 3 3 3 3 3 3 3 3 3 3 3 3 3 3 3 3 3 3 3 3 3 3 3 3 3 3 3 3 3 3 3 3 3 3 3 3 3 3 3 3 3 3 3 3 3 3 3 3 3 3 3 3 3 3 3 3 3 3 3 3 3 3 3 3 3 3 3 3 3 3 3 3 3 3 3 3 3 3 3 3 3 3 3 3 3 3 3 3 3 3 3 3 3 3 3 3 3 3 3 3 3 3 3 3 3 3 3 3 3 3 3 3 3 3 3 3 3 3 3 3 3 3 3 3 3 </vcount>
          <p>0 0 0 1 1 1 2 2 2 2 2 3 1 1 4 3 3 5 4 4 6 5 5 7 0 0 8 0 0 9 5 5 10 1 1 11 4 4 12 6 6 13 5 5 14 5 5 15 6 6 16 7 7 17 6 6 18 8 8 19 7 7 20 7 7 21 8 8 22 9 9 23 8 8 24 10 10 25 9 9 26 9 9 27 10 10 28 11 11 29 10 10 30 12 12 31 11 11 32 11 11 33 12 12 34 13 13 35 12 12 36 14 14 37 13 13 38 13 13 39 14 14 40 15 15 41 16 16 42 17 17 43 14 14 44 14 14 45 17 17 46 15 15 47 18 18 48 19 19 49 16 16 50 16 16 51 19 19 52 17 17 53 20 20 54 21 21 55 18 18 56 18 18 57 21 21 58 19 19 59 20 20 60 22 22 61 21 21 62 21 21 63 22 22 64 23 23 65 22 22 66 24 24 67 23 23 68 23 23 69 24 24 70 25 25 71 24 24 72 26 26 73 25 25 74 25 25 75 26 26 76 27 27 77 26 26 78 28 28 79 27 27 80 27 27 81 28 28 82 29 29 83 28 28 84 30 30 85 29 29 86 29 29 87 30 30 88 31 31 89 32 32 90 33 33 91 30 30 92 30 30 93 33 33 94 31 31 95 34 34 96 35 34 97 36 34 98 36 34 99 35 34 100 37 34 101 35 34 102 38 34 103 37 34 104 37 34 105 38 34 106 39 34 107 38 34 108 40 34 109 39 34 110 39 34 111 40 34 112 41 34 113 40 34 114 42 34 115 41 34 116 41 34 117 42 34 118 43 34 119 42 34 120 44 34 121 43 34 122 43 34 123 44 34 124 45 34 125 44 34 126 46 34 127 45 34 128 45 34 129 46 34 130 47 34 131 46 34 132 48 34 133 47 34 134 47 34 135 48 34 136 49 34 137 48 34 138 50 34 139 49 34 140 49 34 141 50 34 142 51 34 143 50 34 144 52 34 145 51 34 146 51 34 147 52 34 148 53 34 149 52 34 150 54 34 151 53 34 152 53 34 153 54 34 154 55 34 155 54 34 156 56 34 157 55 34 158 55 34 159 56 34 160 57 34 161 56 34 162 58 34 163 57 34 164 57 34 165 58 34 166 59 34 167 58 34 168 60 34 169 59 34 170 59 34 171 60 34 172 61 34 173 60 34 174 62 34 175 61 34 176 61 34 177 62 34 178 63 34 179 62 34 180 64 34 181 63 34 182 63 34 183 64 34 184 65 34 185 64 34 186 34 34 187 65 34 188 65 34 189 34 34 190 36 34 191 36 34 192 37 34 193 66 34 194 37 34 195 39 34 196 66 34 197 39 34 198 41 34 199 66 34 200 41 34 201 43 34 202 66 34 203 43 34 204 45 34 205 66 34 206 45 35 207 47 35 208 66 35 209 47 36 210 49 36 211 66 36 212 49 34 213 51 34 214 66 34 215 51 34 216 53 34 217 66 34 218 53 34 219 55 34 220 66 34 221 55 34 222 57 34 223 66 34 224 57 34 225 59 34 226 66 34 227 59 37 228 61 37 229 66 37 230 61 38 231 63 38 232 66 38 233 63 34 234 65 34 235 66 34 236 65 34 237 36 34 238 66 34 239 67 39 240 68 40 241 69 41 242 69 41 243 68 40 244 70 42 245 71 43 246 67 39 247 72 44 248 72 44 249 67 39 250 69 41 251 73 45 252 74 46 253 75 47 254 75 47 255 74 46 256 76 48 257 77 49 258 73 45 259 78 50 260 78 50 261 73 45 262 75 47 263 77 49 264 78 50 265 79 51 266 79 51 267 78 50 268 80 52 269 79 51 270 80 52 271 81 53 272 81 53 273 80 52 274 82 54 275 81 53 276 82 54 277 83 55 278 83 55 279 82 54 280 84 56 281 85 57 282 83 55 283 86 58 284 86 58 285 83 55 286 84 56 287 87 59 288 85 57 289 88 60 290 88 60 291 85 57 292 86 58 293 89 61 294 87 59 295 90 62 296 90 62 297 87 59 298 88 60 299 91 63 300 89 61 301 92 64 302 92 64 303 89 61 304 90 62 305 93 65 306 91 63 307 94 66 308 94 66 309 91 63 310 92 64 311 93 65 312 94 66 313 95 67 314 95 67 315 94 66 316 96 68 317 95 67 318 96 68 319 97 69 320 97 69 321 96 68 322 98 70 323 97 69 324 98 70 325 99 71 326 99 71 327 98 70 328 100 72 329 68 40 330 99 71 331 70 42 332 70 42 333 99 71 334 100 72 335 101 73 336 68 40 337 102 73 338 102 73 339 68 40 340 67 39 341 102 73 342 67 39 343 103 73 344 103 73 345 67 39 346 71 43 347 104 73 348 74 46 349 105 73 350 105 73 351 74 46 352 73 45 353 106 73 354 105 73 355 77 49 356 77 49 357 105 73 358 73 45 359 107 73 360 106 73 361 79 51 362 79 51 363 106 73 364 77 49 365 108 73 366 107 73 367 81 53 368 81 53 369 107 73 370 79 51 371 109 73 372 108 73 373 83 55 374 83 55 375 108 73 376 81 53 377 110 73 378 109 73 379 85 57 380 85 57 381 109 73 382 83 55 383 110 73 384 85 57 385 111 73 386 111 73 387 85 57 388 87 59 389 111 73 390 87 59 391 112 73 392 112 73 393 87 59 394 89 61 395 112 73 396 89 61 397 113 73 398 113 73 399 89 61 400 91 63 401 114 73 402 113 73 403 93 65 404 93 65 405 113 73 406 91 63 407 115 73 408 114 73 409 95 67 410 95 67 411 114 73 412 93 65 413 116 73 414 115 73 415 97 69 416 97 69 417 115 73 418 95 67 419 117 73 420 116 73 421 99 71 422 99 71 423 116 73 424 97 69 425 101 73 426 117 73 427 68 40 428 68 40 429 117 73 430 99 71 431 118 74 432 119 75 433 120 76 434 120 76 435 119 75 436 121 77 437 122 78 438 118 74 439 123 79 440 123 79 441 118 74 442 120 76 443 124 80 444 122 78 445 125 80 446 125 80 447 122 78 448 123 79 449 126 81 450 127 82 451 128 83 452 128 83 453 127 82 454 129 82 455 130 84 456 126 81 457 131 85 458 131 85 459 126 81 460 128 83 461 130 84 462 131 85 463 132 86 464 132 86 465 131 85 466 133 87 467 132 86 468 133 87 469 134 88 470 134 88 471 133 87 472 135 89 473 134 88 474 135 89 475 136 90 476 136 90 477 135 89 478 137 91 479 138 92 480 136 90 481 139 93 482 139 93 483 136 90 484 137 91 485 140 94 486 138 92 487 141 95 488 141 95 489 138 92 490 139 93 491 142 96 492 140 94 493 143 97 494 143 97 495 140 94 496 141 95 497 144 98 498 142 96 499 145 99 500 145 99 501 142 96 502 143 97 503 146 100 504 144 98 505 147 101 506 147 101 507 144 98 508 145 99 509 146 100 510 147 101 511 148 102 512 148 102 513 147 101 514 149 103 515 148 102 516 149 103 517 150 104 518 150 104 519 149 103 520 151 105 521 150 104 522 151 105 523 119 75 524 119 75 525 151 105 526 121 77 527 152 106 528 153 107 529 154 108 530 154 108 531 153 107 532 155 109 533 156 110 534 152 106 535 157 111 536 157 111 537 152 106 538 154 108 539 158 112 540 156 110 541 159 113 542 159 113 543 156 110 544 157 111 545 160 114 546 158 112 547 161 115 548 161 115 549 158 112 550 159 113 551 162 116 552 160 114 553 163 117 554 163 117 555 160 114 556 161 115 557 164 118 558 162 116 559 165 119 560 165 119 561 162 116 562 163 117 563 166 120 564 164 118 565 167 121 566 167 121 567 164 118 568 165 119 569 168 122 570 166 120 571 169 123 572 169 123 573 166 120 574 167 121 575 170 124 576 168 122 577 171 125 578 171 125 579 168 122 580 169 123 581 172 126 582 170 124 583 173 127 584 173 127 585 170 124 586 171 125 587 174 128 588 172 126 589 175 129 590 175 129 591 172 126 592 173 127 593 176 130 594 174 128 595 177 131 596 177 131 597 174 128 598 175 129 599 178 132 600 176 130 601 179 133 602 179 133 603 176 130 604 177 131 605 180 134 606 178 132 607 181 135 608 181 135 609 178 132 610 179 133 611 182 136 612 180 134 613 183 137 614 183 137 615 180 134 616 181 135 617 184 138 618 182 136 619 185 139 620 185 139 621 182 136 622 183 137 623 69 41 624 186 140 625 72 44 626 72 44 627 186 140 628 187 141 629 76 48 630 188 142 631 75 47 632 75 47 633 188 142 634 189 143 635 78 50 636 75 47 637 190 144 638 190 144 639 75 47 640 189 143 641 80 52 642 78 50 643 191 145 644 191 145 645 78 50 646 190 144 647 82 54 648 80 52 649 192 146 650 192 146 651 80 52 652 191 145 653 84 56 654 82 54 655 193 147 656 193 147 657 82 54 658 192 146 659 86 58 660 84 56 661 194 148 662 194 148 663 84 56 664 193 147 665 86 58 666 194 148 667 88 60 668 88 60 669 194 148 670 195 149 671 88 60 672 195 149 673 90 62 674 90 62 675 195 149 676 196 150 677 90 62 678 196 150 679 92 64 680 92 64 681 196 150 682 197 151 683 94 66 684 92 64 685 198 152 686 198 152 687 92 64 688 197 151 689 96 68 690 94 66 691 199 153 692 199 153 693 94 66 694 198 152 695 98 70 696 96 68 697 200 154 698 200 154 699 96 68 700 199 153 701 100 72 702 98 70 703 201 155 704 201 155 705 98 70 706 200 154 707 70 42 708 100 72 709 202 156 710 202 156 711 100 72 712 201 155 713 70 42 714 202 156 715 69 41 716 69 41 717 202 156 718 186 140 719 1 1 720 5 5 721 182 136 722 182 136 723 5 5 724 180 134 725 3 3 726 1 1 727 184 138 728 184 138 729 1 1 730 182 136 731 31 31 732 33 33 733 152 106 734 152 106 735 33 33 736 153 107 737 29 29 738 31 31 739 156 110 740 156 110 741 31 31 742 152 106 743 29 29 744 156 110 745 27 27 746 27 27 747 156 110 748 158 112 749 27 27 750 158 112 751 25 25 752 25 25 753 158 112 754 160 114 755 25 25 756 160 114 757 23 23 758 23 23 759 160 114 760 162 116 761 21 21 762 23 23 763 164 118 764 164 118 765 23 23 766 162 116 767 19 19 768 21 21 769 166 120 770 166 120 771 21 21 772 164 118 773 17 17 774 19 19 775 168 122 776 168 122 777 19 19 778 166 120 779 15 15 780 17 17 781 170 124 782 170 124 783 17 17 784 168 122 785 13 13 786 15 15 787 172 126 788 172 126 789 15 15 790 170 124 791 13 13 792 172 126 793 11 11 794 11 11 795 172 126 796 174 128 797 11 11 798 174 128 799 9 9 800 9 9 801 174 128 802 176 130 803 9 9 804 176 130 805 7 7 806 7 7 807 176 130 808 178 132 809 5 5 810 7 7 811 180 134 812 180 134 813 7 7 814 178 132 815</p>
        </polylist>
      </mesh>
    </geometry>
    <geometry id="ob0008_00_balllowerSkin-mesh" name="ob0008_00_balllowerSkin">
      <mesh>
        <source id="ob0008_00_balllowerSkin-mesh-positions">
          <float_array id="ob0008_00_balllowerSkin-mesh-positions-array" count="948">-2.104486 -0.2857243 3.645075 -1.73329 -0.2857243 3.813523 -1.733291 -0.2857243 3.000663 -3.224259 -0.2857243 2.705473 -2.632933 -0.2857243 2.612503 -1.841275 -0.2857243 2.612505 -3.955139 -0.2857243 1.439552 -3.460465 -0.2857243 1.244862 -4.20897 -0.2857243 -5.01748e-7 -3.682549 -0.2857243 -0.01464378 -3.955138 -0.2857243 -1.439554 -3.460465 -0.2857243 -1.27415 -3.224258 -0.2857243 -2.705475 -2.821 -0.2857243 -2.381742 -2.104484 -0.2857243 -3.645076 -1.841275 -0.2857243 -3.203822 -0.7308788 -0.2857243 -4.145027 -0.6394681 -0.2857243 -3.641242 0.7308801 -0.2857243 -4.145027 0.6394703 -0.2857243 -3.641242 1.841275 -0.2857243 2.612505 2.104486 -0.2857243 3.645076 2.632933 -0.2857243 2.612503 3.224259 -0.2857243 2.705474 3.460465 -0.2857243 1.244862 3.955139 -0.2857243 1.439552 4.208971 -0.2857243 0 3.682549 -0.2857243 -0.01464325 3.955139 -0.2857243 -1.439552 3.460465 -0.2857243 -1.274148 3.224259 -0.2857243 -2.705474 2.821 -0.2857243 -2.381739 2.104485 -0.2857243 -3.645075 1.841278 -0.2857243 -3.203822 0.7308801 -0.2857243 -4.145027 0.6394703 -0.2857243 -3.641242 -1.51068 -0.2857243 2.612505 1.51068 -0.2857243 2.612505 1.733291 -0.2857243 3.000663 1.73329 -0.2857243 3.813523 -1.73329 -0.2857243 3.813523 -1.660706 -0.6033443 3.813146 -1.733291 -0.2857243 3.000663 -1.660706 -0.6060646 3.000663 -1.35382 -1.135989 3.813875 -0.8836431 -1.530515 3.811999 -1.35382 -1.13599 3.000663 -0.8836431 -1.530515 3.000663 -0.3068863 -1.740437 3.811854 -0.3068863 -1.740437 3.000663 1.35382 -1.13599 3.813875 1.35382 -1.13599 3.000663 0.883643 -1.530515 3.811999 0.8836431 -1.530515 3.000663 1.660706 -0.6033445 3.813146 1.660706 -0.6060646 3.000663 0.3068861 -1.740437 3.811854 0.3068863 -1.740437 3.000663 2.912719 -1.476603 -1.697837 3.460465 -0.2857243 -1.274148 2.821 -0.2857243 -2.381739 1.707602 -1.474762 -2.973827 1.841278 -0.2857243 -3.203822 7.24666e-7 -1.474174 -3.379495 0.6394703 -0.2857243 -3.641242 -0.6394681 -0.2857243 -3.641242 7.24666e-7 -1.474174 -3.379495 -0.6394681 -0.2857243 -3.641242 -1.707599 -1.474762 -2.97383 -1.841275 -0.2857243 -3.203822 -2.912716 -1.476602 -1.697838 -2.821 -0.2857243 -2.381742 -3.460465 -0.2857243 -1.27415 -3.415198 -1.479032 -0.01618206 -3.682549 -0.2857243 -0.01464378 -2.912716 -1.481458 1.665474 -3.460465 -0.2857243 1.244862 -2.632933 -0.2857243 2.612503 -1.707602 -1.4833 2.529805 -1.841275 -0.2857243 2.612505 -1.51068 -0.2857243 2.612505 2.912716 -1.481457 1.665475 1.707599 -1.483301 2.529805 2.632933 -0.2857243 2.612503 1.841275 -0.2857243 2.612505 3.460465 -0.2857243 1.244862 3.415198 -1.479031 -0.01618134 3.682549 -0.2857243 -0.01464325 1.707602 -1.474762 -2.973827 1.306942 -2.67502 -2.281598 2.912719 -1.476603 -1.697837 2.229297 -2.676429 -1.304996 7.4537e-7 -2.674574 -2.592081 7.24666e-7 -1.474174 -3.379495 -1.707599 -1.474762 -2.97383 -1.30694 -2.67502 -2.281598 -2.229297 -2.676429 -1.304997 -2.912716 -1.476602 -1.697838 -3.415198 -1.479032 -0.01618206 -2.613883 -2.678287 -0.01791399 -2.229297 -2.680146 1.26917 -2.912716 -1.481458 1.665474 -1.306942 -2.681559 2.24577 -1.707602 -1.4833 2.529805 0 -2.682006 2.556257 0 -1.483888 2.529805 1.707599 -1.483301 2.529805 1.306942 -2.681559 2.24577 2.912716 -1.481457 1.665475 2.229297 -2.680146 1.26917 3.415198 -1.479031 -0.01618134 2.613883 -2.678287 -0.01791399 0.7073113 -3.477839 -1.244167 1.206488 -3.478599 -0.7156345 5.48675e-7 -3.477596 -1.4122 -0.7073113 -3.477839 -1.244167 -1.206487 -3.478599 -0.7156354 -1.414623 -3.479607 -0.01907056 -1.206487 -3.48061 0.6774952 -0.7073113 -3.481376 1.206029 -1.7599e-7 -3.481613 1.374058 0.7073113 -3.481376 1.206029 1.206487 -3.48061 0.6774952 1.414623 -3.479607 -0.01907056 0 -3.760992 -0.01947641 1.51068 -0.2857243 2.612505 0 -1.483888 2.529805 -1.35382 -1.13599 3.000663 -0.8836431 -1.530515 3.000663 1.35382 -1.13599 3.000663 0.8836431 -1.530515 3.000663 -0.3068863 -1.740437 3.000663 0.3068863 -1.740437 3.000663 1.73329 -0.2857243 3.813523 1.733291 -0.2857243 3.000663 -1.660706 -0.6060646 3.000663 1.660706 -0.6060646 3.000663 -1.733291 -0.2857243 3.000663 1.733291 -0.2857243 3.000663 0.6921087 -4.17705 -0.2519067 0.5642123 -4.17705 -0.47343 1.363188 -3.985694 -0.4961593 1.111281 -3.985694 -0.932475 0.7365266 -4.17705 0 1.450674 -3.985694 0 0 -4.241488 0 0.3682635 -4.17705 -0.6378506 0.7253374 -3.985694 -1.25632 1.992847 -3.673236 -0.7253363 1.624584 -3.673236 -1.363187 0.6921086 -4.17705 0.251907 1.363188 -3.985694 0.4961598 2.120744 -3.673236 0 0.1278967 -4.17705 -0.725337 0.2519074 -3.985694 -1.428635 1.060372 -3.673236 -1.836618 2.561955 -3.249168 -0.9324744 2.088526 -3.249168 -1.75248 0.5642121 -4.17705 0.4734302 1.111281 -3.985694 0.9324754 1.992847 -3.673236 0.7253371 2.726376 -3.249168 0 -0.1278963 -4.17705 -0.7253371 -0.2519065 -3.985694 -1.428635 0.3682639 -3.673236 -2.088525 1.363189 -3.249168 -2.36111 3.053219 -2.726375 -1.11128 2.489007 -2.726375 -2.088524 0.3682632 -4.17705 0.6378508 0.725337 -3.985694 1.256321 1.624584 -3.673236 1.363188 2.561955 -3.249168 0.9324754 3.249168 -2.726375 0 -0.3682631 -4.17705 -0.6378508 -0.7253367 -3.985694 -1.256321 -0.3682626 -3.673236 -2.088525 0.473431 -3.249168 -2.684956 1.624585 -2.726375 -2.813861 3.451713 -2.120744 -1.256319 2.813863 -2.120744 -2.36111 0.1278964 -4.17705 0.7253371 0.2519068 -3.985694 1.428635 1.060372 -3.673236 1.836618 2.088525 -3.249168 1.752481 3.053219 -2.726375 1.111281 3.673236 -2.120744 0 -0.564212 -4.17705 -0.4734303 -1.111281 -3.985694 -0.9324756 -1.060371 -3.673236 -1.836618 -0.4734293 -3.249168 -2.684956 0.5642131 -2.726375 -3.199805 1.836619 -2.120744 -3.181115 3.745328 -1.450674 -1.363186 3.05322 -1.450674 -2.561954 -0.1278966 -4.17705 0.7253371 -0.2519071 -3.985694 1.428635 0.3682631 -3.673236 2.088525 1.363188 -3.249168 2.361111 2.489007 -2.726375 2.088525 3.451713 -2.120744 1.256321 3.985694 -1.450674 0 -0.6921085 -4.17705 -0.2519071 -1.363188 -3.985694 -0.4961601 -1.624584 -3.673236 -1.363188 -1.363187 -3.249168 -2.361111 -0.5642111 -2.726375 -3.199806 0.6378519 -2.120744 -3.617431 1.992848 -1.450674 -3.451712 3.925143 -0.7365268 -1.428634 3.199806 -0.7365268 -2.684955 -0.3682634 -4.17705 0.6378507 -0.7253373 -3.985694 1.256321 -0.3682635 -3.673236 2.088525 0.4734299 -3.249168 2.684956 1.624584 -2.726375 2.813862 2.813862 -2.120744 2.361111 3.745327 -1.450674 1.363188 4.17705 -0.7365268 0 -0.7365265 -4.17705 -1.75602e-7 -1.450674 -3.985694 -3.45868e-7 -1.992847 -3.673236 -0.7253375 -2.088524 -3.249168 -1.752481 -1.624583 -2.726375 -2.813862 -0.6378496 -2.120744 -3.617431 1.836619 -2.120744 -3.181115 0.6378519 -2.120744 -3.617431 1.992848 -1.450674 -3.451712 0.6921098 -1.450674 -3.925142 2.088526 -0.7365268 -3.61743 3.955139 -0.2857243 -1.439552 3.224259 -0.2857243 -2.705474 -0.5642122 -4.17705 0.4734301 -1.111281 -3.985694 0.9324751 -1.060372 -3.673236 1.836618 -0.4734305 -3.249168 2.684956 0.5642118 -2.726375 3.199806 1.836618 -2.120744 3.181116 3.053219 -1.450674 2.561955 3.925143 -0.7365268 1.428635 4.208971 -0.2857243 0 -0.6921086 -4.17705 0.2519068 -1.363188 -3.985694 0.4961595 -2.120744 -3.673236 -5.05625e-7 -2.561955 -3.249168 -0.932476 -2.489007 -2.726375 -2.088526 -1.836617 -2.120744 -3.181116 -0.6378496 -2.120744 -3.617431 -0.6921074 -1.450674 -3.925143 2.088526 -0.7365268 -3.61743 0.7253384 -0.7365268 -4.11359 2.104485 -0.2857243 -3.645075 -1.624584 -3.673236 1.363187 -1.363188 -3.249168 2.36111 -0.5642125 -2.726375 3.199806 0.6378504 -2.120744 3.617431 1.992847 -1.450674 3.451713 3.199805 -0.7365268 2.684956 3.955139 -0.2857243 1.439552 -1.992847 -3.673236 0.7253367 -2.726375 -3.249168 -6.50019e-7 -3.053219 -2.726375 -1.111282 -2.813861 -2.120744 -2.361111 -1.836617 -2.120744 -3.181116 -1.992846 -1.450674 -3.451713 -0.7253358 -0.7365268 -4.113591 2.104485 -0.2857243 -3.645075 0.7308801 -0.2857243 -4.145027 -2.088525 -3.249168 1.75248 -1.624584 -2.726375 2.813862 -0.6378512 -2.120744 3.617431 0.883643 -1.530515 3.811999 2.088525 -0.7365268 3.617431 3.224259 -0.2857243 2.705474 -2.561955 -3.249168 0.9324748 -3.249168 -2.726375 -7.74662e-7 -3.451712 -2.120744 -1.256322 -1.992846 -1.450674 -3.451713 -3.053218 -1.450674 -2.561955 -2.088524 -0.7365268 -3.617431 -0.7308788 -0.2857243 -4.145027 -2.489007 -2.726375 2.088524 -1.836618 -2.120744 3.181116 -0.3068863 -1.740437 3.811854 0.3068861 -1.740437 3.811854 1.35382 -1.13599 3.813875 1.660706 -0.6033445 3.813146 2.104486 -0.2857243 3.645076 -3.053219 -2.726375 1.11128 -3.673236 -2.120744 -8.75768e-7 -3.745327 -1.450674 -1.363189 -2.088524 -0.7365268 -3.617431 -3.199805 -0.7365268 -2.684956 -2.104484 -0.2857243 -3.645076 -2.813862 -2.120744 2.36111 -0.8836431 -1.530515 3.811999 1.73329 -0.2857243 3.813523 -3.451713 -2.120744 1.25632 -3.985694 -1.450674 -9.50264e-7 -3.925142 -0.7365268 -1.428636 -2.104484 -0.2857243 -3.645076 -3.224258 -0.2857243 -2.705475 -3.053219 -1.450674 2.561954 -1.992848 -1.450674 3.451712 -1.35382 -1.135989 3.813875 -3.745328 -1.450674 1.363187 -4.177049 -0.7365268 -9.95886e-7 -3.955138 -0.2857243 -1.439554 -3.199806 -0.7365268 2.684955 -2.088525 -0.7365268 3.617431 -1.660706 -0.6033443 3.813146 -2.104486 -0.2857243 3.645075 -1.73329 -0.2857243 3.813523 -3.925143 -0.7365268 1.428634 -4.20897 -0.2857243 -5.01748e-7 -3.224259 -0.2857243 2.705473 -3.955139 -0.2857243 1.439552</float_array>
          <technique_common>
            <accessor source="#ob0008_00_balllowerSkin-mesh-positions-array" count="316" stride="3">
              <param name="X" type="float"/>
              <param name="Y" type="float"/>
              <param name="Z" type="float"/>
            </accessor>
          </technique_common>
        </source>
        <source id="ob0008_00_balllowerSkin-mesh-normals">
          <float_array id="ob0008_00_balllowerSkin-mesh-normals-array" count="852">0 1 0 0 1 0 0 1 0 0 1 0 0 1 0 0 1 1.61878e-7 0 1 0 0 1 0 0 1 0 0 1 0 0 1 0 0 1 0 0 1 0 0 1 0 0 1 0 0 1 0 0 1 0 0 1 0 0 1 0 0 1 0 0.9748736 0.2227593 0 0.9311813 0.3645557 -9.15586e-4 0.9751792 0.2214166 -5.49345e-4 0.9309808 0.3650678 -7.01936e-4 0.7661183 0.6426995 -4.88304e-4 0.5001434 0.8659426 0 0.765631 0.6432802 0 0.4999893 0.8660317 0 0.1736513 0.9848073 0 0.1736217 0.9848124 0 -0.7661183 0.6426995 -4.88304e-4 -0.765631 0.6432802 0 -0.5001434 0.8659426 0 -0.4999893 0.8660317 0 -0.9311813 0.3645557 -9.15586e-4 -0.9309808 0.3650678 -7.01936e-4 -0.1736513 0.9848073 0 -0.1736217 0.9848124 0 -0.8273742 0.2949676 0.4779604 -0.9091676 0.2588335 0.32622 -0.7370712 0.2588645 0.6242719 -0.4806702 0.2748823 0.832704 -0.4879999 0.2183029 0.8451036 -0.1197567 0.2745494 0.9540866 -0.1720954 0.2587993 0.9504769 0 0.2150655 0.9765996 0.2188228 0.3206961 0.9215588 0.2653906 0.2795208 0.922733 0.4806702 0.2748823 0.832704 0.4879999 0.2183029 0.8451036 0.8273742 0.2949676 0.4779604 0.7370712 0.2588645 0.6242719 0.9091676 0.2588335 0.32622 0.9614076 0.2751283 1.52595e-4 0.975813 0.2186073 -1.22076e-4 0.7912368 0.3342446 -0.5120791 0.9075756 0.2556581 -0.333085 0.5012481 0.2752531 -0.8203573 0.1806747 0.2060058 -0.9617268 0 0.06888061 -0.9976249 -0.7912368 0.3342446 -0.5120791 -0.1806747 0.2060058 -0.9617268 -0.5012481 0.2752531 -0.8203573 -0.9075756 0.2556581 -0.333085 -0.9614076 0.2751283 1.52595e-4 -0.975813 0.2186073 -1.22076e-4 -0.4157356 0.5545379 0.7208688 -0.3620766 0.6887513 0.6281102 -0.7234475 0.5490937 0.4184734 -0.6285139 0.6874467 0.3638508 0 0.6869282 0.7267253 0 0.5484872 0.8361591 0.4157356 0.5545379 0.7208688 0.3620766 0.6887513 0.6281102 0.6285139 0.6874467 0.3638508 0.7234475 0.5490937 0.4184734 0.8314674 0.5555731 7.93501e-4 0.7241544 0.6896374 9.76607e-4 0.6277478 0.6714817 -0.3937577 0.6854717 0.5489572 -0.4783042 0.3568034 0.5573776 -0.749681 0.3604994 0.3804288 -0.8516538 0 0.4326646 -0.9015551 0 0.09976661 -0.995011 -0.3604994 0.3804288 -0.8516538 -0.3568034 0.5573776 -0.749681 -0.6854717 0.5489572 -0.4783042 -0.6277478 0.6714817 -0.3937577 -0.8314674 0.5555731 7.93501e-4 -0.7241544 0.6896374 9.76607e-4 -0.2062808 0.9104251 0.3585728 -0.3564665 0.9110651 0.2071046 0 0.9107685 0.4129176 0.2062808 0.9104251 0.3585728 0.3564665 0.9110651 0.2071046 0.4125306 0.9109429 0.001312315 0.3564608 0.9116607 -0.2044766 0.20625 0.9114616 -0.3559476 0 0.9119661 -0.4102657 -0.20625 0.9114616 -0.3559476 -0.3564608 0.9116607 -0.2044766 -0.4125559 0.9109314 0.001312315 0 0.9999991 0.001434385 0 0.06885027 -0.9976271 0 0 1 -0.9748736 0.2227593 0 -0.9751792 0.2214166 -5.49345e-4 0.1719456 -0.9831177 -0.06256449 0.1401748 -0.9831157 -0.1176211 0.3293598 -0.9365637 -0.1198782 0.2685049 -0.9365627 -0.2252901 0.1829929 -0.9831143 0 0.350508 -0.9365597 0 0 -1 0 0.09149634 -0.9831128 -0.1584858 0.1752396 -0.9365649 -0.3035413 0.4765921 -0.8618395 -0.1734727 0.3885146 -0.8618432 -0.3260105 0.1719456 -0.9831177 0.06256449 0.3293598 -0.9365637 0.1198782 0.5071749 -0.8618432 0 0.0317704 -0.983114 -0.1802157 0.06085473 -0.9365656 -0.3451693 0.2535861 -0.8618387 -0.4392359 0.6092906 -0.7613081 -0.2217544 0.496703 -0.761306 -0.4167727 0.1401748 -0.9831157 0.1176211 0.2685049 -0.9365627 0.2252901 0.4765946 -0.861844 0.1734431 0.6483879 -0.7613102 0 -0.0317704 -0.983114 -0.1802157 -0.06085473 -0.9365656 -0.3451693 0.08804857 -0.8618387 -0.4994813 0.3241786 -0.7613102 -0.5615292 0.7235479 -0.6380638 -0.2633497 0.5898449 -0.6380653 -0.4949301 0.09149634 -0.9831128 0.1584858 0.1752396 -0.9365649 0.3035413 0.3885146 -0.8618432 0.3260105 0.6092906 -0.7613081 0.2217544 0.7699771 -0.6380717 0 -0.09149634 -0.9831128 -0.1584858 -0.1752396 -0.9365649 -0.3035413 -0.08804857 -0.8618387 -0.4994813 0.112585 -0.7612994 -0.6385515 0.3849751 -0.6380748 -0.6668244 0.8160215 -0.4958754 -0.2970125 0.6652261 -0.4958752 -0.5581954 0.0317704 -0.983114 0.1802157 0.06085473 -0.9365656 0.3451693 0.2535861 -0.8618387 0.4392359 0.496703 -0.761306 0.4167727 0.7235479 -0.6380638 0.2633497 0.8683934 -0.495876 0 -0.1401748 -0.9831157 -0.1176211 -0.2685049 -0.9365627 -0.2252901 -0.2535861 -0.8618387 -0.4392359 -0.112585 -0.7612994 -0.6385515 0.1337051 -0.6380674 -0.758283 0.4756072 -0.5205006 -0.7091382 0.8840739 -0.3389438 -0.3217616 0.7207049 -0.3389434 -0.6047329 -0.0317704 -0.983114 0.1802157 -0.06085473 -0.9365656 0.3451693 0.08804857 -0.8618387 0.4994813 0.3241786 -0.7613102 0.5615292 0.5898449 -0.6380653 0.4949301 0.8160215 -0.4958754 0.2970125 0.9408069 -0.3389432 0 -0.1719456 -0.9831177 -0.06256449 -0.3293598 -0.9365637 -0.1198782 -0.3885146 -0.8618432 -0.3260105 -0.3241786 -0.7613102 -0.5615292 -0.1337051 -0.6380674 -0.758283 0.1422191 -0.5735763 -0.8067118 0.6057769 -0.3343691 -0.7219638 0.9270122 -0.1637645 -0.3373866 0.7557141 -0.1637655 -0.6340955 -0.09149634 -0.9831128 0.1584858 -0.1752396 -0.9365649 0.3035413 -0.08804857 -0.8618387 0.4994813 0.112585 -0.7612994 0.6385515 0.3849751 -0.6380748 0.6668244 0.6652261 -0.4958752 0.5581954 0.8840739 -0.3389438 0.3217616 0.9864994 -0.1637654 0 -0.1829929 -0.9831143 0 -0.350508 -0.9365597 0 -0.4765921 -0.8618395 -0.1734727 -0.496703 -0.761306 -0.4167727 -0.3849751 -0.6380748 -0.6668244 -0.1422191 -0.5735763 -0.8067118 0.3108074 -0.4173194 -0.8539574 0.1573595 -0.4226061 -0.8925482 0.3223155 -0.3343707 -0.8856123 0.1633709 -0.3389497 -0.9265113 0.634362 -0.1613524 -0.7560096 0.9373561 -0.07062059 -0.3411397 0.7641375 -0.07062119 -0.641176 -0.1401748 -0.9831157 0.1176211 -0.2685049 -0.9365627 0.2252901 -0.2535861 -0.8618387 0.4392359 -0.112585 -0.7612994 0.6385515 0.1337051 -0.6380674 0.758283 0.4337713 -0.4954509 0.7525763 0.7207049 -0.3389434 0.6047329 0.9270122 -0.1637645 0.3373866 0.9975033 -0.07062023 0 -0.1719456 -0.9831177 0.06256449 -0.3293598 -0.9365637 0.1198782 -0.5071749 -0.8618432 0 -0.6092906 -0.7613081 -0.2217544 -0.5898449 -0.6380653 -0.4949301 -0.4756072 -0.5205006 -0.7091382 -0.1573595 -0.4226061 -0.8925482 -0.1633709 -0.3389497 -0.9265113 0.3375395 -0.1613536 -0.9273791 0.1713033 -0.1637651 -0.9715124 0.6412301 -0.0695523 -0.7641902 -0.3885146 -0.8618432 0.3260105 -0.3241786 -0.7613102 0.5615292 -0.1337051 -0.6380674 0.758283 0.1569285 -0.4899819 0.8574913 0.4765284 -0.3466382 0.8079375 0.7557141 -0.1637655 0.6340955 0.9373561 -0.07062059 0.3411397 -0.4765921 -0.8618395 0.1734727 -0.6483879 -0.7613102 0 -0.7235479 -0.6380638 -0.2633497 -0.6652261 -0.4958752 -0.5581954 -0.3108074 -0.4173194 -0.8539574 -0.3223155 -0.3343707 -0.8856123 -0.1713033 -0.1637651 -0.9715124 0.3411728 -0.06955295 -0.937424 0.1731964 -0.07062143 -0.9823521 -0.496703 -0.761306 0.4167727 -0.3849751 -0.6380748 0.6668244 -0.1569285 -0.4899819 0.8574913 0.2663432 -0.3935483 0.8798757 0.5132694 -0.1655353 0.8421121 0.7641375 -0.07062119 0.641176 -0.6092906 -0.7613081 0.2217544 -0.7699771 -0.6380717 0 -0.8160215 -0.4958754 -0.2970125 -0.6057769 -0.3343691 -0.7219638 -0.7207049 -0.3389434 -0.6047329 -0.3375395 -0.1613536 -0.9273791 -0.1731964 -0.07062143 -0.9823521 -0.5898449 -0.6380653 0.4949301 -0.4337713 -0.4954509 0.7525763 -0.04648035 -0.4223215 0.9052537 0.04648035 -0.4223215 0.9052537 0.3371091 -0.3146474 0.88733 0.3789259 -0.1450575 0.9139877 0.5268206 -0.07535159 0.84663 -0.7235479 -0.6380638 0.2633497 -0.8683934 -0.495876 0 -0.8840739 -0.3389438 -0.3217616 -0.634362 -0.1613524 -0.7560096 -0.7557141 -0.1637655 -0.6340955 -0.3411728 -0.06955295 -0.937424 -0.6652261 -0.4958752 0.5581954 -0.2663432 -0.3935483 0.8798757 0.4113631 -0.09506607 0.9065003 -0.8160215 -0.4958754 0.2970125 -0.9408069 -0.3389432 0 -0.9270122 -0.1637645 -0.3373866 -0.6412301 -0.0695523 -0.7641902 -0.7641375 -0.07062119 -0.641176 -0.7207049 -0.3389434 0.6047329 -0.4765284 -0.3466382 0.8079375 -0.3371091 -0.3146474 0.88733 -0.8840739 -0.3389438 0.3217616 -0.9864994 -0.1637654 0 -0.9373561 -0.07062059 -0.3411397 -0.7557141 -0.1637655 0.6340955 -0.5132694 -0.1655353 0.8421121 -0.3789259 -0.1450575 0.9139877 -0.5268206 -0.07535159 0.84663 -0.4113631 -0.09506607 0.9065003 -0.9270122 -0.1637645 0.3373866 -0.9975033 -0.07062023 0 -0.7641375 -0.07062119 0.641176 -0.9373561 -0.07062059 0.3411397</float_array>
          <technique_common>
            <accessor source="#ob0008_00_balllowerSkin-mesh-normals-array" count="284" stride="3">
              <param name="X" type="float"/>
              <param name="Y" type="float"/>
              <param name="Z" type="float"/>
            </accessor>
          </technique_common>
        </source>
        <source id="ob0008_00_balllowerSkin-mesh-map-0">
          <float_array id="ob0008_00_balllowerSkin-mesh-map-0-array" count="2760">0.7833766 0.3805588 0.7933981 0.3872144 0.7933981 0.3926955 0.7553427 0.3872145 0.7833766 0.3805588 0.7553427 0.4002014 0.7553427 0.4002014 0.7833766 0.3805588 0.7833766 0.4002015 0.733736 0.3872144 0.7553427 0.3872145 0.7337361 0.4002015 0.7337361 0.4002015 0.7553427 0.3872145 0.7553427 0.4002014 0.733736 0.3872144 0.7337361 0.4002015 0.7130527 0.3872143 0.7130527 0.3872143 0.7337361 0.4002015 0.7130527 0.4002015 0.7130527 0.3872143 0.7130527 0.4002015 0.6947613 0.3872145 0.6947613 0.3872145 0.7130527 0.4002015 0.6947613 0.4002014 0.6947613 0.3872145 0.6947613 0.4002014 0.6751618 0.3872145 0.6751618 0.3872145 0.6947613 0.4002014 0.6751618 0.4002016 0.6751618 0.3872145 0.6751618 0.4002016 0.6531191 0.3872145 0.6531191 0.3872145 0.6751618 0.4002016 0.6531191 0.4002016 0.6531191 0.3872145 0.6531191 0.4002016 0.6481496 0.3872145 0.6481496 0.3872145 0.6531191 0.4002016 0.6481496 0.4002016 0.6405843 0.3872145 0.6481496 0.3872145 0.6405843 0.4002016 0.6405843 0.4002016 0.6481496 0.3872145 0.6481496 0.4002016 0.8544102 0.4002014 0.8544102 0.3805588 0.8711095 0.4002014 0.8711095 0.4002014 0.8544102 0.3805588 0.8711095 0.3872144 0.8711095 0.4002014 0.8711095 0.3872144 0.8948021 0.4002014 0.8948021 0.4002014 0.8711095 0.3872144 0.8948021 0.3872143 0.8948021 0.3872143 0.9191885 0.3872143 0.8948021 0.4002014 0.8948021 0.4002014 0.9191885 0.3872143 0.9191885 0.4002014 0.9191885 0.3872143 0.9392824 0.3872143 0.9191885 0.4002014 0.9191885 0.4002014 0.9392824 0.3872143 0.9392824 0.4002014 0.9392824 0.3872143 0.959269 0.3872145 0.9392824 0.4002014 0.9392824 0.4002014 0.959269 0.3872145 0.959269 0.4002015 0.959269 0.3872145 0.9657767 0.3872145 0.959269 0.4002015 0.959269 0.4002015 0.9657767 0.3872145 0.9657765 0.4002015 0.9657767 0.3872145 0.9746202 0.3872145 0.9657765 0.4002015 0.9657765 0.4002015 0.9746202 0.3872145 0.9746202 0.4002015 0.7933981 0.4002015 0.7933981 0.3926955 0.8481458 0.4002015 0.8481458 0.4002015 0.7933981 0.3926955 0.8481457 0.3926956 0.8481458 0.4002015 0.8481457 0.3926956 0.8544102 0.4002014 0.8544102 0.4002014 0.8481457 0.3926956 0.8544102 0.3805588 0.8544102 0.3805588 0.8481457 0.3926956 0.8481457 0.3872144 0.7833766 0.3805588 0.7933981 0.3926955 0.7833766 0.4002015 0.7833766 0.4002015 0.7933981 0.3926955 0.7933981 0.4002015 0.4563223 0.991249 0.4563223 0.976839 0.4711614 0.991249 0.4711614 0.991249 0.4563223 0.976839 0.4711614 0.9768391 0.4563223 0.9723722 0.4563223 0.9625407 0.4711614 0.9723722 0.4711614 0.9723722 0.4563223 0.9625407 0.4711614 0.9625408 0.4563223 0.9625407 0.4563223 0.9385116 0.4711614 0.9625408 0.4711614 0.9625408 0.4563223 0.9385116 0.4711614 0.9385117 0.4563223 0.8772787 0.4711614 0.8772787 0.4563223 0.8884735 0.4563223 0.8884735 0.4711614 0.8772787 0.4711614 0.8884735 0.4563223 0.8714531 0.4711614 0.8714531 0.4563223 0.8772787 0.4563223 0.8772787 0.4711614 0.8714531 0.4711614 0.8772787 0.4563223 0.9385116 0.4563223 0.9125026 0.4711614 0.9385117 0.4711614 0.9385117 0.4563223 0.9125026 0.4711614 0.9125027 0.4563223 0.9125026 0.4563223 0.8884735 0.4711614 0.9125027 0.4711614 0.9125027 0.4563223 0.8884735 0.4711614 0.8884735 0.8974789 0.6092156 0.8918334 0.5912787 0.9030999 0.5912787 0.8974789 0.6092156 0.9030999 0.5912787 0.9153385 0.6092156 0.9153385 0.6092156 0.9030999 0.5912787 0.9152173 0.5912787 0.9349592 0.6092156 0.9153385 0.6092156 0.9279277 0.5912787 0.9279277 0.5912787 0.9153385 0.6092156 0.9152173 0.5912787 0.9349592 0.6092156 0.9279277 0.5912787 0.9361936 0.5912787 0.7300825 0.6092156 0.7347203 0.5912787 0.7490456 0.6092156 0.7490456 0.6092156 0.7347203 0.5912787 0.7487021 0.5912787 0.7670142 0.6092156 0.7490456 0.6092156 0.761343 0.5912787 0.761343 0.5912787 0.7490456 0.6092156 0.7487021 0.5912787 0.7670142 0.6092156 0.761343 0.5912787 0.7726942 0.5912787 0.7670142 0.6092156 0.7726942 0.5912787 0.7840277 0.6092156 0.7840277 0.6092156 0.7726942 0.5912787 0.7841714 0.5912787 0.8009286 0.6092156 0.7840277 0.6092156 0.7952358 0.5912787 0.7952358 0.5912787 0.7840277 0.6092156 0.7841714 0.5912787 0.8009286 0.6092156 0.7952358 0.5912787 0.8069259 0.5912787 0.8009286 0.6092156 0.8069259 0.5912787 0.8155757 0.6092156 0.8155757 0.6092156 0.8069259 0.5912787 0.8146342 0.5912787 0.8182267 0.5912787 0.8155757 0.6092156 0.8146342 0.5912787 0.8636101 0.6092156 0.8489632 0.6092156 0.857613 0.5912787 0.857613 0.5912787 0.8489632 0.6092156 0.8499047 0.5912787 0.8636101 0.6092156 0.857613 0.5912787 0.869303 0.5912787 0.8636101 0.6092156 0.869303 0.5912787 0.8805076 0.6092156 0.8805076 0.6092156 0.869303 0.5912787 0.8803661 0.5912787 0.8974789 0.6092156 0.8805076 0.6092156 0.8918334 0.5912787 0.8918334 0.5912787 0.8805076 0.6092156 0.8803661 0.5912787 0.7804381 0.1714419 0.787756 0.1672869 0.7886778 0.1791801 0.7886778 0.1791801 0.787756 0.1672869 0.7928731 0.1720328 0.7860814 0.1605116 0.787756 0.1672869 0.7777941 0.160452 0.7777941 0.160452 0.787756 0.1672869 0.7804381 0.1714419 0.7803752 0.1494472 0.7876328 0.1537071 0.7777941 0.160452 0.7777941 0.160452 0.7876328 0.1537071 0.7860814 0.1605116 0.792663 0.1488689 0.7876328 0.1537071 0.7885708 0.141662 0.7885708 0.141662 0.7876328 0.1537071 0.7803752 0.1494472 0.7993925 0.1383945 0.7993318 0.1468102 0.7885708 0.141662 0.7885708 0.141662 0.7993318 0.1468102 0.792663 0.1488689 0.8060368 0.1487477 0.7993318 0.1468102 0.8102325 0.1416006 0.8102325 0.1416006 0.7993318 0.1468102 0.7993925 0.1383945 0.8111538 0.1534938 0.8060368 0.1487477 0.8184718 0.149339 0.8184718 0.149339 0.8060368 0.1487477 0.8102325 0.1416006 0.8128284 0.1602691 0.8111538 0.1534938 0.8211155 0.1603288 0.8211155 0.1603288 0.8111538 0.1534938 0.8184718 0.149339 0.8185344 0.1713335 0.8112769 0.1670735 0.8211155 0.1603288 0.8211155 0.1603288 0.8112769 0.1670735 0.8128284 0.1602691 0.8103389 0.1791183 0.8062466 0.1719115 0.8185344 0.1713335 0.8185344 0.1713335 0.8062466 0.1719115 0.8112769 0.1670735 0.7995175 0.1823857 0.799578 0.1739703 0.8103389 0.1791183 0.8103389 0.1791183 0.799578 0.1739703 0.8062466 0.1719115 0.7928731 0.1720328 0.799578 0.1739703 0.7886778 0.1791801 0.7886778 0.1791801 0.799578 0.1739703 0.7995175 0.1823857 0.787756 0.1672869 0.7938524 0.1637453 0.7928731 0.1720328 0.7928731 0.1720328 0.7938524 0.1637453 0.7963287 0.1660104 0.7930245 0.160493 0.7938524 0.1637453 0.7860814 0.1605116 0.7860814 0.1605116 0.7938524 0.1637453 0.787756 0.1672869 0.7876328 0.1537071 0.7937481 0.1572157 0.7860814 0.1605116 0.7860814 0.1605116 0.7937481 0.1572157 0.7930245 0.160493 0.7961509 0.1548727 0.7937481 0.1572157 0.792663 0.1488689 0.792663 0.1488689 0.7937481 0.1572157 0.7876328 0.1537071 0.7993318 0.1468102 0.7993507 0.1538608 0.792663 0.1488689 0.792663 0.1488689 0.7993507 0.1538608 0.7961509 0.1548727 0.8025811 0.15477 0.7993507 0.1538608 0.8060368 0.1487477 0.8060368 0.1487477 0.7993507 0.1538608 0.7993318 0.1468102 0.8111538 0.1534938 0.8050575 0.1570352 0.8060368 0.1487477 0.8060368 0.1487477 0.8050575 0.1570352 0.8025811 0.15477 0.8058853 0.1602877 0.8050575 0.1570352 0.8128284 0.1602691 0.8128284 0.1602691 0.8050575 0.1570352 0.8111538 0.1534938 0.8112769 0.1670735 0.8051618 0.1635648 0.8128284 0.1602691 0.8128284 0.1602691 0.8051618 0.1635648 0.8058853 0.1602877 0.802759 0.1659078 0.8051618 0.1635648 0.8062466 0.1719115 0.8062466 0.1719115 0.8051618 0.1635648 0.8112769 0.1670735 0.799578 0.1739703 0.7995591 0.1669199 0.8062466 0.1719115 0.8062466 0.1719115 0.7995591 0.1669199 0.802759 0.1659078 0.7963287 0.1660104 0.7995591 0.1669199 0.7928731 0.1720328 0.7928731 0.1720328 0.7995591 0.1669199 0.799578 0.1739703 0.7938524 0.1637453 0.7994549 0.1603903 0.7963287 0.1660104 0.7930245 0.160493 0.7994549 0.1603903 0.7938524 0.1637453 0.7937481 0.1572157 0.7994549 0.1603903 0.7930245 0.160493 0.7961509 0.1548727 0.7994549 0.1603903 0.7937481 0.1572157 0.7993507 0.1538608 0.7994549 0.1603903 0.7961509 0.1548727 0.8025811 0.15477 0.7994549 0.1603903 0.7993507 0.1538608 0.8050575 0.1570352 0.7994549 0.1603903 0.8025811 0.15477 0.8058853 0.1602877 0.7994549 0.1603903 0.8050575 0.1570352 0.8051618 0.1635648 0.7994549 0.1603903 0.8058853 0.1602877 0.802759 0.1659078 0.7994549 0.1603903 0.8051618 0.1635648 0.7995591 0.1669199 0.7994549 0.1603903 0.802759 0.1659078 0.7963287 0.1660104 0.7994549 0.1603903 0.7995591 0.1669199 0.8489632 0.6092156 0.8463122 0.5912787 0.8499047 0.5912787 0.8322695 0.6092156 0.8182267 0.5912787 0.8463122 0.5912787 0.5288332 0.8350108 0.5022851 0.8009185 0.5288332 0.6650472 0.5288332 0.6650472 0.5022851 0.8009185 0.5022851 0.6954886 0.5022851 0.8009185 0.4922645 0.7694188 0.5022851 0.6954886 0.5022851 0.6954886 0.4922645 0.7694188 0.4922645 0.7257924 0.4563223 0.976839 0.4563223 0.9723722 0.4711614 0.9768391 0.4711614 0.9768391 0.4563223 0.9723722 0.4711614 0.9723722 0.4563223 0.8614698 0.4711614 0.8614698 0.4563223 0.8714531 0.4563223 0.8714531 0.4711614 0.8614698 0.4711614 0.8714531 0.5459072 0.8489466 0.5459072 0.6558621 0.5566022 0.8525783 0.5566022 0.8525783 0.5459072 0.6558621 0.556467 0.6534924 0.2375036 0.7187066 0.227602 0.7241762 0.2269532 0.6907766 0.2269532 0.6907766 0.227602 0.7241762 0.2077782 0.7014257 0.2487428 0.7168093 0.2375036 0.7187066 0.2487595 0.6870801 0.2487595 0.6870801 0.2375036 0.7187066 0.2269532 0.6907766 0.227602 0.7241762 0.2375036 0.7187066 0.2487509 0.7484124 0.227602 0.7241762 0.2202326 0.7325789 0.2077782 0.7014257 0.2077782 0.7014257 0.2202326 0.7325789 0.1935455 0.7177413 0.2269532 0.6907766 0.2077782 0.7014257 0.2174768 0.6657174 0.2174768 0.6657174 0.2077782 0.7014257 0.1899506 0.6809826 0.2599837 0.718703 0.2487428 0.7168093 0.2705669 0.6907834 0.2705669 0.6907834 0.2487428 0.7168093 0.2487595 0.6870801 0.2375036 0.7187066 0.2487428 0.7168093 0.2487509 0.7484124 0.2487595 0.6870801 0.2269532 0.6907766 0.2487649 0.660422 0.2487649 0.660422 0.2269532 0.6907766 0.2174768 0.6657174 0.2202326 0.7325789 0.227602 0.7241762 0.2487509 0.7484124 0.2202326 0.7325789 0.2163023 0.7429123 0.1935455 0.7177413 0.1935455 0.7177413 0.2163023 0.7429123 0.185972 0.7377549 0.2077782 0.7014257 0.1935455 0.7177413 0.1899506 0.6809826 0.1899506 0.6809826 0.1935455 0.7177413 0.1695054 0.7043848 0.2174768 0.6657174 0.1899506 0.6809826 0.2090329 0.6433499 0.2090329 0.6433499 0.1899506 0.6809826 0.1740654 0.6627294 0.2698896 0.7241704 0.2599837 0.718703 0.2897547 0.7014393 0.2897547 0.7014393 0.2599837 0.718703 0.2705669 0.6907834 0.2487428 0.7168093 0.2599837 0.718703 0.2487509 0.7484124 0.2705669 0.6907834 0.2487595 0.6870801 0.2800627 0.6657262 0.2800627 0.6657262 0.2487595 0.6870801 0.2487649 0.660422 0.2487649 0.660422 0.2174768 0.6657174 0.2487655 0.6366278 0.2487655 0.6366278 0.2174768 0.6657174 0.2090329 0.6433499 0.2163023 0.7429123 0.2202326 0.7325789 0.2487509 0.7484124 0.2163023 0.7429123 0.2163043 0.7539202 0.185972 0.7377549 0.185972 0.7377549 0.2163043 0.7539202 0.1859692 0.7590533 0.1935455 0.7177413 0.185972 0.7377549 0.1695054 0.7043848 0.1695054 0.7043848 0.185972 0.7377549 0.1586171 0.7331103 0.1899506 0.6809826 0.1695054 0.7043848 0.1740654 0.6627294 0.1740654 0.6627294 0.1695054 0.7043848 0.1480772 0.6924562 0.2090329 0.6433499 0.1740654 0.6627294 0.2011461 0.6222555 0.2011461 0.6222555 0.1740654 0.6627294 0.159231 0.6455147 0.2772667 0.7325721 0.2698896 0.7241704 0.3040247 0.7177582 0.3040247 0.7177582 0.2698896 0.7241704 0.2897547 0.7014393 0.2599837 0.718703 0.2698896 0.7241704 0.2487509 0.7484124 0.2897547 0.7014393 0.2705669 0.6907834 0.307656 0.6809973 0.307656 0.6809973 0.2705669 0.6907834 0.2800627 0.6657262 0.2800627 0.6657262 0.2487649 0.660422 0.2885254 0.6433508 0.2885254 0.6433508 0.2487649 0.660422 0.2487655 0.6366278 0.2487655 0.6366278 0.2090329 0.6433499 0.248764 0.6141853 0.248764 0.6141853 0.2090329 0.6433499 0.2011461 0.6222555 0.2163043 0.7539202 0.2163023 0.7429123 0.2487509 0.7484124 0.2163043 0.7539202 0.2202388 0.7642534 0.1859692 0.7590533 0.1859692 0.7590533 0.2202388 0.7642534 0.1935372 0.7790685 0.185972 0.7377549 0.1859692 0.7590533 0.1586171 0.7331103 0.1586171 0.7331103 0.1859692 0.7590533 0.1586127 0.763688 0.1695054 0.7043848 0.1586171 0.7331103 0.1480772 0.6924562 0.1480772 0.6924562 0.1586171 0.7331103 0.1342303 0.7289646 0.1740654 0.6627294 0.1480772 0.6924562 0.159231 0.6455147 0.159231 0.6455147 0.1480772 0.6924562 0.1280682 0.681208 0.2011461 0.6222555 0.159231 0.6455147 0.1930992 0.6003432 0.1930992 0.6003432 0.159231 0.6455147 0.1440901 0.6276309 0.2812064 0.7429037 0.2772667 0.7325721 0.3116634 0.7377632 0.3116634 0.7377632 0.2772667 0.7325721 0.3040247 0.7177582 0.2698896 0.7241704 0.2772667 0.7325721 0.2487509 0.7484124 0.3040247 0.7177582 0.2897547 0.7014393 0.3283432 0.7043805 0.3283432 0.7043805 0.2897547 0.7014393 0.307656 0.6809973 0.307656 0.6809973 0.2800627 0.6657262 0.3236837 0.662698 0.3236837 0.662698 0.2800627 0.6657262 0.2885254 0.6433508 0.2885254 0.6433508 0.2487655 0.6366278 0.2964141 0.6222386 0.2964141 0.6222386 0.2487655 0.6366278 0.248764 0.6141853 0.248764 0.6141853 0.2011461 0.6222555 0.248758 0.590876 0.248758 0.590876 0.2011461 0.6222555 0.1930992 0.6003432 0.2202388 0.7642534 0.2163043 0.7539202 0.2487509 0.7484124 0.2202388 0.7642534 0.2276121 0.7726548 0.1935372 0.7790685 0.1935372 0.7790685 0.2276121 0.7726548 0.207765 0.7953875 0.1859692 0.7590533 0.1935372 0.7790685 0.1586127 0.763688 0.1586127 0.763688 0.1935372 0.7790685 0.1694922 0.7924166 0.1586171 0.7331103 0.1586127 0.763688 0.1342303 0.7289646 0.1342303 0.7289646 0.1586127 0.763688 0.1342259 0.7678353 0.1480772 0.6924562 0.1342303 0.7289646 0.1280682 0.681208 0.1280682 0.681208 0.1342303 0.7289646 0.1170181 0.7250562 0.159231 0.6455147 0.1280682 0.681208 0.1440901 0.6276309 0.1440901 0.6276309 0.1280682 0.681208 0.1090497 0.6695199 0.1930992 0.6003432 0.1440901 0.6276309 0.1843248 0.5760128 0.1843248 0.5760128 0.1440901 0.6276309 0.1275718 0.6077598 0.2812089 0.7539114 0.2812064 0.7429037 0.3116614 0.759071 0.3116614 0.759071 0.2812064 0.7429037 0.3116634 0.7377632 0.2772667 0.7325721 0.2812064 0.7429037 0.2487509 0.7484124 0.3116634 0.7377632 0.3040247 0.7177582 0.3396978 0.7330642 0.3396978 0.7330642 0.3040247 0.7177582 0.3283432 0.7043805 0.3283432 0.7043805 0.307656 0.6809973 0.3504681 0.6922764 0.3504681 0.6922764 0.307656 0.6809973 0.3236837 0.662698 0.3236837 0.662698 0.2885254 0.6433508 0.3385939 0.6453711 0.3385939 0.6453711 0.2885254 0.6433508 0.2964141 0.6222386 0.2964141 0.6222386 0.248764 0.6141853 0.3044081 0.600316 0.3044081 0.600316 0.248764 0.6141853 0.248758 0.590876 0.248758 0.590876 0.1930992 0.6003432 0.2486191 0.5663028 0.2486191 0.5663028 0.1930992 0.6003432 0.1843248 0.5760128 0.2276121 0.7726548 0.2202388 0.7642534 0.2487509 0.7484124 0.2276121 0.7726548 0.2375168 0.7781218 0.207765 0.7953875 0.207765 0.7953875 0.2375168 0.7781218 0.2269363 0.8060416 0.1935372 0.7790685 0.207765 0.7953875 0.1694922 0.7924166 0.1694922 0.7924166 0.207765 0.7953875 0.1899306 0.8158245 0.1586127 0.763688 0.1694922 0.7924166 0.1342259 0.7678353 0.1342259 0.7678353 0.1694922 0.7924166 0.1480649 0.8043474 0.1342303 0.7289646 0.1342259 0.7678353 0.1170181 0.7250562 0.1170181 0.7250562 0.1342259 0.7678353 0.1170139 0.7717465 0.1280682 0.681208 0.1170181 0.7250562 0.1090497 0.6695199 0.1090497 0.6695199 0.1170181 0.7250562 0.09918272 0.7209936 0.1440901 0.6276309 0.1090497 0.6695199 0.1275718 0.6077598 0.1275718 0.6077598 0.1090497 0.6695199 0.08533316 0.656523 0.1843248 0.5760128 0.1275718 0.6077598 0.174264 0.5476995 0.174264 0.5476995 0.1275718 0.6077598 0.1086175 0.5846134 0.2772734 0.7642453 0.2812089 0.7539114 0.3040166 0.7790849 0.3040166 0.7790849 0.2812089 0.7539114 0.3116614 0.759071 0.2812064 0.7429037 0.2812089 0.7539114 0.2487509 0.7484124 0.3116614 0.759071 0.3116634 0.7377632 0.3396892 0.7637665 0.3396892 0.7637665 0.3116634 0.7377632 0.3396978 0.7330642 0.3396978 0.7330642 0.3283432 0.7043805 0.3661166 0.7286364 0.3661166 0.7286364 0.3283432 0.7043805 0.3504681 0.6922764 0.3504681 0.6922764 0.3236837 0.662698 0.3712299 0.6805389 0.3712299 0.6805389 0.3236837 0.662698 0.3385939 0.6453711 0.3385939 0.6453711 0.2964141 0.6222386 0.3534408 0.6273686 0.3534408 0.6273686 0.2964141 0.6222386 0.3044081 0.600316 0.3044081 0.600316 0.248758 0.590876 0.3123882 0.5775689 0.3123882 0.5775689 0.248758 0.590876 0.2486191 0.5663028 0.2486191 0.5663028 0.1843248 0.5760128 0.2486281 0.5375976 0.2486281 0.5375976 0.1843248 0.5760128 0.174264 0.5476995 0.2375168 0.7781218 0.2276121 0.7726548 0.2487509 0.7484124 0.2375168 0.7781218 0.2487572 0.7800156 0.2269363 0.8060416 0.2269363 0.8060416 0.2487572 0.7800156 0.2487413 0.8097444 0.207765 0.7953875 0.2269363 0.8060416 0.1899306 0.8158245 0.1899306 0.8158245 0.2269363 0.8060416 0.2174522 0.8310981 0.1694922 0.7924166 0.1899306 0.8158245 0.1480649 0.8043474 0.1480649 0.8043474 0.1899306 0.8158245 0.1740472 0.8340803 0.1342259 0.7678353 0.1480649 0.8043474 0.1170139 0.7717465 0.1170139 0.7717465 0.1480649 0.8043474 0.1280569 0.8155983 0.1170181 0.7250562 0.1170139 0.7717465 0.09918272 0.7209936 0.09918272 0.7209936 0.1170139 0.7717465 0.09917861 0.7758104 0.07615888 0.6655064 0.07615888 0.7196857 0.05791115 0.6655064 0.05791115 0.6655064 0.07615888 0.7196857 0.05791115 0.7196857 0.1275718 0.6077598 0.08533316 0.656523 0.1086175 0.5846134 0.1086175 0.5846134 0.08533316 0.656523 0.05972039 0.6413696 0.174264 0.5476995 0.1086175 0.5846134 0.1685839 0.5315357 0.1685839 0.5315357 0.1086175 0.5846134 0.0986123 0.5709007 0.2698996 0.7726483 0.2772734 0.7642453 0.2897404 0.7953994 0.2897404 0.7953994 0.2772734 0.7642453 0.3040166 0.7790849 0.2812089 0.7539114 0.2772734 0.7642453 0.2487509 0.7484124 0.3040166 0.7790849 0.3116614 0.759071 0.3283267 0.792478 0.3283267 0.792478 0.3116614 0.759071 0.3396892 0.7637665 0.3396892 0.7637665 0.3396978 0.7330642 0.3660924 0.768183 0.3660924 0.768183 0.3396978 0.7330642 0.3661166 0.7286364 0.3661166 0.7286364 0.3504681 0.6922764 0.3924702 0.7238984 0.3924702 0.7238984 0.3504681 0.6922764 0.3712299 0.6805389 0.3712299 0.6805389 0.3385939 0.6453711 0.391263 0.6678995 0.391263 0.6678995 0.3385939 0.6453711 0.3534408 0.6273686 0.3534408 0.6273686 0.3044081 0.600316 0.3681259 0.6093606 0.3681259 0.6093606 0.3044081 0.600316 0.3123882 0.5775689 0.3123882 0.5775689 0.2486191 0.5663028 0.3220347 0.5507016 0.3220347 0.5507016 0.2486191 0.5663028 0.2486281 0.5375976 0.2486281 0.5375976 0.174264 0.5476995 0.2487477 0.5177313 0.2487477 0.5177313 0.174264 0.5476995 0.1685839 0.5315357 0.2487572 0.7800156 0.2375168 0.7781218 0.2487509 0.7484124 0.2487572 0.7800156 0.2599968 0.778118 0.2487413 0.8097444 0.2487413 0.8097444 0.2599968 0.778118 0.2705495 0.8060482 0.2269363 0.8060416 0.2487413 0.8097444 0.2174522 0.8310981 0.2174522 0.8310981 0.2487413 0.8097444 0.2487388 0.8364028 0.1899306 0.8158245 0.2174522 0.8310981 0.1740472 0.8340803 0.1740472 0.8340803 0.2174522 0.8310981 0.2090117 0.8534672 0.1480649 0.8043474 0.1740472 0.8340803 0.1280569 0.8155983 0.1280569 0.8155983 0.1740472 0.8340803 0.1592152 0.851298 0.1170139 0.7717465 0.1280569 0.8155983 0.09917861 0.7758104 0.09917861 0.7758104 0.1280569 0.8155983 0.1090497 0.827288 0.07615888 0.7196857 0.07615888 0.7802848 0.05791115 0.7196857 0.05791115 0.7196857 0.07615888 0.7802848 0.05791115 0.7802848 0.05791115 0.6655064 0.05791115 0.7196857 0.03403455 0.6655064 0.03403455 0.6655064 0.05791115 0.7196857 0.03403455 0.7196857 0.1086175 0.5846134 0.05972039 0.6413696 0.0986123 0.5709007 0.0986123 0.5709007 0.05972039 0.6413696 0.04781389 0.6322129 0.2599968 0.778118 0.2698996 0.7726483 0.2705495 0.8060482 0.2705495 0.8060482 0.2698996 0.7726483 0.2897404 0.7953994 0.2772734 0.7642453 0.2698996 0.7726483 0.2487509 0.7484124 0.2897404 0.7953994 0.3040166 0.7790849 0.3076335 0.8158518 0.3076335 0.8158518 0.3040166 0.7790849 0.3283267 0.792478 0.3283267 0.792478 0.3396892 0.7637665 0.3504439 0.804587 0.3504439 0.804587 0.3396892 0.7637665 0.3660924 0.768183 0.3660924 0.768183 0.3661166 0.7286364 0.39243 0.7729214 0.39243 0.7729214 0.3661166 0.7286364 0.3924702 0.7238984 0.3924702 0.7238984 0.3712299 0.6805389 0.4089633 0.7213662 0.4089633 0.7213662 0.3712299 0.6805389 0.391263 0.6678995 0.391263 0.6678995 0.3534408 0.6273686 0.410237 0.6537277 0.410237 0.6537277 0.3534408 0.6273686 0.3681259 0.6093606 0.3681259 0.6093606 0.3123882 0.5775689 0.385571 0.5890691 0.385571 0.5890691 0.3123882 0.5775689 0.3220347 0.5507016 0.3220347 0.5507016 0.2486281 0.5375976 0.3252466 0.5316856 0.3252466 0.5316856 0.2486281 0.5375976 0.2487477 0.5177313 0.2599968 0.778118 0.2487572 0.7800156 0.2487509 0.7484124 0.2487413 0.8097444 0.2705495 0.8060482 0.2487388 0.8364028 0.2487388 0.8364028 0.2705495 0.8060482 0.2800375 0.831109 0.2174522 0.8310981 0.2487388 0.8364028 0.2090117 0.8534672 0.2090117 0.8534672 0.2487388 0.8364028 0.2487435 0.8601972 0.1740472 0.8340803 0.2090117 0.8534672 0.1592152 0.851298 0.1592152 0.851298 0.2090117 0.8534672 0.2011285 0.8745636 0.1280569 0.8155983 0.1592152 0.851298 0.1090497 0.827288 0.1090497 0.827288 0.1592152 0.851298 0.144075 0.869183 0.07615888 0.7802848 0.07615888 0.8349271 0.05791115 0.7802848 0.05791115 0.7802848 0.07615888 0.8349271 0.05791115 0.8349271 0.05791115 0.7196857 0.05791115 0.7802848 0.03403455 0.7196857 0.03403455 0.7196857 0.05791115 0.7802848 0.0340346 0.7802848 0.03403455 0.6655064 0.03403455 0.7196857 0.02054905 0.6655064 0.02054905 0.6655064 0.03403455 0.7196857 0.02054905 0.7196857 0.2698996 0.7726483 0.2599968 0.778118 0.2487509 0.7484124 0.2705495 0.8060482 0.2897404 0.7953994 0.2800375 0.831109 0.2800375 0.831109 0.2897404 0.7953994 0.3076335 0.8158518 0.3076335 0.8158518 0.3283267 0.792478 0.3236664 0.8341524 0.3236664 0.8341524 0.3283267 0.792478 0.3504439 0.804587 0.3504439 0.804587 0.3660924 0.768183 0.3712084 0.8163208 0.3712084 0.8163208 0.3660924 0.768183 0.39243 0.7729214 0.39243 0.7729214 0.3924702 0.7238984 0.4089211 0.7754629 0.4089211 0.7754629 0.3924702 0.7238984 0.4089633 0.7213662 0.4348702 0.7108621 0.391263 0.6678995 0.410237 0.6537277 0.410237 0.6537277 0.3681259 0.6093606 0.4274019 0.6440827 0.4274019 0.6440827 0.3681259 0.6093606 0.385571 0.5890691 0.385571 0.5890691 0.3220347 0.5507016 0.3943783 0.5728079 0.3943783 0.5728079 0.3220347 0.5507016 0.3252466 0.5316856 0.2487388 0.8364028 0.2800375 0.831109 0.2487435 0.8601972 0.2487435 0.8601972 0.2800375 0.831109 0.2885053 0.8534843 0.2090117 0.8534672 0.2487435 0.8601972 0.2011285 0.8745636 0.2011285 0.8745636 0.2487435 0.8601972 0.2487471 0.8826398 0.1592152 0.851298 0.2011285 0.8745636 0.144075 0.869183 0.144075 0.869183 0.2011285 0.8745636 0.1930829 0.8964765 0.1090497 0.827288 0.144075 0.869183 0.08533316 0.8402913 0.08533316 0.8402913 0.144075 0.869183 0.1275624 0.8890582 0.05791115 0.7802848 0.05791115 0.8349271 0.0340346 0.7802848 0.0340346 0.7802848 0.05791115 0.8349271 0.0340346 0.8349271 0.03403455 0.7196857 0.0340346 0.7802848 0.02054905 0.7196857 0.02054905 0.7196857 0.0340346 0.7802848 0.02054905 0.7802848 0.2800375 0.831109 0.3076335 0.8158518 0.2885053 0.8534843 0.2885053 0.8534843 0.3076335 0.8158518 0.3236664 0.8341524 0.3236664 0.8341524 0.3504439 0.804587 0.3385921 0.8514742 0.3385921 0.8514742 0.3504439 0.804587 0.3712084 0.8163208 0.3712084 0.8163208 0.39243 0.7729214 0.3912843 0.8289437 0.3912843 0.8289437 0.39243 0.7729214 0.4089211 0.7754629 0.4089211 0.7754629 0.4089633 0.7213662 0.4263971 0.7629091 0.4263971 0.7629091 0.4089633 0.7213662 0.4264435 0.7345171 0.410237 0.6537277 0.4274019 0.6440827 0.4425751 0.6956419 0.4425751 0.6956419 0.4274019 0.6440827 0.4505115 0.6856498 0.4274019 0.6440827 0.385571 0.5890691 0.4466689 0.6344981 0.4466689 0.6344981 0.385571 0.5890691 0.3943783 0.5728079 0.2487435 0.8601972 0.2885053 0.8534843 0.2487471 0.8826398 0.2487471 0.8826398 0.2885053 0.8534843 0.2964028 0.8745943 0.2011285 0.8745636 0.2487471 0.8826398 0.1930829 0.8964765 0.1930829 0.8964765 0.2487471 0.8826398 0.2487431 0.9059484 0.144075 0.869183 0.1930829 0.8964765 0.1275624 0.8890582 0.1275624 0.8890582 0.1930829 0.8964765 0.1843144 0.9208083 0.08533316 0.8402913 0.1275624 0.8890582 0.05973011 0.8554695 0.05973011 0.8554695 0.1275624 0.8890582 0.1086304 0.9122206 0.0340346 0.7802848 0.0340346 0.8349271 0.02054905 0.7802848 0.02054905 0.7802848 0.0340346 0.8349271 0.02054911 0.8349271 0.2885053 0.8534843 0.3236664 0.8341524 0.2964028 0.8745943 0.2964028 0.8745943 0.3236664 0.8341524 0.3385921 0.8514742 0.3385921 0.8514742 0.3712084 0.8163208 0.3534567 0.8694699 0.3534567 0.8694699 0.3712084 0.8163208 0.3912843 0.8289437 0.3912843 0.8289437 0.4089211 0.7754629 0.4310996 0.7761788 0.4274019 0.6440827 0.4466689 0.6344981 0.4505115 0.6856498 0.4505115 0.6856498 0.4466689 0.6344981 0.4621651 0.6758292 0.2487471 0.8826398 0.2964028 0.8745943 0.2487431 0.9059484 0.2487431 0.9059484 0.2964028 0.8745943 0.3044015 0.8965137 0.1930829 0.8964765 0.2487431 0.9059484 0.1843144 0.9208083 0.1843144 0.9208083 0.2487431 0.9059484 0.2486258 0.9305208 0.1275624 0.8890582 0.1843144 0.9208083 0.1086304 0.9122206 0.1086304 0.9122206 0.1843144 0.9208083 0.1742778 0.9491292 0.05973011 0.8554695 0.1086304 0.9122206 0.04737097 0.8641856 0.04737097 0.8641856 0.1086304 0.9122206 0.09794425 0.9254821 0.2964028 0.8745943 0.3385921 0.8514742 0.3044015 0.8965137 0.3044015 0.8965137 0.3385921 0.8514742 0.3534567 0.8694699 0.3534567 0.8694699 0.3912843 0.8289437 0.3681424 0.8874628 0.3681424 0.8874628 0.3912843 0.8289437 0.4102475 0.841213 0.4102475 0.841213 0.4310996 0.7761788 0.4371431 0.7958484 0.2487431 0.9059484 0.3044015 0.8965137 0.2486258 0.9305208 0.2486258 0.9305208 0.3044015 0.8965137 0.3124 0.9192533 0.1843144 0.9208083 0.2486258 0.9305208 0.1742778 0.9491292 0.1742778 0.9491292 0.2486258 0.9305208 0.2486585 0.9592265 0.1086304 0.9122206 0.1742778 0.9491292 0.09794425 0.9254821 0.09794425 0.9254821 0.1742778 0.9491292 0.16863 0.9653035 0.3044015 0.8965137 0.3534567 0.8694699 0.3124 0.9192533 0.3124 0.9192533 0.3534567 0.8694699 0.3681424 0.8874628 0.3681424 0.8874628 0.4102475 0.841213 0.3789435 0.9051761 0.3789435 0.9051761 0.4102475 0.841213 0.423662 0.8511884 0.423662 0.8511884 0.4465302 0.809094 0.4458984 0.8639826 0.4458984 0.8639826 0.4465302 0.809094 0.4616019 0.8209598 0.2486258 0.9305208 0.3124 0.9192533 0.2486585 0.9592265 0.2486585 0.9592265 0.3124 0.9192533 0.3169509 0.9409995 0.1742778 0.9491292 0.2486585 0.9592265 0.16863 0.9653035 0.16863 0.9653035 0.2486585 0.9592265 0.2487941 0.9790937 0.3124 0.9192533 0.3681424 0.8874628 0.3169509 0.9409995 0.3169509 0.9409995 0.3681424 0.8874628 0.3789435 0.9051761 0.3789435 0.9051761 0.423662 0.8511884 0.3944001 0.9251091 0.3944001 0.9251091 0.423662 0.8511884 0.4458984 0.8639826 0.2486585 0.9592265 0.3169509 0.9409995 0.2487941 0.9790937 0.2487941 0.9790937 0.3169509 0.9409995 0.3252874 0.9651245 0.3169509 0.9409995 0.3789435 0.9051761 0.3252874 0.9651245 0.3252874 0.9651245 0.3789435 0.9051761 0.3944001 0.9251091 0.4264435 0.7345171 0.4089633 0.7213662 0.4348702 0.7108621 0.4089211 0.7754629 0.4263971 0.7629091 0.4310996 0.7761788 0.4348702 0.7108621 0.410237 0.6537277 0.4425751 0.6956419 0.4102475 0.841213 0.4371431 0.7958484 0.423662 0.8511884 0.423662 0.8511884 0.4371431 0.7958484 0.4465302 0.809094 0.3912843 0.8289437 0.4310996 0.7761788 0.4102475 0.841213 0.4089633 0.7213662 0.391263 0.6678995 0.4348702 0.7108621 0.5288332 0.6650472 0.5459072 0.6558621 0.5288332 0.8350108 0.5288332 0.8350108 0.5459072 0.6558621 0.5459072 0.8489466 0.8489632 0.6092156 0.8322695 0.6092156 0.8463122 0.5912787 0.8322695 0.6092156 0.8155757 0.6092156 0.8182267 0.5912787</float_array>
          <technique_common>
            <accessor source="#ob0008_00_balllowerSkin-mesh-map-0-array" count="1380" stride="2">
              <param name="S" type="float"/>
              <param name="T" type="float"/>
            </accessor>
          </technique_common>
        </source>
        <vertices id="ob0008_00_balllowerSkin-mesh-vertices">
          <input semantic="POSITION" source="#ob0008_00_balllowerSkin-mesh-positions"/>
        </vertices>
        <polylist material="obj01-material" count="460">
          <input semantic="VERTEX" source="#ob0008_00_balllowerSkin-mesh-vertices" offset="0"/>
          <input semantic="NORMAL" source="#ob0008_00_balllowerSkin-mesh-normals" offset="1"/>
          <input semantic="TEXCOORD" source="#ob0008_00_balllowerSkin-mesh-map-0" offset="2" set="0"/>
          <vcount>3 3 3 3 3 3 3 3 3 3 3 3 3 3 3 3 3 3 3 3 3 3 3 3 3 3 3 3 3 3 3 3 3 3 3 3 3 3 3 3 3 3 3 3 3 3 3 3 3 3 3 3 3 3 3 3 3 3 3 3 3 3 3 3 3 3 3 3 3 3 3 3 3 3 3 3 3 3 3 3 3 3 3 3 3 3 3 3 3 3 3 3 3 3 3 3 3 3 3 3 3 3 3 3 3 3 3 3 3 3 3 3 3 3 3 3 3 3 3 3 3 3 3 3 3 3 3 3 3 3 3 3 3 3 3 3 3 3 3 3 3 3 3 3 3 3 3 3 3 3 3 3 3 3 3 3 3 3 3 3 3 3 3 3 3 3 3 3 3 3 3 3 3 3 3 3 3 3 3 3 3 3 3 3 3 3 3 3 3 3 3 3 3 3 3 3 3 3 3 3 3 3 3 3 3 3 3 3 3 3 3 3 3 3 3 3 3 3 3 3 3 3 3 3 3 3 3 3 3 3 3 3 3 3 3 3 3 3 3 3 3 3 3 3 3 3 3 3 3 3 3 3 3 3 3 3 3 3 3 3 3 3 3 3 3 3 3 3 3 3 3 3 3 3 3 3 3 3 3 3 3 3 3 3 3 3 3 3 3 3 3 3 3 3 3 3 3 3 3 3 3 3 3 3 3 3 3 3 3 3 3 3 3 3 3 3 3 3 3 3 3 3 3 3 3 3 3 3 3 3 3 3 3 3 3 3 3 3 3 3 3 3 3 3 3 3 3 3 3 3 3 3 3 3 3 3 3 3 3 3 3 3 3 3 3 3 3 3 3 3 3 3 3 3 3 3 3 3 3 3 3 3 3 3 3 3 3 3 3 3 3 3 3 3 3 3 3 3 3 3 3 3 3 3 3 3 3 3 3 3 3 3 3 3 3 3 3 3 3 3 3 3 3 3 3 3 3 3 3 3 3 3 3 3 3 3 3 3 3 3 3 3 3 3 3 3 3 3 3 3 3 3 3 3 3 3 3 3 3 3 </vcount>
          <p>0 0 0 1 0 1 2 0 2 3 1 3 0 1 4 4 1 5 4 1 6 0 1 7 5 1 8 6 2 9 3 2 10 7 2 11 7 1 12 3 1 13 4 1 14 6 1 15 7 1 16 8 1 17 8 3 18 7 3 19 9 3 20 8 1 21 9 1 22 10 1 23 10 1 24 9 1 25 11 1 26 10 1 27 11 1 28 12 1 29 12 4 30 11 4 31 13 4 32 12 1 33 13 1 34 14 1 35 14 1 36 13 1 37 15 1 38 14 1 39 15 1 40 16 1 41 16 1 42 15 1 43 17 1 44 18 5 45 16 5 46 19 5 47 19 6 48 16 6 49 17 6 50 20 1 51 21 1 52 22 1 53 22 1 54 21 1 55 23 1 56 22 7 57 23 7 58 24 7 59 24 8 60 23 8 61 25 8 62 25 1 63 26 1 64 24 1 65 24 1 66 26 1 67 27 1 68 26 9 69 28 9 70 27 9 71 27 1 72 28 1 73 29 1 74 28 10 75 30 10 76 29 10 77 29 11 78 30 11 79 31 11 80 30 1 81 32 1 82 31 1 83 31 12 84 32 12 85 33 12 86 32 13 87 34 13 88 33 13 89 33 14 90 34 14 91 35 14 92 36 15 93 2 15 94 37 15 95 37 16 96 2 16 97 38 16 98 37 17 99 38 17 100 20 17 101 20 1 102 38 1 103 21 1 104 21 18 105 38 18 106 39 18 107 0 19 108 2 19 109 5 19 110 5 1 111 2 1 112 36 1 113 40 20 114 41 21 115 42 22 116 42 22 117 41 21 118 43 23 119 44 24 120 45 25 121 46 26 122 46 26 123 45 25 124 47 27 125 45 25 126 48 28 127 47 27 128 47 27 129 48 28 130 49 29 131 50 30 132 51 31 133 52 32 134 52 32 135 51 31 136 53 33 137 54 34 138 55 35 139 50 30 140 50 30 141 55 35 142 51 31 143 48 28 144 56 36 145 49 29 146 49 29 147 56 36 148 57 37 149 56 36 150 52 32 151 57 37 152 57 37 153 52 32 154 53 33 155 58 38 156 59 39 157 60 40 158 58 38 159 60 40 160 61 41 161 61 41 162 60 40 163 62 42 164 63 43 165 61 41 166 64 44 167 64 44 168 61 41 169 62 42 170 63 43 171 64 44 172 65 45 173 66 46 174 67 47 175 68 48 176 68 48 177 67 47 178 69 49 179 70 50 180 68 48 181 71 51 182 71 51 183 68 48 184 69 49 185 70 50 186 71 51 187 72 52 188 70 50 189 72 52 190 73 53 191 73 53 192 72 52 193 74 54 194 75 55 195 73 53 196 76 56 197 76 56 198 73 53 199 74 54 200 75 55 201 76 56 202 77 57 203 75 55 204 77 57 205 78 58 206 78 58 207 77 57 208 79 59 209 80 59 210 78 58 211 79 59 212 81 60 213 82 61 214 83 62 215 83 62 216 82 61 217 84 59 218 81 60 219 83 62 220 85 63 221 81 60 222 85 63 223 86 64 224 86 64 225 85 63 226 87 65 227 58 38 228 86 64 229 59 39 230 59 39 231 86 64 232 87 65 233 88 66 234 89 67 235 90 68 236 90 68 237 89 67 238 91 69 239 92 70 240 89 67 241 93 71 242 93 71 243 89 67 244 88 66 245 94 72 246 95 73 247 93 71 248 93 71 249 95 73 250 92 70 251 96 74 252 95 73 253 97 75 254 97 75 255 95 73 256 94 72 257 98 76 258 99 77 259 97 75 260 97 75 261 99 77 262 96 74 263 100 78 264 99 77 265 101 79 266 101 79 267 99 77 268 98 76 269 102 80 270 100 78 271 103 81 272 103 81 273 100 78 274 101 79 275 104 82 276 102 80 277 105 83 278 105 83 279 102 80 280 103 81 281 106 84 282 107 85 283 105 83 284 105 83 285 107 85 286 104 82 287 108 86 288 109 87 289 106 84 290 106 84 291 109 87 292 107 85 293 110 88 294 111 89 295 108 86 296 108 86 297 111 89 298 109 87 299 91 69 300 111 89 301 90 68 302 90 68 303 111 89 304 110 88 305 89 67 306 112 90 307 91 69 308 91 69 309 112 90 310 113 91 311 114 92 312 112 90 313 92 70 314 92 70 315 112 90 316 89 67 317 95 73 318 115 93 319 92 70 320 92 70 321 115 93 322 114 92 323 116 94 324 115 93 325 96 74 326 96 74 327 115 93 328 95 73 329 99 77 330 117 95 331 96 74 332 96 74 333 117 95 334 116 94 335 118 96 336 117 95 337 100 78 338 100 78 339 117 95 340 99 77 341 102 80 342 119 97 343 100 78 344 100 78 345 119 97 346 118 96 347 120 98 348 119 97 349 104 82 350 104 82 351 119 97 352 102 80 353 107 85 354 121 99 355 104 82 356 104 82 357 121 99 358 120 98 359 122 100 360 121 99 361 109 87 362 109 87 363 121 99 364 107 85 365 111 89 366 123 101 367 109 87 368 109 87 369 123 101 370 122 100 371 113 91 372 123 101 373 91 69 374 91 69 375 123 101 376 111 89 377 112 90 378 124 102 379 113 91 380 114 92 381 124 102 382 112 90 383 115 93 384 124 102 385 114 92 386 116 94 387 124 102 388 115 93 389 117 95 390 124 102 391 116 94 392 118 96 393 124 102 394 117 95 395 119 97 396 124 102 397 118 96 398 120 98 399 124 102 400 119 97 401 121 99 402 124 102 403 120 98 404 122 100 405 124 102 406 121 99 407 123 101 408 124 102 409 122 100 410 113 91 411 124 102 412 123 101 413 82 61 414 125 59 415 84 59 416 126 103 417 80 59 418 125 59 419 127 104 420 128 104 421 129 104 422 129 104 423 128 104 424 130 104 425 128 104 426 131 104 427 130 104 428 130 104 429 131 104 430 132 104 431 41 21 432 44 24 433 43 23 434 43 23 435 44 24 436 46 26 437 133 105 438 134 106 439 54 34 440 54 34 441 134 106 442 55 35 443 135 104 444 136 104 445 137 104 446 137 104 447 136 104 448 138 104 449 139 107 450 140 108 451 141 109 452 141 109 453 140 108 454 142 110 455 143 111 456 139 107 457 144 112 458 144 112 459 139 107 460 141 109 461 140 108 462 139 107 463 145 113 464 140 108 465 146 114 466 142 110 467 142 110 468 146 114 469 147 115 470 141 109 471 142 110 472 148 116 473 148 116 474 142 110 475 149 117 476 150 118 477 143 111 478 151 119 479 151 119 480 143 111 481 144 112 482 139 107 483 143 111 484 145 113 485 144 112 486 141 109 487 152 120 488 152 120 489 141 109 490 148 116 491 146 114 492 140 108 493 145 113 494 146 114 495 153 121 496 147 115 497 147 115 498 153 121 499 154 122 500 142 110 501 147 115 502 149 117 503 149 117 504 147 115 505 155 123 506 148 116 507 149 117 508 156 124 509 156 124 510 149 117 511 157 125 512 158 126 513 150 118 514 159 127 515 159 127 516 150 118 517 151 119 518 143 111 519 150 118 520 145 113 521 151 119 522 144 112 523 160 128 524 160 128 525 144 112 526 152 120 527 152 120 528 148 116 529 161 129 530 161 129 531 148 116 532 156 124 533 153 121 534 146 114 535 145 113 536 153 121 537 162 130 538 154 122 539 154 122 540 162 130 541 163 131 542 147 115 543 154 122 544 155 123 545 155 123 546 154 122 547 164 132 548 149 117 549 155 123 550 157 125 551 157 125 552 155 123 553 165 133 554 156 124 555 157 125 556 166 134 557 166 134 558 157 125 559 167 135 560 168 136 561 158 126 562 169 137 563 169 137 564 158 126 565 159 127 566 150 118 567 158 126 568 145 113 569 159 127 570 151 119 571 170 138 572 170 138 573 151 119 574 160 128 575 160 128 576 152 120 577 171 139 578 171 139 579 152 120 580 161 129 581 161 129 582 156 124 583 172 140 584 172 140 585 156 124 586 166 134 587 162 130 588 153 121 589 145 113 590 162 130 591 173 141 592 163 131 593 163 131 594 173 141 595 174 142 596 154 122 597 163 131 598 164 132 599 164 132 600 163 131 601 175 143 602 155 123 603 164 132 604 165 133 605 165 133 606 164 132 607 176 144 608 157 125 609 165 133 610 167 135 611 167 135 612 165 133 613 177 145 614 166 134 615 167 135 616 178 146 617 178 146 618 167 135 619 179 147 620 180 148 621 168 136 622 181 149 623 181 149 624 168 136 625 169 137 626 158 126 627 168 136 628 145 113 629 169 137 630 159 127 631 182 150 632 182 150 633 159 127 634 170 138 635 170 138 636 160 128 637 183 151 638 183 151 639 160 128 640 171 139 641 171 139 642 161 129 643 184 152 644 184 152 645 161 129 646 172 140 647 172 140 648 166 134 649 185 153 650 185 153 651 166 134 652 178 146 653 173 141 654 162 130 655 145 113 656 173 141 657 186 154 658 174 142 659 174 142 660 186 154 661 187 155 662 163 131 663 174 142 664 175 143 665 175 143 666 174 142 667 188 156 668 164 132 669 175 143 670 176 144 671 176 144 672 175 143 673 189 157 674 165 133 675 176 144 676 177 145 677 177 145 678 176 144 679 190 158 680 167 135 681 177 145 682 179 147 683 179 147 684 177 145 685 191 159 686 178 146 687 179 147 688 192 160 689 192 160 690 179 147 691 193 161 692 194 162 693 180 148 694 195 163 695 195 163 696 180 148 697 181 149 698 168 136 699 180 148 700 145 113 701 181 149 702 169 137 703 196 164 704 196 164 705 169 137 706 182 150 707 182 150 708 170 138 709 197 165 710 197 165 711 170 138 712 183 151 713 183 151 714 171 139 715 198 166 716 198 166 717 171 139 718 184 152 719 184 152 720 172 140 721 199 167 722 199 167 723 172 140 724 185 153 725 185 153 726 178 146 727 200 168 728 200 168 729 178 146 730 192 160 731 186 154 732 173 141 733 145 113 734 186 154 735 201 169 736 187 155 737 187 155 738 201 169 739 202 170 740 174 142 741 187 155 742 188 156 743 188 156 744 187 155 745 203 171 746 175 143 747 188 156 748 189 157 749 189 157 750 188 156 751 204 172 752 176 144 753 189 157 754 190 158 755 190 158 756 189 157 757 205 173 758 177 145 759 190 158 760 191 159 761 191 159 762 190 158 763 206 174 764 179 147 765 191 159 766 193 161 767 193 161 768 191 159 769 207 175 770 192 160 771 193 161 772 208 176 773 208 176 774 193 161 775 209 177 776 210 178 777 194 162 778 211 179 779 211 179 780 194 162 781 195 163 782 180 148 783 194 162 784 145 113 785 195 163 786 181 149 787 212 180 788 212 180 789 181 149 790 196 164 791 196 164 792 182 150 793 213 181 794 213 181 795 182 150 796 197 165 797 197 165 798 183 151 799 214 182 800 214 182 801 183 151 802 198 166 803 198 166 804 184 152 805 215 183 806 215 183 807 184 152 808 199 167 809 199 167 810 185 153 811 216 184 812 216 184 813 185 153 814 200 168 815 200 168 816 192 160 817 217 185 818 217 185 819 192 160 820 208 176 821 201 169 822 186 154 823 145 113 824 201 169 825 218 186 826 202 170 827 202 170 828 218 186 829 219 187 830 187 155 831 202 170 832 203 171 833 203 171 834 202 170 835 220 188 836 188 156 837 203 171 838 204 172 839 204 172 840 203 171 841 221 189 842 189 157 843 204 172 844 205 173 845 205 173 846 204 172 847 222 190 848 190 158 849 205 173 850 206 174 851 206 174 852 205 173 853 223 191 854 224 192 855 225 193 856 226 194 857 226 194 858 225 193 859 227 195 860 193 161 861 207 175 862 209 177 863 209 177 864 207 175 865 228 196 866 208 176 867 209 177 868 229 197 869 229 197 870 209 177 871 230 198 872 231 199 873 210 178 874 232 200 875 232 200 876 210 178 877 211 179 878 194 162 879 210 178 880 145 113 881 211 179 882 195 163 883 233 201 884 233 201 885 195 163 886 212 180 887 212 180 888 196 164 889 234 202 890 234 202 891 196 164 892 213 181 893 213 181 894 197 165 895 235 203 896 235 203 897 197 165 898 214 182 899 214 182 900 198 166 901 236 204 902 236 204 903 198 166 904 215 183 905 215 183 906 199 167 907 237 205 908 237 205 909 199 167 910 216 184 911 216 184 912 200 168 913 238 206 914 238 206 915 200 168 916 217 185 917 217 185 918 208 176 919 239 207 920 239 207 921 208 176 922 229 197 923 218 186 924 201 169 925 145 113 926 218 186 927 240 208 928 219 187 929 219 187 930 240 208 931 241 209 932 202 170 933 219 187 934 220 188 935 220 188 936 219 187 937 242 210 938 203 171 939 220 188 940 221 189 941 221 189 942 220 188 943 243 211 944 204 172 945 221 189 946 222 190 947 222 190 948 221 189 949 244 212 950 205 173 951 222 190 952 223 191 953 223 191 954 222 190 955 245 213 956 225 193 957 246 214 958 227 195 959 227 195 960 246 214 961 247 215 962 226 194 963 227 195 964 248 216 965 248 216 966 227 195 967 249 217 968 209 177 969 228 196 970 230 198 971 230 198 972 228 196 973 250 218 974 240 208 975 231 199 976 241 209 977 241 209 978 231 199 979 232 200 980 210 178 981 231 199 982 145 113 983 232 200 984 211 179 985 251 219 986 251 219 987 211 179 988 233 201 989 233 201 990 212 180 991 252 220 992 252 220 993 212 180 994 234 202 995 234 202 996 213 181 997 253 221 998 253 221 999 213 181 1000 235 203 1001 235 203 1002 214 182 1003 254 222 1004 254 222 1005 214 182 1006 236 204 1007 236 204 1008 215 183 1009 255 223 1010 255 223 1011 215 183 1012 237 205 1013 237 205 1014 216 184 1015 256 224 1016 256 224 1017 216 184 1018 238 206 1019 238 206 1020 217 185 1021 257 225 1022 257 225 1023 217 185 1024 239 207 1025 240 208 1026 218 186 1027 145 113 1028 219 187 1029 241 209 1030 242 210 1031 242 210 1032 241 209 1033 258 226 1034 220 188 1035 242 210 1036 243 211 1037 243 211 1038 242 210 1039 259 227 1040 221 189 1041 243 211 1042 244 212 1043 244 212 1044 243 211 1045 260 228 1046 222 190 1047 244 212 1048 245 213 1049 245 213 1050 244 212 1051 261 229 1052 246 214 1053 262 230 1054 247 215 1055 247 215 1056 262 230 1057 263 231 1058 227 195 1059 247 215 1060 249 217 1061 249 217 1062 247 215 1063 264 232 1064 248 216 1065 249 217 1066 265 233 1067 265 233 1068 249 217 1069 266 234 1070 231 199 1071 240 208 1072 145 113 1073 241 209 1074 232 200 1075 258 226 1076 258 226 1077 232 200 1078 251 219 1079 251 219 1080 233 201 1081 267 235 1082 267 235 1083 233 201 1084 252 220 1085 252 220 1086 234 202 1087 268 236 1088 268 236 1089 234 202 1090 253 221 1091 253 221 1092 235 203 1093 269 237 1094 269 237 1095 235 203 1096 254 222 1097 270 238 1098 236 204 1099 255 223 1100 255 223 1101 237 205 1102 271 239 1103 271 239 1104 237 205 1105 256 224 1106 256 224 1107 238 206 1108 272 240 1109 272 240 1110 238 206 1111 257 225 1112 242 210 1113 258 226 1114 259 227 1115 259 227 1116 258 226 1117 273 241 1118 243 211 1119 259 227 1120 260 228 1121 260 228 1122 259 227 1123 274 242 1124 244 212 1125 260 228 1126 261 229 1127 261 229 1128 260 228 1129 275 243 1130 245 213 1131 261 229 1132 276 244 1133 276 244 1134 261 229 1135 277 245 1136 247 215 1137 263 231 1138 264 232 1139 264 232 1140 263 231 1141 278 246 1142 249 217 1143 264 232 1144 266 234 1145 266 234 1146 264 232 1147 279 247 1148 258 226 1149 251 219 1150 273 241 1151 273 241 1152 251 219 1153 267 235 1154 267 235 1155 252 220 1156 280 248 1157 280 248 1158 252 220 1159 268 236 1160 268 236 1161 253 221 1162 281 249 1163 281 249 1164 253 221 1165 269 237 1166 269 237 1167 254 222 1168 282 250 1169 282 250 1170 254 222 1171 283 251 1172 255 223 1173 271 239 1174 284 252 1175 284 252 1176 271 239 1177 285 253 1178 271 239 1179 256 224 1180 286 254 1181 286 254 1182 256 224 1183 272 240 1184 259 227 1185 273 241 1186 274 242 1187 274 242 1188 273 241 1189 287 255 1190 260 228 1191 274 242 1192 275 243 1193 275 243 1194 274 242 1195 288 256 1196 261 229 1197 275 243 1198 277 245 1199 277 245 1200 275 243 1201 289 257 1202 276 244 1203 277 245 1204 290 258 1205 290 258 1206 277 245 1207 291 259 1208 264 232 1209 278 246 1210 279 247 1211 279 247 1212 278 246 1213 292 260 1214 273 241 1215 267 235 1216 287 255 1217 287 255 1218 267 235 1219 280 248 1220 280 248 1221 268 236 1222 293 261 1223 293 261 1224 268 236 1225 281 249 1226 281 249 1227 269 237 1228 294 262 1229 271 239 1230 286 254 1231 285 253 1232 285 253 1233 286 254 1234 295 263 1235 274 242 1236 287 255 1237 288 256 1238 288 256 1239 287 255 1240 296 264 1241 275 243 1242 288 256 1243 289 257 1244 289 257 1245 288 256 1246 297 265 1247 277 245 1248 289 257 1249 291 259 1250 291 259 1251 289 257 1252 298 266 1253 290 258 1254 291 259 1255 299 267 1256 299 267 1257 291 259 1258 300 268 1259 287 255 1260 280 248 1261 296 264 1262 296 264 1263 280 248 1264 293 261 1265 293 261 1266 281 249 1267 301 269 1268 301 269 1269 281 249 1270 302 270 1271 302 270 1272 294 262 1273 303 271 1274 288 256 1275 296 264 1276 297 265 1277 297 265 1278 296 264 1279 304 272 1280 289 257 1281 297 265 1282 298 266 1283 298 266 1284 297 265 1285 305 273 1286 291 259 1287 298 266 1288 300 268 1289 300 268 1290 298 266 1291 306 274 1292 296 264 1293 293 261 1294 304 272 1295 304 272 1296 293 261 1297 301 269 1298 301 269 1299 302 270 1300 307 275 1301 307 275 1302 302 270 1303 308 276 1304 308 276 1305 309 277 1306 310 278 1307 310 278 1308 309 277 1309 311 279 1310 297 265 1311 304 272 1312 305 273 1313 305 273 1314 304 272 1315 312 280 1316 298 266 1317 305 273 1318 306 274 1319 306 274 1320 305 273 1321 313 281 1322 304 272 1323 301 269 1324 312 280 1325 312 280 1326 301 269 1327 307 275 1328 307 275 1329 308 276 1330 314 282 1331 314 282 1332 308 276 1333 310 278 1334 305 273 1335 312 280 1336 313 281 1337 313 281 1338 312 280 1339 315 283 1340 312 280 1341 307 275 1342 315 283 1343 315 283 1344 307 275 1345 314 282 1346 283 251 1347 254 222 1348 270 238 1349 269 237 1350 282 250 1351 294 262 1352 270 238 1353 255 223 1354 284 252 1355 302 270 1356 303 271 1357 308 276 1358 308 276 1359 303 271 1360 309 277 1361 281 249 1362 294 262 1363 302 270 1364 254 222 1365 236 204 1366 270 238 1367 129 104 1368 136 104 1369 127 104 1370 127 104 1371 136 104 1372 135 104 1373 82 61 1374 126 103 1375 125 59 1376 126 103 1377 78 58 1378 80 59 1379</p>
        </polylist>
      </mesh>
    </geometry>
    <geometry id="ob0008_00_strappartsSkin-mesh" name="ob0008_00_strappartsSkin">
      <mesh>
        <source id="ob0008_00_strappartsSkin-mesh-positions">
          <float_array id="ob0008_00_strappartsSkin-mesh-positions-array" count="498">0.8692487 -0.3079666 -7.392361 0.7394289 -0.3079666 -7.647145 0.8692487 0.3112053 -7.392361 0.7394289 0.3112053 -7.647145 0.5372296 -0.3079666 -7.849345 0.5372296 0.3112053 -7.849345 0.2824436 -0.3079666 -7.979165 0.2824436 0.3112053 -7.979165 1.13135e-5 -0.3079666 -8.023899 1.13135e-5 0.3112053 -8.023899 1.13135e-5 -0.3079666 -8.023899 -0.282421 -0.3079666 -7.979165 1.13135e-5 0.3112053 -8.023899 -0.282421 0.3112053 -7.979165 -0.5372068 -0.3079666 -7.849345 -0.5372068 0.3112053 -7.849345 -0.739406 -0.3079666 -7.647145 -0.739406 0.3112053 -7.647145 -0.8692258 -0.3079666 -7.39236 -0.8692258 0.3112053 -7.39236 -0.9139587 -0.3079666 -7.109928 -0.9139587 0.3112053 -7.109928 -0.8692258 -0.3079666 -6.827496 -0.8692258 0.3112053 -6.827496 -0.7394059 -0.3079666 -6.57271 -0.7394059 0.3112053 -6.57271 -0.5372068 -0.3079666 -6.370511 -0.5372068 0.3112053 -6.370511 -0.2824209 -0.3079666 -6.240691 -0.2824209 0.3112053 -6.240691 1.12862e-5 -0.3079666 -6.195958 1.12862e-5 0.3112053 -6.195958 0.2824435 -0.3079666 -6.240691 0.2824435 0.3112053 -6.240691 0.5372292 -0.3079666 -6.370511 0.5372292 0.3112053 -6.370511 0.7394283 -0.3079666 -6.57271 0.7394283 0.3112053 -6.57271 0.8692483 -0.3079666 -6.827496 0.8692483 0.3112053 -6.827496 0.9139811 -0.3079666 -7.109928 0.9139811 0.3112053 -7.109928 0.7394289 -0.3079666 -7.647145 0.8692487 -0.3079666 -7.392361 1.13135e-5 -0.3079666 -7.109928 0.5372296 -0.3079666 -7.849345 0.2824436 -0.3079666 -7.979165 1.13135e-5 -0.3079666 -8.023899 -0.282421 -0.3079666 -7.979165 -0.5372068 -0.3079666 -7.849345 -0.739406 -0.3079666 -7.647145 -0.8692258 -0.3079666 -7.39236 -0.9139587 -0.3079666 -7.109928 -0.8692258 -0.3079666 -6.827496 -0.7394059 -0.3079666 -6.57271 -0.5372068 -0.3079666 -6.370511 -0.2824209 -0.3079666 -6.240691 1.12862e-5 -0.3079666 -6.195958 0.2824435 -0.3079666 -6.240691 0.5372292 -0.3079666 -6.370511 0.7394283 -0.3079666 -6.57271 0.8692483 -0.3079666 -6.827496 0.9139811 -0.3079666 -7.109928 0.7243758 0.5340031 -7.345289 0.6161926 0.5340031 -7.55761 1.12983e-5 0.5492017 -7.109928 0.4476932 0.5340031 -7.72611 0.2353716 0.5340031 -7.834292 1.12983e-5 0.5340031 -7.87157 -0.2353489 0.5340031 -7.834292 -0.4476705 0.5340031 -7.726109 -0.6161697 0.5340031 -7.55761 -0.724353 0.5340031 -7.345288 -0.7616303 0.5340031 -7.109928 -0.724353 0.5340031 -6.874568 -0.6161697 0.5340031 -6.662247 -0.4476704 0.5340031 -6.493747 -0.2353489 0.5340031 -6.385564 1.12756e-5 0.5340031 -6.348287 0.2353714 0.5340031 -6.385564 0.4476929 0.5340031 -6.493747 0.6161922 0.5340031 -6.662247 0.7243754 0.5340031 -6.874568 0.7616528 0.5340031 -7.109928 0.8692487 0.3112053 -7.392361 0.7394289 0.3112053 -7.647145 0.7243758 0.3112053 -7.345289 0.6161926 0.3112053 -7.55761 0.5372296 0.3112053 -7.849345 0.4476932 0.3112053 -7.72611 0.2824436 0.3112053 -7.979165 0.2353716 0.3112053 -7.834292 1.13135e-5 0.3112053 -8.023899 1.12983e-5 0.3112053 -7.87157 -0.282421 0.3112053 -7.979165 -0.2353489 0.3112053 -7.834292 -0.5372068 0.3112053 -7.849345 -0.4476705 0.3112053 -7.726109 -0.739406 0.3112053 -7.647145 -0.6161697 0.3112053 -7.55761 -0.8692258 0.3112053 -7.39236 -0.724353 0.3112053 -7.345288 -0.9139587 0.3112053 -7.109928 -0.7616303 0.3112053 -7.109928 -0.8692258 0.3112053 -6.827496 -0.724353 0.3112053 -6.874568 -0.7394059 0.3112053 -6.57271 -0.6161697 0.3112053 -6.662247 -0.5372068 0.3112053 -6.370511 -0.4476704 0.3112053 -6.493747 -0.2824209 0.3112053 -6.240691 -0.2353489 0.3112053 -6.385564 1.12862e-5 0.3112053 -6.195958 1.12756e-5 0.3112053 -6.348287 0.2824435 0.3112053 -6.240691 0.2353714 0.3112053 -6.385564 0.5372292 0.3112053 -6.370511 0.4476929 0.3112053 -6.493747 0.7394283 0.3112053 -6.57271 0.6161922 0.3112053 -6.662247 0.8692483 0.3112053 -6.827496 0.7243754 0.3112053 -6.874568 0.9139811 0.3112053 -7.109928 0.7616528 0.3112053 -7.109928 0.7243758 0.3112053 -7.345289 0.6161926 0.3112053 -7.55761 0.7243758 0.5340031 -7.345289 0.6161926 0.5340031 -7.55761 0.4476932 0.3112053 -7.72611 0.4476932 0.5340031 -7.72611 0.2353716 0.3112053 -7.834292 0.2353716 0.5340031 -7.834292 1.12983e-5 0.3112053 -7.87157 1.12983e-5 0.5340031 -7.87157 -0.2353489 0.3112053 -7.834292 -0.2353489 0.5340031 -7.834292 -0.4476705 0.3112053 -7.726109 -0.4476705 0.5340031 -7.726109 -0.6161697 0.3112053 -7.55761 -0.6161697 0.5340031 -7.55761 -0.724353 0.3112053 -7.345288 -0.724353 0.5340031 -7.345288 -0.7616303 0.3112053 -7.109928 -0.7616303 0.5340031 -7.109928 -0.724353 0.3112053 -6.874568 -0.724353 0.5340031 -6.874568 -0.6161697 0.3112053 -6.662247 -0.6161697 0.5340031 -6.662247 -0.4476704 0.3112053 -6.493747 -0.4476704 0.5340031 -6.493747 -0.2353489 0.3112053 -6.385564 -0.2353489 0.5340031 -6.385564 1.12756e-5 0.3112053 -6.348287 1.12756e-5 0.5340031 -6.348287 1.12756e-5 0.3112053 -6.348287 0.2353714 0.3112053 -6.385564 1.12756e-5 0.5340031 -6.348287 0.2353714 0.5340031 -6.385564 0.4476929 0.3112053 -6.493747 0.4476929 0.5340031 -6.493747 0.6161922 0.3112053 -6.662247 0.6161922 0.5340031 -6.662247 0.7243754 0.3112053 -6.874568 0.7243754 0.5340031 -6.874568 0.7616528 0.3112053 -7.109928 0.7616528 0.5340031 -7.109928</float_array>
          <technique_common>
            <accessor source="#ob0008_00_strappartsSkin-mesh-positions-array" count="166" stride="3">
              <param name="X" type="float"/>
              <param name="Y" type="float"/>
              <param name="Z" type="float"/>
            </accessor>
          </technique_common>
        </source>
        <source id="ob0008_00_strappartsSkin-mesh-normals">
          <float_array id="ob0008_00_strappartsSkin-mesh-normals-array" count="168">0.9510608 0 -0.309004 0.8090303 0 -0.587767 0.5878015 0 -0.8090053 0.587767 0 -0.8090303 0.309004 0 -0.9510608 0.1564108 0 -0.9876922 -0.1564108 0 -0.9876922 -0.309004 0 -0.9510608 -0.587767 0 -0.8090303 -0.5878015 0 -0.8090053 -0.8090303 0 -0.587767 -0.9510608 0 -0.309004 -1 0 0 -0.9510608 0 0.309004 -0.8090303 0 0.587767 -0.587767 0 0.8090303 -0.309004 0 0.9510608 0 0 1 0.309004 0 0.9510608 0.587767 0 0.8090303 0.8090303 0 0.587767 0.9510608 0 0.309004 1 0 0 0 -1 2.30907e-7 0 -1 0 0 -1 0 0 -1 0 0 -1 0 0 -1 0 0 -1 -2.30905e-7 0.01895225 0.9998014 -0.006164789 0.01611399 0.9998015 -0.01171928 0 1 0 0.01171928 0.9998015 -0.01611399 0.006164789 0.9998014 -0.01895225 0 0.9998014 -0.01992887 -0.006164789 0.9998014 -0.01895225 -0.01171928 0.9998015 -0.01611399 -0.01611399 0.9998015 -0.01171928 -0.01895225 0.9998014 -0.006164789 -0.01992887 0.9998014 0 -0.01895225 0.9998014 0.006164789 -0.01611399 0.9998015 0.01171928 -0.01171928 0.9998015 0.01611399 -0.006164789 0.9998014 0.01895225 0 0.9998014 0.01992887 0.006164789 0.9998014 0.01895225 0.01171928 0.9998015 0.01611399 0.01611399 0.9998015 0.01171928 0.01895225 0.9998014 0.006164789 0.01992887 0.9998014 0 0 0 -1 -0.587787 0 0.8090158 -0.1564108 0 0.9876922 0.1564108 0 0.9876922 0.587787 0 0.8090158</float_array>
          <technique_common>
            <accessor source="#ob0008_00_strappartsSkin-mesh-normals-array" count="56" stride="3">
              <param name="X" type="float"/>
              <param name="Y" type="float"/>
              <param name="Z" type="float"/>
            </accessor>
          </technique_common>
        </source>
        <source id="ob0008_00_strappartsSkin-mesh-map-0">
          <float_array id="ob0008_00_strappartsSkin-mesh-map-0-array" count="960">0.9879012 0.2083015 0.9878991 0.2201334 0.962332 0.2083101 0.962332 0.2083101 0.9878991 0.2201334 0.9623304 0.2201355 0.9878991 0.2201334 0.9878905 0.2319573 0.9623304 0.2201355 0.9623304 0.2201355 0.9878905 0.2319573 0.9623228 0.2319668 0.9878905 0.2319573 0.987881 0.2437826 0.9623228 0.2319668 0.9623228 0.2319668 0.987881 0.2437826 0.9623249 0.2437974 0.987881 0.2437826 0.9878603 0.2556003 0.9623249 0.2437974 0.9623249 0.2437974 0.9878603 0.2556003 0.9623616 0.2556287 0.9878507 0.01910954 0.9878879 0.0309413 0.9623521 0.01913917 0.9623521 0.01913917 0.9878879 0.0309413 0.9623316 0.03095752 0.9878879 0.0309413 0.9878898 0.04277342 0.9623316 0.03095752 0.9623316 0.03095752 0.9878898 0.04277342 0.9623219 0.04278284 0.9878898 0.04277342 0.9878816 0.05460768 0.9623219 0.04278284 0.9623219 0.04278284 0.9878816 0.05460768 0.9623126 0.05461126 0.9878816 0.05460768 0.9878798 0.06643539 0.9623126 0.05461126 0.9623126 0.05461126 0.9878798 0.06643539 0.9623106 0.06644374 0.9878798 0.06643539 0.9878874 0.0782693 0.9623106 0.06644374 0.9623106 0.06644374 0.9878874 0.0782693 0.9623194 0.07827264 0.9878874 0.0782693 0.9878969 0.09010142 0.9623194 0.07827264 0.9623194 0.07827264 0.9878969 0.09010142 0.9623278 0.09009939 0.9878969 0.09010142 0.9878951 0.1019326 0.9623278 0.09009939 0.9623278 0.09009939 0.9878951 0.1019326 0.9623256 0.1019193 0.9878951 0.1019326 0.9878863 0.1137553 0.9623256 0.1019193 0.9623256 0.1019193 0.9878863 0.1137553 0.9623166 0.1137391 0.9878863 0.1137553 0.9878827 0.1255709 0.9623166 0.1137391 0.9623166 0.1137391 0.9878827 0.1255709 0.962314 0.1255573 0.9878827 0.1255709 0.9878901 0.1373845 0.962314 0.1255573 0.962314 0.1255573 0.9878901 0.1373845 0.9623223 0.1373726 0.9878901 0.1373845 0.9878984 0.1491983 0.9623223 0.1373726 0.9623223 0.1373726 0.9878984 0.1491983 0.9623299 0.1491842 0.9878984 0.1491983 0.987896 0.1610155 0.9623299 0.1491842 0.9623299 0.1491842 0.987896 0.1610155 0.9623265 0.161 0.987896 0.1610155 0.9878872 0.1728346 0.9623265 0.161 0.9623265 0.161 0.9878872 0.1728346 0.962318 0.1728203 0.9878872 0.1728346 0.9878851 0.1846517 0.962318 0.1728203 0.962318 0.1728203 0.9878851 0.1846517 0.9623159 0.1846503 0.9878851 0.1846517 0.9878927 0.1964768 0.9623159 0.1846503 0.9623159 0.1846503 0.9878927 0.1964768 0.9623249 0.196478 0.9878927 0.1964768 0.9879012 0.2083015 0.9623249 0.196478 0.9623249 0.196478 0.9879012 0.2083015 0.962332 0.2083101 0.9341516 0.1246632 0.9202373 0.1317528 0.9068099 0.08428269 0.9451941 0.1136209 0.9341516 0.1246632 0.9068099 0.08428269 0.9522837 0.09970664 0.9451941 0.1136209 0.9068099 0.08428269 0.9547268 0.08428275 0.9522837 0.09970664 0.9068099 0.08428269 0.9522837 0.06885844 0.9547268 0.08428275 0.9068099 0.08428269 0.9451941 0.05494451 0.9522837 0.06885844 0.9068099 0.08428269 0.9341516 0.04390209 0.9451941 0.05494451 0.9068099 0.08428269 0.9202375 0.0368123 0.9341516 0.04390209 0.9068099 0.08428269 0.9048133 0.03436928 0.9202375 0.0368123 0.9068099 0.08428269 0.8893893 0.03681224 0.9048133 0.03436928 0.9068099 0.08428269 0.8754751 0.04390209 0.8893893 0.03681224 0.9068099 0.08428269 0.8644328 0.05494445 0.8754751 0.04390209 0.9068099 0.08428269 0.8573433 0.06885844 0.8644328 0.05494445 0.9068099 0.08428269 0.8549002 0.08428269 0.8573433 0.06885844 0.9068099 0.08428269 0.8573432 0.09970659 0.8549002 0.08428269 0.9068099 0.08428269 0.8644329 0.1136209 0.8573432 0.09970659 0.9068099 0.08428269 0.8754752 0.1246632 0.8644329 0.1136209 0.9068099 0.08428269 0.8893893 0.1317528 0.8754752 0.1246632 0.9068099 0.08428269 0.9048133 0.1341959 0.8893893 0.1317528 0.9068099 0.08428269 0.9202373 0.1317528 0.9048133 0.1341959 0.9068099 0.08428269 0.7859526 0.1242148 0.7727187 0.1174716 0.8025218 0.07906478 0.7727187 0.1174716 0.762216 0.1069694 0.8025218 0.07906478 0.762216 0.1069694 0.7554729 0.09373497 0.8025218 0.07906478 0.7554729 0.09373497 0.7531494 0.07906472 0.8025218 0.07906478 0.7531494 0.07906472 0.7554729 0.06439483 0.8025218 0.07906478 0.7554729 0.06439483 0.7622159 0.05116087 0.8025218 0.07906478 0.7622159 0.05116087 0.7727186 0.04065829 0.8025218 0.07906478 0.7727186 0.04065829 0.7859526 0.03391492 0.8025218 0.07906478 0.7859526 0.03391492 0.8006228 0.03159135 0.8025218 0.07906478 0.8006228 0.03159135 0.8152929 0.03391498 0.8025218 0.07906478 0.8152929 0.03391498 0.828527 0.04065829 0.8025218 0.07906478 0.828527 0.04065829 0.8390297 0.05116087 0.8025218 0.07906478 0.8390297 0.05116087 0.8457728 0.06439483 0.8025218 0.07906478 0.8457728 0.06439483 0.8480964 0.07906472 0.8025218 0.07906478 0.8480964 0.07906472 0.8457727 0.09373497 0.8025218 0.07906478 0.8457727 0.09373497 0.8390298 0.1069694 0.8025218 0.07906478 0.8390298 0.1069694 0.828527 0.1174716 0.8025218 0.07906478 0.828527 0.1174716 0.8152928 0.1242148 0.8025218 0.07906478 0.8152928 0.1242148 0.8006227 0.1265382 0.8025218 0.07906478 0.8006227 0.1265382 0.7859526 0.1242148 0.8025218 0.07906478 0.8902791 0.2368001 0.8760633 0.2295637 0.8929436 0.2285306 0.8929436 0.2285306 0.8760633 0.2295637 0.881155 0.2225196 0.8760633 0.2295637 0.8647813 0.2182867 0.881155 0.2225196 0.881155 0.2225196 0.8647813 0.2182867 0.8717986 0.2131622 0.8647813 0.2182867 0.8575354 0.2040759 0.8717986 0.2131622 0.8717986 0.2131622 0.8575354 0.2040759 0.865793 0.2013698 0.8575354 0.2040759 0.8550356 0.1883218 0.865793 0.2013698 0.865793 0.2013698 0.8550356 0.1883218 0.8637262 0.1883005 0.8550356 0.1883218 0.8575272 0.1725652 0.8637262 0.1883005 0.8637262 0.1883005 0.8575272 0.1725652 0.8657969 0.1752307 0.8575272 0.1725652 0.8647634 0.1583506 0.8657969 0.1752307 0.8657969 0.1752307 0.8647634 0.1583506 0.8718091 0.1634412 0.8647634 0.1583506 0.8760419 0.1470689 0.8718091 0.1634412 0.8718091 0.1634412 0.8760419 0.1470689 0.8811625 0.1540859 0.8760419 0.1470689 0.8902507 0.1398203 0.8811625 0.1540859 0.8811625 0.1540859 0.8902507 0.1398203 0.8929614 0.1480821 0.8902507 0.1398203 0.9060066 0.1373255 0.8929614 0.1480821 0.8929614 0.1480821 0.9060066 0.1373255 0.906024 0.1460089 0.9060066 0.1373255 0.9217625 0.1398107 0.906024 0.1460089 0.906024 0.1460089 0.9217625 0.1398107 0.9190977 0.1480877 0.9217625 0.1398107 0.9359773 0.1470518 0.9190977 0.1480877 0.9190977 0.1480877 0.9359773 0.1470518 0.9308861 0.1540937 0.9359773 0.1470518 0.947259 0.1583284 0.9308861 0.1540937 0.9308861 0.1540937 0.947259 0.1583284 0.9402422 0.1634517 0.947259 0.1583284 0.9545055 0.1725383 0.9402422 0.1634517 0.9402422 0.1634517 0.9545055 0.1725383 0.9462472 0.1752452 0.9545055 0.1725383 0.9570051 0.1882928 0.9462472 0.1752452 0.9462472 0.1752452 0.9570051 0.1882928 0.948315 0.1883133 0.9570051 0.1882928 0.9545136 0.2040492 0.948315 0.1883133 0.948315 0.1883133 0.9545136 0.2040492 0.9462435 0.2013842 0.9545136 0.2040492 0.9472778 0.218264 0.9462435 0.2013842 0.9462435 0.2013842 0.9472778 0.218264 0.9402322 0.2131723 0.9472778 0.218264 0.9359982 0.2295455 0.9402322 0.2131723 0.9402322 0.2131723 0.9359982 0.2295455 0.9308767 0.22253 0.9359982 0.2295455 0.9217906 0.2367942 0.9308767 0.22253 0.9308767 0.22253 0.9217906 0.2367942 0.9190814 0.2285325 0.9217906 0.2367942 0.9060338 0.2392907 0.9190814 0.2285325 0.9190814 0.2285325 0.9060338 0.2392907 0.9060144 0.2306036 0.9060338 0.2392907 0.8902791 0.2368001 0.9060144 0.2306036 0.9060144 0.2306036 0.8902791 0.2368001 0.8929436 0.2285306 0.8413901 0.02670246 0.8311505 0.02670246 0.8413901 0.01482266 0.8413901 0.01482266 0.8311505 0.02670246 0.8311505 0.01482266 0.8311505 0.02670246 0.8209112 0.02670246 0.8311505 0.01482266 0.8311505 0.01482266 0.8209112 0.02670246 0.8209114 0.01482266 0.8209112 0.02670246 0.8106716 0.02670246 0.8209114 0.01482266 0.8209114 0.01482266 0.8106716 0.02670246 0.8106716 0.01482266 0.8106716 0.02670246 0.800483 0.02670246 0.8106716 0.01482266 0.8106716 0.01482266 0.800483 0.02670246 0.800483 0.01482266 0.800483 0.02670246 0.7902942 0.02670246 0.800483 0.01482266 0.800483 0.01482266 0.7902942 0.02670246 0.7902942 0.01482266 0.7902942 0.02670246 0.7800546 0.02670246 0.7902942 0.01482266 0.7902942 0.01482266 0.7800546 0.02670246 0.7800546 0.01482266 0.7800546 0.02670246 0.7698154 0.02670246 0.7800546 0.01482266 0.7800546 0.01482266 0.7698154 0.02670246 0.7698154 0.01482266 0.7698154 0.02670246 0.7595758 0.02670246 0.7698154 0.01482266 0.7698154 0.01482266 0.7595758 0.02670246 0.7595758 0.01482266 0.7595758 0.02670246 0.749336 0.02670246 0.7595758 0.01482266 0.7595758 0.01482266 0.749336 0.02670246 0.749336 0.01482266 0.749336 0.02670246 0.7390966 0.02670246 0.749336 0.01482266 0.749336 0.01482266 0.7390966 0.02670246 0.7390966 0.01482266 0.7390966 0.02670246 0.7288566 0.02670246 0.7390966 0.01482266 0.7390966 0.01482266 0.7288566 0.02670246 0.7288566 0.01482266 0.7288566 0.02670246 0.7186174 0.02670246 0.7288566 0.01482266 0.7288566 0.01482266 0.7186174 0.02670246 0.7186174 0.01482266 0.7186174 0.02670246 0.7083778 0.02670246 0.7186174 0.01482266 0.7186174 0.01482266 0.7083778 0.02670246 0.7083778 0.01482266 0.7083778 0.02670246 0.7021224 0.02670246 0.7083778 0.01482266 0.7083778 0.01482266 0.7021224 0.02670246 0.7021224 0.01482266 0.8988435 0.02670246 0.8925884 0.02670246 0.8988435 0.01482266 0.8988435 0.01482266 0.8925884 0.02670246 0.8925884 0.01482266 0.8925884 0.02670246 0.8823485 0.02670246 0.8925884 0.01482266 0.8925884 0.01482266 0.8823485 0.02670246 0.8823485 0.01482266 0.8823485 0.02670246 0.8721089 0.02670246 0.8823485 0.01482266 0.8823485 0.01482266 0.8721089 0.02670246 0.8721089 0.01482266 0.8721089 0.02670246 0.8618696 0.02670222 0.8721089 0.01482266 0.8721089 0.01482266 0.8618696 0.02670222 0.8618696 0.01482266 0.8618696 0.02670222 0.8516302 0.02670246 0.8618696 0.01482266 0.8618696 0.01482266 0.8516302 0.02670246 0.8516302 0.01482266 0.8516302 0.02670246 0.8413901 0.02670246 0.8516302 0.01482266 0.8516302 0.01482266 0.8413901 0.02670246 0.8413901 0.01482266</float_array>
          <technique_common>
            <accessor source="#ob0008_00_strappartsSkin-mesh-map-0-array" count="480" stride="2">
              <param name="S" type="float"/>
              <param name="T" type="float"/>
            </accessor>
          </technique_common>
        </source>
        <vertices id="ob0008_00_strappartsSkin-mesh-vertices">
          <input semantic="POSITION" source="#ob0008_00_strappartsSkin-mesh-positions"/>
        </vertices>
        <polylist material="obj01-material" count="160">
          <input semantic="VERTEX" source="#ob0008_00_strappartsSkin-mesh-vertices" offset="0"/>
          <input semantic="NORMAL" source="#ob0008_00_strappartsSkin-mesh-normals" offset="1"/>
          <input semantic="TEXCOORD" source="#ob0008_00_strappartsSkin-mesh-map-0" offset="2" set="0"/>
          <vcount>3 3 3 3 3 3 3 3 3 3 3 3 3 3 3 3 3 3 3 3 3 3 3 3 3 3 3 3 3 3 3 3 3 3 3 3 3 3 3 3 3 3 3 3 3 3 3 3 3 3 3 3 3 3 3 3 3 3 3 3 3 3 3 3 3 3 3 3 3 3 3 3 3 3 3 3 3 3 3 3 3 3 3 3 3 3 3 3 3 3 3 3 3 3 3 3 3 3 3 3 3 3 3 3 3 3 3 3 3 3 3 3 3 3 3 3 3 3 3 3 3 3 3 3 3 3 3 3 3 3 3 3 3 3 3 3 3 3 3 3 3 3 3 3 3 3 3 3 3 3 3 3 3 3 3 3 3 3 3 3 </vcount>
          <p>0 0 0 1 1 1 2 0 2 2 0 3 1 1 4 3 1 5 1 1 6 4 2 7 3 1 8 3 1 9 4 2 10 5 3 11 4 2 12 6 4 13 5 3 14 5 3 15 6 4 16 7 4 17 6 4 18 8 5 19 7 4 20 7 4 21 8 5 22 9 5 23 10 6 24 11 7 25 12 6 26 12 6 27 11 7 28 13 7 29 11 7 30 14 8 31 13 7 32 13 7 33 14 8 34 15 9 35 14 8 36 16 10 37 15 9 38 15 9 39 16 10 40 17 10 41 16 10 42 18 11 43 17 10 44 17 10 45 18 11 46 19 11 47 18 11 48 20 12 49 19 11 50 19 11 51 20 12 52 21 12 53 20 12 54 22 13 55 21 12 56 21 12 57 22 13 58 23 13 59 22 13 60 24 14 61 23 13 62 23 13 63 24 14 64 25 14 65 24 14 66 26 15 67 25 14 68 25 14 69 26 15 70 27 15 71 26 15 72 28 16 73 27 15 74 27 15 75 28 16 76 29 16 77 28 16 78 30 17 79 29 16 80 29 16 81 30 17 82 31 17 83 30 17 84 32 18 85 31 17 86 31 17 87 32 18 88 33 18 89 32 18 90 34 19 91 33 18 92 33 18 93 34 19 94 35 19 95 34 19 96 36 20 97 35 19 98 35 19 99 36 20 100 37 20 101 36 20 102 38 21 103 37 20 104 37 20 105 38 21 106 39 21 107 38 21 108 40 22 109 39 21 110 39 21 111 40 22 112 41 22 113 40 22 114 0 0 115 41 22 116 41 22 117 0 0 118 2 0 119 42 23 120 43 23 121 44 23 122 45 24 123 42 24 124 44 24 125 46 24 126 45 24 127 44 24 128 47 24 129 46 24 130 44 24 131 48 24 132 47 24 133 44 24 134 49 24 135 48 24 136 44 24 137 50 25 138 49 25 139 44 25 140 51 26 141 50 26 142 44 26 143 52 24 144 51 24 145 44 24 146 53 24 147 52 24 148 44 24 149 54 24 150 53 24 151 44 24 152 55 24 153 54 24 154 44 24 155 56 24 156 55 24 157 44 24 158 57 24 159 56 24 160 44 24 161 58 27 162 57 27 163 44 27 164 59 24 165 58 24 166 44 24 167 60 24 168 59 24 169 44 24 170 61 28 171 60 28 172 44 28 173 62 24 174 61 24 175 44 24 176 43 29 177 62 29 178 44 29 179 63 30 180 64 31 181 65 32 182 64 31 183 66 33 184 65 32 185 66 33 186 67 34 187 65 32 188 67 34 189 68 35 190 65 32 191 68 35 192 69 36 193 65 32 194 69 36 195 70 37 196 65 32 197 70 37 198 71 38 199 65 32 200 71 38 201 72 39 202 65 32 203 72 39 204 73 40 205 65 32 206 73 40 207 74 41 208 65 32 209 74 41 210 75 42 211 65 32 212 75 42 213 76 43 214 65 32 215 76 43 216 77 44 217 65 32 218 77 44 219 78 45 220 65 32 221 78 45 222 79 46 223 65 32 224 79 46 225 80 47 226 65 32 227 80 47 228 81 48 229 65 32 230 81 48 231 82 49 232 65 32 233 82 49 234 83 50 235 65 32 236 83 50 237 63 30 238 65 32 239 84 32 240 85 32 241 86 32 242 86 32 243 85 32 244 87 32 245 85 32 246 88 32 247 87 32 248 87 32 249 88 32 250 89 32 251 88 32 252 90 32 253 89 32 254 89 32 255 90 32 256 91 32 257 90 32 258 92 32 259 91 32 260 91 32 261 92 32 262 93 32 263 92 32 264 94 32 265 93 32 266 93 32 267 94 32 268 95 32 269 94 32 270 96 32 271 95 32 272 95 32 273 96 32 274 97 32 275 96 32 276 98 32 277 97 32 278 97 32 279 98 32 280 99 32 281 98 32 282 100 32 283 99 32 284 99 32 285 100 32 286 101 32 287 100 32 288 102 32 289 101 32 290 101 32 291 102 32 292 103 32 293 102 32 294 104 32 295 103 32 296 103 32 297 104 32 298 105 32 299 104 32 300 106 32 301 105 32 302 105 32 303 106 32 304 107 32 305 106 32 306 108 32 307 107 32 308 107 32 309 108 32 310 109 32 311 108 32 312 110 32 313 109 32 314 109 32 315 110 32 316 111 32 317 110 32 318 112 32 319 111 32 320 111 32 321 112 32 322 113 32 323 112 32 324 114 32 325 113 32 326 113 32 327 114 32 328 115 32 329 114 32 330 116 32 331 115 32 332 115 32 333 116 32 334 117 32 335 116 32 336 118 32 337 117 32 338 117 32 339 118 32 340 119 32 341 118 32 342 120 32 343 119 32 344 119 32 345 120 32 346 121 32 347 120 32 348 122 32 349 121 32 350 121 32 351 122 32 352 123 32 353 122 32 354 84 32 355 123 32 356 123 32 357 84 32 358 86 32 359 124 0 360 125 1 361 126 0 362 126 0 363 125 1 364 127 1 365 125 1 366 128 3 367 127 1 368 127 1 369 128 3 370 129 3 371 128 3 372 130 4 373 129 3 374 129 3 375 130 4 376 131 4 377 130 4 378 132 51 379 131 4 380 131 4 381 132 51 382 133 51 383 132 51 384 134 7 385 133 51 386 133 51 387 134 7 388 135 7 389 134 7 390 136 8 391 135 7 392 135 7 393 136 8 394 137 8 395 136 8 396 138 10 397 137 8 398 137 8 399 138 10 400 139 10 401 138 10 402 140 11 403 139 10 404 139 10 405 140 11 406 141 11 407 140 11 408 142 12 409 141 11 410 141 11 411 142 12 412 143 12 413 142 12 414 144 13 415 143 12 416 143 12 417 144 13 418 145 13 419 144 13 420 146 14 421 145 13 422 145 13 423 146 14 424 147 14 425 146 14 426 148 15 427 147 14 428 147 14 429 148 15 430 149 52 431 148 15 432 150 16 433 149 52 434 149 52 435 150 16 436 151 16 437 150 16 438 152 53 439 151 16 440 151 16 441 152 53 442 153 53 443 154 54 444 155 18 445 156 54 446 156 54 447 155 18 448 157 18 449 155 18 450 158 55 451 157 18 452 157 18 453 158 55 454 159 19 455 158 55 456 160 20 457 159 19 458 159 19 459 160 20 460 161 20 461 160 20 462 162 21 463 161 20 464 161 20 465 162 21 466 163 21 467 162 21 468 164 22 469 163 21 470 163 21 471 164 22 472 165 22 473 164 22 474 124 0 475 165 22 476 165 22 477 124 0 478 126 0 479</p>
        </polylist>
      </mesh>
    </geometry>
    <geometry id="ob0008_00_strapSkin-mesh" name="ob0008_00_strapSkin">
      <mesh>
        <source id="ob0008_00_strapSkin-mesh-positions">
          <float_array id="ob0008_00_strapSkin-mesh-positions-array" count="1458">0.4877204 0.2753391 -22.22313 0.4259724 0.1951683 -22.0572 1.063265 0.2753391 -21.8216 0.9406371 0.1951683 -21.68028 0.5396906 0.2753391 -12.00802 0.6243582 0.2753391 -13.03821 0.3479863 0.1951683 -12.03123 0.432953 0.1951683 -13.06445 0.6243582 -0.2721004 -13.03821 0.8157634 -0.1919296 -13.01198 0.5396906 -0.2721004 -12.00802 0.7313949 -0.1919296 -11.98481 0.3925284 -0.2721004 -6.206349 0.5849841 -0.1919296 -6.206349 0.4169964 -0.2721004 -5.924511 0.6096897 -0.1919296 -5.919801 0.5849841 0.1951683 -6.206349 0.6096897 0.1951683 -5.919801 0.6647025 0.001619338 -6.206349 0.6895064 0.001619338 -5.91785 0.6072339 0.1951681 -5.084908 0.6872115 0.001619279 -5.08136 0.6371349 0.1951683 -5.601476 0.7170608 0.001619338 -5.597358 0.4141515 0.2753391 -5.093473 0.4441778 0.2753391 -5.61142 0.3925284 0.2753391 -6.206349 0.4169965 0.2753391 -5.924511 0.4141515 -0.2721004 -5.093473 0.4441778 -0.2721004 -5.61142 0.6072339 -0.1919296 -5.084908 0.6371349 -0.1919296 -5.601476 0.8157634 0.1951683 -13.01198 0.7313949 0.1951683 -11.98481 0.8950462 0.001619338 -13.00111 0.8108017 0.001619338 -11.9752 0.6669955 0.001619338 -7.945867 0.587503 0.1951683 -7.954614 0.3955921 0.2753391 -7.975729 0.3955921 -0.2721004 -7.975729 0.587503 -0.1919296 -7.954614 0.2243029 0.1951683 -5.929222 0.2000723 0.1951683 -6.206349 0.1203539 0.001619338 -6.206349 0.2000723 -0.1919296 -6.206349 0.1444862 0.001619338 -5.931173 0.2243029 -0.1919296 -5.929222 0.1410913 0.001619279 -5.105586 0.1712946 0.001619338 -5.625483 0.2210689 -0.1919296 -5.102038 0.2512205 -0.1919296 -5.621364 0.2210689 0.1951681 -5.102038 0.2512205 0.1951683 -5.621364 0.1410913 0.001619279 -5.105586 0.1712946 0.001619338 -5.625483 0.1203539 0.001619338 -6.206349 0.1444862 0.001619338 -5.931173 0.3536702 0.001619338 -13.07532 0.432953 -0.1919296 -13.06445 0.2685795 0.001619338 -12.04084 0.3479863 -0.1919296 -12.03123 0.2036811 -0.1919296 -7.996844 0.1241887 0.001619338 -8.005592 0.2036811 0.1951683 -7.996844 0.1241887 0.001619338 -8.005592 0.3536702 0.001619338 -13.07532 0.2685795 0.001619338 -12.04084 1.063265 -0.2721004 -21.8216 0.4877204 -0.2721004 -22.22313 1.185893 -0.1919296 -21.96291 0.5494679 -0.1919296 -22.38907 0.9104376 -0.2721004 -15.13729 1.100726 -0.1919296 -15.1035 0.7515128 -0.2721004 -14.10917 0.9423417 -0.1919296 -14.07758 1.021386 0.001619338 -14.06449 1.179546 0.001619338 -15.08951 0.9423417 0.1951683 -14.07758 1.100726 0.1951683 -15.1035 0.7515128 0.2753391 -14.10917 0.9104376 0.2753391 -15.13729 0.575045 0.001619338 -22.45781 0.5494679 0.1951683 -22.38907 1.236687 0.001619338 -22.02144 1.185893 0.1951683 -21.96291 1.569171 0.1951683 -17.85089 1.648095 0.001619338 -17.84393 1.715567 0.1951683 -18.6591 1.79453 0.001619338 -18.65483 1.378633 0.2753391 -17.8677 1.524932 0.2753391 -18.66938 1.725029 0.001619338 -21.2135 1.652042 0.1951683 -21.18588 1.89126 0.001619338 -20.26777 1.813328 0.1951683 -20.25718 1.475837 0.2753391 -21.1192 1.625185 0.2753391 -20.23164 1.618451 0.2753391 -19.45815 1.807845 0.1951683 -19.46571 1.886295 0.001619338 -19.46884 1.378633 -0.2721004 -17.8677 1.524932 -0.2721004 -18.66938 1.569171 -0.1919296 -17.85089 1.715567 -0.1919296 -18.6591 1.625185 -0.2721004 -20.23164 1.475837 -0.2721004 -21.1192 1.813328 -0.1919296 -20.25718 1.652042 -0.1919296 -21.18588 1.807845 -0.1919296 -19.46571 1.618451 -0.2721004 -19.45815 0.5606838 0.1951683 -14.14076 0.720149 0.1951683 -15.17108 0.6413287 0.001619338 -15.18507 0.720149 -0.1919296 -15.17108 0.4816397 0.001619338 -14.15384 0.5606838 -0.1919296 -14.14076 0.4816397 0.001619338 -14.15384 0.6413287 0.001619338 -15.18507 0.8898426 0.001619338 -21.62175 0.4003957 0.001619338 -21.98846 0.9406371 -0.1919296 -21.68028 0.4259724 -0.1919296 -22.0572 1.109172 0.001619338 -17.89147 1.255335 0.001619338 -18.68393 1.188095 -0.1919296 -17.8845 1.334298 -0.1919296 -18.67967 1.359109 0.001619338 -20.19551 1.226644 0.001619338 -21.0249 1.437041 -0.1919296 -20.20609 1.29963 -0.1919296 -21.05252 1.429057 -0.1919296 -19.45059 1.350608 0.001619338 -19.44746 1.188095 0.1951683 -17.8845 1.334298 0.1951683 -18.67967 1.255335 0.001619338 -18.68393 1.109172 0.001619338 -17.89147 1.29963 0.1951683 -21.05252 1.437041 0.1951683 -20.20609 1.226644 0.001619338 -21.0249 1.359109 0.001619338 -20.19551 1.429057 0.1951683 -19.45059 1.350608 0.001619338 -19.44746 0.8898426 0.001619338 -21.62175 0.4003957 0.001619338 -21.98846 0.1935737 0.2753391 -4.099449 0.3870846 0.1951683 -4.099449 0.1964187 0.2753391 -4.221734 0.3898987 0.1951683 -4.221734 0.4672395 0.001619338 -4.099449 0.4700412 0.001619338 -4.221734 0.3870846 -0.1919296 -4.099449 0.3898987 -0.1919296 -4.221734 0.1935737 -0.2721004 -4.099449 0.1964187 -0.2721004 -4.221734 6.32031e-5 -0.1919296 -4.09945 0.002938866 -0.1919296 -4.221734 -0.08009171 0.001619338 -4.09945 -0.07720315 0.001619338 -4.221734 -0.08009171 0.001619338 -4.09945 6.32031e-5 0.1951683 -4.09945 -0.07720315 0.001619338 -4.221734 0.002938866 0.1951683 -4.221734 1.13135e-5 0.1951683 -22.50026 1.13135e-5 0.2753391 -22.30935 1.13135e-5 0.1951683 -22.11843 1.13135e-5 0.001619338 -22.03935 1.13135e-5 -0.1919296 -22.11843 1.13135e-5 0.001619338 -22.03935 1.13135e-5 -0.2721004 -22.30935 1.13135e-5 -0.1919296 -22.50026 1.13135e-5 0.001619338 -22.57934 1.065126 0.2753391 -16.14999 1.255509 0.1951683 -16.12261 1.209061 0.2753391 -17.00164 1.399518 0.1951683 -16.97937 1.334368 0.001619338 -16.11126 1.478409 0.001619338 -16.97014 1.399518 -0.1919296 -16.97937 1.255509 -0.1919296 -16.12261 1.065126 -0.2721004 -16.14999 1.209061 -0.2721004 -17.00164 1.018603 -0.1919296 -17.02391 0.8747438 -0.1919296 -16.17738 0.7958846 0.001619338 -16.18873 0.9397127 0.001619338 -17.03314 1.018603 0.1951683 -17.02391 0.9397127 0.001619338 -17.03314 0.8747438 0.1951683 -16.17738 0.7958846 0.001619338 -16.18873 0.4498354 0.1951683 -4.507266 0.5298675 0.001619338 -4.504318 0.4498354 -0.1919296 -4.507266 0.2566214 -0.2721004 -4.514383 0.06340724 -0.1919296 -4.521499 3.10069e-4 0.001619338 -4.524447 3.10069e-4 0.001619338 -4.524447 0.06340724 0.1951683 -4.521499 0.2566214 0.2753391 -4.514382 -0.9406145 0.1951683 -21.68028 -0.4259498 0.1951683 -22.0572 -1.063242 0.2753391 -21.8216 -0.4876977 0.2753391 -22.22313 -0.539668 0.2753391 -12.00802 -0.3479637 0.1951683 -12.03123 -0.6243355 0.2753391 -13.03821 -0.4329304 0.1951683 -13.06445 -0.7313723 -0.1919296 -11.98481 -0.8157408 -0.1919296 -13.01198 -0.539668 -0.2721004 -12.00802 -0.6243355 -0.2721004 -13.03821 -0.3925058 -0.2721004 -6.206349 -0.4169739 -0.2721004 -5.924511 -0.5849615 -0.1919296 -6.206349 -0.6096671 -0.1919296 -5.919801 -0.5849615 0.1951683 -6.206349 -0.6646799 0.001619338 -6.206349 -0.6096671 0.1951683 -5.919801 -0.6894838 0.001619338 -5.91785 -0.6072112 0.1951681 -5.084908 -0.6371123 0.1951683 -5.601476 -0.6871889 0.001619279 -5.08136 -0.7170382 0.001619338 -5.597358 -0.4141288 0.2753391 -5.093473 -0.4441552 0.2753391 -5.61142 -0.4169739 0.2753391 -5.924511 -0.3925058 0.2753391 -6.206349 -0.6371123 -0.1919296 -5.601476 -0.4441552 -0.2721004 -5.61142 -0.6072112 -0.1919296 -5.084908 -0.4141288 -0.2721004 -5.093473 -0.8107791 0.001619338 -11.9752 -0.7313723 0.1951683 -11.98481 -0.8950235 0.001619338 -13.00111 -0.8157408 0.1951683 -13.01198 -0.5874804 0.1951683 -7.954614 -0.6669729 0.001619338 -7.945867 -0.3955694 0.2753391 -7.975729 -0.5874804 -0.1919296 -7.954614 -0.3955694 -0.2721004 -7.975729 -0.2000496 0.1951683 -6.206349 -0.2242802 0.1951683 -5.929222 -0.1203313 0.001619338 -6.206349 -0.1444635 0.001619338 -5.931173 -0.2000496 -0.1919296 -6.206349 -0.2242802 -0.1919296 -5.929222 -0.2511978 -0.1919296 -5.621364 -0.1712719 0.001619338 -5.625483 -0.2210462 -0.1919296 -5.102038 -0.1410686 0.001619279 -5.105586 -0.2210462 0.1951681 -5.102038 -0.2511978 0.1951683 -5.621364 -0.1410686 0.001619279 -5.105586 -0.1712719 0.001619338 -5.625483 -0.1203313 0.001619338 -6.206349 -0.1444635 0.001619338 -5.931173 -0.3536475 0.001619338 -13.07532 -0.2685569 0.001619338 -12.04084 -0.4329304 -0.1919296 -13.06445 -0.3479637 -0.1919296 -12.03123 -0.2036585 -0.1919296 -7.996844 -0.1241661 0.001619338 -8.005592 -0.2036585 0.1951683 -7.996844 -0.1241661 0.001619338 -8.005592 -0.2685569 0.001619338 -12.04084 -0.3536475 0.001619338 -13.07532 -1.063242 -0.2721004 -21.8216 -1.18587 -0.1919296 -21.96291 -0.4876977 -0.2721004 -22.22313 -0.5494453 -0.1919296 -22.38907 -0.942319 -0.1919296 -14.07758 -1.100703 -0.1919296 -15.1035 -0.7514901 -0.2721004 -14.10917 -0.9104149 -0.2721004 -15.13729 -1.100703 0.1951683 -15.1035 -1.179523 0.001619338 -15.08951 -0.942319 0.1951683 -14.07758 -1.021363 0.001619338 -14.06449 -0.7514901 0.2753391 -14.10917 -0.9104149 0.2753391 -15.13729 -1.18587 0.1951683 -21.96291 -0.5494453 0.1951683 -22.38907 -1.236665 0.001619338 -22.02144 -0.5750224 0.001619338 -22.45781 -1.569149 0.1951683 -17.85089 -1.715544 0.1951683 -18.6591 -1.648073 0.001619338 -17.84393 -1.794507 0.001619338 -18.65483 -1.52491 0.2753391 -18.66938 -1.378611 0.2753391 -17.8677 -1.813305 0.1951683 -20.25718 -1.652019 0.1951683 -21.18588 -1.891237 0.001619338 -20.26777 -1.725006 0.001619338 -21.2135 -1.625162 0.2753391 -20.23164 -1.475814 0.2753391 -21.1192 -1.618429 0.2753391 -19.45815 -1.807822 0.1951683 -19.46571 -1.886272 0.001619338 -19.46884 -1.715544 -0.1919296 -18.6591 -1.52491 -0.2721004 -18.66938 -1.569149 -0.1919296 -17.85089 -1.378611 -0.2721004 -17.8677 -1.625162 -0.2721004 -20.23164 -1.813305 -0.1919296 -20.25718 -1.475814 -0.2721004 -21.1192 -1.652019 -0.1919296 -21.18588 -1.807822 -0.1919296 -19.46571 -1.618429 -0.2721004 -19.45815 -0.5606613 0.1951683 -14.14076 -0.7201263 0.1951683 -15.17108 -0.641306 0.001619338 -15.18507 -0.4816171 0.001619338 -14.15384 -0.7201263 -0.1919296 -15.17108 -0.5606613 -0.1919296 -14.14076 -0.4816171 0.001619338 -14.15384 -0.641306 0.001619338 -15.18507 -0.88982 0.001619338 -21.62175 -0.9406145 -0.1919296 -21.68028 -0.400373 0.001619338 -21.98846 -0.4259498 -0.1919296 -22.0572 -1.334276 -0.1919296 -18.67967 -1.255312 0.001619338 -18.68393 -1.188073 -0.1919296 -17.8845 -1.109149 0.001619338 -17.89147 -1.359087 0.001619338 -20.19551 -1.437018 -0.1919296 -20.20609 -1.226621 0.001619338 -21.0249 -1.299608 -0.1919296 -21.05252 -1.429035 -0.1919296 -19.45059 -1.350585 0.001619338 -19.44746 -1.188073 0.1951683 -17.8845 -1.334276 0.1951683 -18.67967 -1.255312 0.001619338 -18.68393 -1.109149 0.001619338 -17.89147 -1.437018 0.1951683 -20.20609 -1.299608 0.1951683 -21.05252 -1.359087 0.001619338 -20.19551 -1.226621 0.001619338 -21.0249 -1.350585 0.001619338 -19.44746 -1.429035 0.1951683 -19.45059 -0.88982 0.001619338 -21.62175 -0.400373 0.001619338 -21.98846 -0.1935511 0.2753391 -4.099449 -0.1963959 0.2753391 -4.221734 -0.387062 0.1951683 -4.099449 -0.3898761 0.1951683 -4.221734 -0.4672169 0.001619338 -4.099449 -0.4700186 0.001619338 -4.221734 -0.3898761 -0.1919296 -4.221734 -0.387062 -0.1919296 -4.099449 -0.1963959 -0.2721004 -4.221734 -0.1935511 -0.2721004 -4.099449 -0.002916276 -0.1919296 -4.221734 -4.05761e-5 -0.1919296 -4.09945 0.0772258 0.001619338 -4.221734 0.0801143 0.001619338 -4.09945 0.0801143 0.001619338 -4.09945 0.0772258 0.001619338 -4.221734 -4.05761e-5 0.1951683 -4.09945 -0.002916276 0.1951683 -4.221734 1.13135e-5 0.2753391 -22.30935 1.13135e-5 0.1951683 -22.50026 1.13135e-5 0.1951683 -22.11843 1.13135e-5 0.001619338 -22.03935 1.13135e-5 -0.1919296 -22.11843 1.13135e-5 0.001619338 -22.03935 1.13135e-5 -0.2721004 -22.30935 1.13135e-5 -0.1919296 -22.50026 1.13135e-5 0.001619338 -22.57934 -1.399496 0.1951683 -16.97937 -1.255486 0.1951683 -16.12261 -1.209038 0.2753391 -17.00164 -1.065104 0.2753391 -16.14999 -1.334346 0.001619338 -16.11126 -1.478387 0.001619338 -16.97014 -1.255486 -0.1919296 -16.12261 -1.399496 -0.1919296 -16.97937 -1.209038 -0.2721004 -17.00164 -1.065104 -0.2721004 -16.14999 -0.8747212 -0.1919296 -16.17738 -1.01858 -0.1919296 -17.02391 -0.9396901 0.001619338 -17.03314 -0.7958619 0.001619338 -16.18873 -1.01858 0.1951683 -17.02391 -0.8747212 0.1951683 -16.17738 -0.9396901 0.001619338 -17.03314 -0.7958619 0.001619338 -16.18873 -0.4498128 0.1951683 -4.507266 -0.5298449 0.001619338 -4.504318 -0.4498128 -0.1919296 -4.507266 -0.2565987 -0.2721004 -4.514383 -0.06338465 -0.1919296 -4.521499 -2.94162e-4 0.001619338 -4.524447 -2.94162e-4 0.001619338 -4.524447 -0.06338465 0.1951683 -4.521499 -0.2565987 0.2753391 -4.514382 -0.135197 0.1951683 -4.770587 -0.3283441 0.2753391 -4.762732 -0.05519288 0.001619338 -4.773841 -0.135197 -0.1919296 -4.770587 -0.05519288 0.001619338 -4.773841 -0.3283441 -0.2721004 -4.762732 -0.5214911 -0.1919296 -4.754877 -0.6014954 0.001619338 -4.751623 -0.5214911 0.1951683 -4.754877 0.3283668 0.2753391 -4.762732 0.5215137 0.1951683 -4.754877 0.6015181 0.001619338 -4.751623 0.5215137 -0.1919296 -4.754877 0.3283668 -0.2721004 -4.762732 0.1352197 -0.1919296 -4.770587 0.05521547 0.001619338 -4.773841 0.05521547 0.001619338 -4.773841 0.1352197 0.1951683 -4.770587 0.4765193 0.2753391 -11.00507 0.6682758 0.1951683 -10.9824 0.7477043 0.001619338 -10.973 0.6682758 -0.1919296 -10.9824 0.4765193 -0.2721004 -11.00507 0.2847627 -0.1919296 -11.02775 0.2053342 0.001619338 -11.03715 0.2053342 0.001619338 -11.03715 0.2847627 0.1951683 -11.02775 -0.4764966 0.2753391 -11.00507 -0.28474 0.1951683 -11.02775 -0.2053115 0.001619338 -11.03715 -0.2053115 0.001619338 -11.03715 -0.28474 -0.1919296 -11.02775 -0.4764966 -0.2721004 -11.00507 -0.6682532 -0.1919296 -10.9824 -0.7476817 0.001619338 -10.973 -0.6682532 0.1951683 -10.9824 0.427041 0.2753391 -9.888638 0.4100903 0.2753391 -9.003252 0.6188533 0.1951683 -9.866523 0.6019558 0.1951683 -8.981677 0.6983048 0.001619338 -9.857362 0.6814294 0.001619338 -8.972739 0.6188533 -0.1919296 -9.866523 0.6019558 -0.1919296 -8.981677 0.427041 -0.2721004 -9.888638 0.4100903 -0.2721004 -9.003252 0.2352287 -0.1919296 -9.910753 0.2182249 -0.1919296 -9.024828 0.1557772 0.001619338 -9.919914 0.1387512 0.001619338 -9.033766 0.1557772 0.001619338 -9.919914 0.1387512 0.001619338 -9.033766 0.2352287 0.1951683 -9.910753 0.2182249 0.1951683 -9.024828 -0.4100677 0.2753391 -9.003252 -0.2182022 0.1951683 -9.024828 -0.4270183 0.2753391 -9.888638 -0.2352061 0.1951683 -9.910753 -0.1557545 0.001619338 -9.919914 -0.1387286 0.001619338 -9.033766 -0.1557545 0.001619338 -9.919914 -0.1387286 0.001619338 -9.033766 -0.2352061 -0.1919296 -9.910753 -0.2182022 -0.1919296 -9.024828 -0.4270183 -0.2721004 -9.888638 -0.4100677 -0.2721004 -9.003252 -0.6019331 -0.1919296 -8.981677 -0.6188306 -0.1919296 -9.866523 -0.6982822 0.001619338 -9.857362 -0.6814067 0.001619338 -8.972739 -0.6188306 0.1951683 -9.866523 -0.6019331 0.1951683 -8.981677 -0.4028412 0.2753391 -8.431185 -0.2109531 0.1951683 -8.45253 -0.13147 0.001619338 -8.461373 -0.13147 0.001619338 -8.461373 -0.2109531 -0.1919296 -8.45253 -0.4028412 -0.2721004 -8.431184 -0.5947293 -0.1919296 -8.409838 -0.6742123 0.001619338 -8.400996 -0.5947293 0.1951683 -8.409838 0.4028638 0.2753391 -8.431185 0.594752 0.1951683 -8.409838 0.674235 0.001619338 -8.400996 0.594752 -0.1919296 -8.409838 0.4028638 -0.2721004 -8.431184 0.2109757 -0.1919296 -8.45253 0.1314927 0.001619338 -8.461373 0.1314927 0.001619338 -8.461373 0.2109757 0.1951683 -8.45253</float_array>
          <technique_common>
            <accessor source="#ob0008_00_strapSkin-mesh-positions-array" count="486" stride="3">
              <param name="X" type="float"/>
              <param name="Y" type="float"/>
              <param name="Z" type="float"/>
            </accessor>
          </technique_common>
        </source>
        <source id="ob0008_00_strapSkin-mesh-normals">
          <float_array id="ob0008_00_strapSkin-mesh-normals-array" count="1458">0.02090537 0.998455 -0.0514853 -0.2642299 0.7178887 0.6440642 0.04080414 0.9986193 -0.03308278 -0.5173548 0.7221055 0.4592469 -0.002319455 0.9999974 -6.10387e-5 -0.00439471 0.9999904 -2.74672e-4 -0.7072724 0.705075 -0.05133253 -0.7063476 0.7043028 -0.07092773 -0.00439471 -0.9999904 -2.74672e-4 0.701967 -0.7087118 0.07049882 -0.002319455 -0.9999974 -6.10387e-5 0.7049605 -0.707402 0.05111944 -0.01080358 -0.9999412 9.15557e-4 0.7027677 -0.7107943 -0.02981734 -6.10389e-5 -1 6.10389e-5 0.7070425 -0.7045399 -0.06094717 0.7027677 0.7107943 -0.02981734 0.7070425 0.7045399 -0.06094717 0.9990869 0 -0.04272598 0.9963186 0 -0.08572745 0.7117088 0.6934583 0.1121887 0.9882507 0 0.1528415 0.7164983 0.6975153 -0.01013231 0.9999175 0 -0.01284837 0.0235604 0.9997017 0.006439447 0.01764017 0.9998435 -0.00137335 -0.01080358 0.9999412 9.15557e-4 -6.10389e-5 1 6.10389e-5 0.0235604 -0.9997017 0.006439447 0.01764017 -0.9998435 -0.00137335 0.7117088 -0.6934583 0.1121887 0.7164983 -0.6975153 -0.01013231 0.701967 0.7087118 0.07049882 0.7049605 0.707402 0.05111944 0.995011 0 0.09976661 0.9973897 0 0.0722078 0.999964 0 0.008484303 0.7080845 0.7061008 0.006164908 -0.001709043 0.9999986 1.22078e-4 -0.001709043 -0.9999986 1.22078e-4 0.7080845 -0.7061008 0.006164908 -0.7070054 0.7045028 0.06180113 -0.7134453 0.7000474 0.03048855 -0.9239527 -0.3805068 0.03906387 -0.7134453 -0.7000474 0.03048855 -0.9217195 -0.3793574 0.08075457 -0.7070054 -0.7045028 0.06180113 -0.9133777 -0.3800552 -0.1459426 -0.924281 -0.3814318 0.01464927 -0.6883895 -0.7171996 -0.1083734 -0.6989513 -0.7150959 0.01025444 -0.6883895 0.7171996 -0.1083734 -0.6989513 0.7150959 0.01025444 -0.9133777 0.3800552 -0.1459426 -0.924281 0.3814318 0.01464927 -0.9239527 0.3805068 0.03906387 -0.9217195 0.3793574 0.08075457 -0.9195718 -0.3818858 -0.09247291 -0.7063476 -0.7043028 -0.07092773 -0.9219145 -0.3815471 -0.06704998 -0.7072571 -0.7050902 -0.05133366 -0.7097881 -0.7043862 -0.006409049 -0.9248604 -0.3802109 -0.008545398 -0.7097881 0.7043862 -0.006409049 -0.9248604 0.3802109 -0.008545398 -0.9195718 0.3818858 -0.09247291 -0.9219145 0.3815471 -0.06704998 0.04080414 -0.9986193 -0.03308278 0.02090537 -0.998455 -0.0514853 0.5379678 -0.6712466 -0.5099204 0.284865 -0.6634542 -0.6918674 2.74675e-4 -1 -3.05194e-5 0.6995856 -0.706483 0.1070604 -0.004242122 -0.9999909 -4.57787e-4 0.6987684 -0.7089618 0.09537261 0.9908309 0 0.1351078 0.9885048 0 0.1511902 0.6987684 0.7089618 0.09537261 0.6995856 0.706483 0.1070604 -0.004242122 0.9999909 -4.57787e-4 2.74675e-4 1 -3.05194e-5 0.3810261 0 -0.9245643 0.284865 0.6634542 -0.6918674 0.7197937 0 -0.6941881 0.5379678 0.6712466 -0.5099204 0.6997901 0.70214 0.1315044 0.9828812 0 0.1842406 0.7079015 0.6985015 0.1047431 0.9894459 0 0.1449027 0.001403868 0.9999991 1.83116e-4 0.007263422 0.9999728 0.001312255 0.9367424 0 -0.3500195 0.6886036 0.6784712 -0.2559336 0.9964669 0 -0.08398753 0.7203487 0.6910806 -0.05920755 0.04135358 0.9990181 -0.01590049 0.02127176 0.9997732 -0.001098632 0.01321452 0.9999113 0.001647949 0.7184267 0.6942553 0.04327648 0.9983015 0 0.05826044 0.001403868 -0.9999991 1.83116e-4 0.007263422 -0.9999728 0.001312255 0.6997901 -0.70214 0.1315044 0.7079015 -0.6985015 0.1047431 0.02127176 -0.9997732 -0.001098632 0.04135358 -0.9990181 -0.01590049 0.7203487 -0.6910806 -0.05920755 0.6886036 -0.6784712 -0.2559336 0.7184267 -0.6942553 0.04327648 0.01321452 -0.9999113 0.001647949 -0.7029829 0.704692 -0.09604442 -0.6992558 0.7067025 -0.1077632 -0.9133566 -0.3820123 -0.1408779 -0.6992558 -0.7067025 -0.1077632 -0.9155097 -0.3823118 -0.1252195 -0.7029829 -0.704692 -0.09604442 -0.9155097 0.3823118 -0.1252195 -0.9133566 0.3820123 -0.1408779 -0.7006643 -0.3701087 0.6099911 -0.3528063 -0.3613823 0.8630936 -0.5173548 -0.7221055 0.4592469 -0.264235 -0.7179027 0.6440463 -0.9096644 -0.3773127 -0.1736255 -0.9153904 -0.3767585 -0.1418223 -0.6980046 -0.7036507 -0.1329111 -0.7000541 -0.7059443 -0.1075503 -0.9241724 -0.376023 0.06717199 -0.8753569 -0.3745033 0.3057737 -0.6999953 -0.7122337 0.05224937 -0.6520469 -0.7223942 0.2301772 -0.7052645 -0.7074009 -0.04675513 -0.9250693 -0.3744713 -0.06338846 -0.6980046 0.7036507 -0.1329111 -0.7000541 0.7059443 -0.1075503 -0.9153904 0.3767585 -0.1418223 -0.9096644 0.3773127 -0.1736255 -0.6520469 0.7223942 0.2301772 -0.6999953 0.7122337 0.05224937 -0.8753569 0.3745033 0.3057737 -0.9241724 0.376023 0.06717199 -0.7052645 0.7074009 -0.04675513 -0.9250693 0.3744713 -0.06338846 -0.7006643 0.3701087 0.6099911 -0.3528063 0.3613823 0.8630936 -0.005676507 0.9999839 -1.22076e-4 0.704262 0.7097554 0.01620566 -0.02157723 0.9997563 -0.004669427 0.6926261 0.7168581 0.07989841 0.9997374 0 0.02291965 0.9930587 0 0.1176203 0.704262 -0.7097554 0.01620566 0.6926261 -0.7168581 0.07989841 -0.005676507 -0.9999839 -1.22076e-4 -0.02157723 -0.9997563 -0.004669427 -0.7099016 -0.704103 -0.01669383 -0.7184924 -0.6897429 -0.08957499 -0.9236881 -0.3825252 -0.02179056 -0.9168965 -0.3796622 -0.1231155 -0.9236881 0.3825252 -0.02179056 -0.7099016 0.704103 -0.01669383 -0.9168965 0.3796622 -0.1231155 -0.7184924 0.6897429 -0.08957499 0.1507343 0.6707508 -0.7262042 0.01675498 0.9989541 -0.0425437 -0.09412091 0.7151543 0.6926007 -0.1168259 0.3756254 0.9193788 -0.09412091 -0.7151543 0.6926007 -0.1168259 -0.3756254 0.9193788 0.01675498 -0.9989541 -0.0425437 0.1507343 -0.6707508 -0.7262042 0.2067687 0 -0.9783899 -0.001861631 0.9999982 -4.8831e-4 0.6988369 0.7064667 0.1119457 -0.003204464 0.9999944 -9.76617e-4 0.6969953 0.7058458 0.1264101 0.9874492 0 0.1579369 0.9839559 0 0.1784127 0.6969953 -0.7058458 0.1264101 0.6988369 -0.7064667 0.1119457 -0.001861631 -0.9999982 -4.8831e-4 -0.003204464 -0.9999944 -9.76617e-4 -0.699867 -0.7026442 -0.1283639 -0.700538 -0.704536 -0.1134704 -0.9128254 -0.3806033 -0.1479564 -0.9101861 -0.3790534 -0.1669727 -0.699867 0.7026442 -0.1283639 -0.9101861 0.3790534 -0.1669727 -0.700538 0.704536 -0.1134704 -0.9128254 0.3806033 -0.1479564 0.6873277 0.7057614 0.1717022 0.9696215 0 0.2446103 0.6873277 -0.7057614 0.1717022 -0.00903356 -0.9999514 -0.003967404 -0.7184872 -0.6755769 -0.1654455 -0.9252266 -0.3195993 -0.2044801 -0.9252266 0.3195993 -0.2044801 -0.7184872 0.6755769 -0.1654455 -0.00903356 0.9999514 -0.003967404 0.5173548 0.7221055 0.4592469 0.2642299 0.7178887 0.6440642 -0.04080414 0.9986193 -0.03308278 -0.02090537 0.998455 -0.0514853 0.002319455 0.9999974 -6.10387e-5 0.7072724 0.705075 -0.05133253 0.00439471 0.9999904 -2.74672e-4 0.7063476 0.7043028 -0.07092773 -0.7049605 -0.707402 0.05111944 -0.701967 -0.7087118 0.07049882 0.002319455 -0.9999974 -6.10387e-5 0.00439471 -0.9999904 -2.74672e-4 0.01080358 -0.9999412 9.15557e-4 6.1037e-5 -1 6.1037e-5 -0.7027677 -0.7107943 -0.02981734 -0.7070425 -0.7045399 -0.06094717 -0.7027677 0.7107943 -0.02981734 -0.9990869 0 -0.04272598 -0.7070425 0.7045399 -0.06094717 -0.9963186 0 -0.08572745 -0.7117088 0.6934583 0.1121887 -0.7164983 0.6975153 -0.01013231 -0.9882507 0 0.1528415 -0.9999175 0 -0.01284837 -0.0235604 0.9997017 0.006439447 -0.01764017 0.9998435 -0.00137335 6.10389e-5 1 6.10389e-5 0.01080358 0.9999412 9.15557e-4 -0.7164983 -0.6975153 -0.01013231 -0.01764017 -0.9998435 -0.00137335 -0.7117088 -0.6934583 0.1121887 -0.0235604 -0.9997017 0.006439447 -0.9973897 0 0.0722078 -0.7049605 0.707402 0.05111944 -0.995011 0 0.09976661 -0.701967 0.7087118 0.07049882 -0.7080845 0.7061008 0.006164908 -0.999964 0 0.008484303 0.001709043 0.9999986 1.22078e-4 -0.7080845 -0.7061008 0.006164908 0.001709043 -0.9999986 1.22078e-4 0.7134453 0.7000474 0.03048855 0.7070054 0.7045028 0.06180113 0.9239527 -0.3805068 0.03906387 0.9217195 -0.3793574 0.08075457 0.7134453 -0.7000474 0.03048855 0.7070054 -0.7045028 0.06180113 0.6989513 -0.7150959 0.01025444 0.924281 -0.3814318 0.01464927 0.6883895 -0.7171996 -0.1083734 0.9133777 -0.3800552 -0.1459426 0.6883895 0.7171996 -0.1083734 0.6989513 0.7150959 0.01025444 0.9133777 0.3800552 -0.1459426 0.924281 0.3814318 0.01464927 0.9239527 0.3805068 0.03906387 0.9217195 0.3793574 0.08075457 0.9195718 -0.3818858 -0.09247291 0.9219145 -0.3815471 -0.06704998 0.7063476 -0.7043028 -0.07092773 0.7072724 -0.705075 -0.05133253 0.7097881 -0.7043862 -0.006409049 0.9248604 -0.3802109 -0.008545398 0.7097881 0.7043862 -0.006409049 0.9248604 0.3802109 -0.008545398 0.9219145 0.3815471 -0.06704998 0.9195718 0.3818858 -0.09247291 -0.04080414 -0.9986193 -0.03308278 -0.5379678 -0.6712466 -0.5099204 -0.02090537 -0.998455 -0.0514853 -0.284865 -0.6634542 -0.6918674 -0.6987684 -0.7089618 0.09537261 -0.6995856 -0.706483 0.1070604 0.004242122 -0.9999909 -4.57787e-4 -2.74667e-4 -1 -3.05185e-5 -0.6995856 0.706483 0.1070604 -0.9885048 0 0.1511902 -0.6987684 0.7089618 0.09537261 -0.9908309 0 0.1351078 0.004242122 0.9999909 -4.57787e-4 -2.74667e-4 1 -3.05185e-5 -0.5379678 0.6712466 -0.5099204 -0.284865 0.6634542 -0.6918674 -0.7197937 0 -0.6941881 -0.3810261 0 -0.9245643 -0.6997901 0.70214 0.1315044 -0.7079015 0.6985015 0.1047431 -0.9828812 0 0.1842406 -0.9894459 0 0.1449027 -0.007263422 0.9999728 0.001312255 -0.001403868 0.9999991 1.83116e-4 -0.7203487 0.6910806 -0.05920755 -0.6886036 0.6784712 -0.2559336 -0.9964669 0 -0.08398753 -0.9367424 0 -0.3500195 -0.02127176 0.9997732 -0.001098632 -0.04135358 0.9990181 -0.01590049 -0.01321452 0.9999113 0.001647949 -0.7184267 0.6942553 0.04327648 -0.9983015 0 0.05826044 -0.7079015 -0.6985015 0.1047431 -0.007263422 -0.9999728 0.001312255 -0.6997901 -0.70214 0.1315044 -0.001403868 -0.9999991 1.83116e-4 -0.02127176 -0.9997732 -0.001098632 -0.7203487 -0.6910806 -0.05920755 -0.04135358 -0.9990181 -0.01590049 -0.6886036 -0.6784712 -0.2559336 -0.7184267 -0.6942553 0.04327648 -0.01321452 -0.9999113 0.001647949 0.7029829 0.704692 -0.09604442 0.6992558 0.7067025 -0.1077632 0.9133566 -0.3820123 -0.1408779 0.9155097 -0.3823118 -0.1252195 0.6992558 -0.7067025 -0.1077632 0.7029829 -0.704692 -0.09604442 0.9155097 0.3823118 -0.1252195 0.9133566 0.3820123 -0.1408779 0.7006643 -0.3701087 0.6099911 0.5173548 -0.7221055 0.4592469 0.3528063 -0.3613823 0.8630936 0.264235 -0.7179027 0.6440463 0.7000541 -0.7059443 -0.1075503 0.9153904 -0.3767585 -0.1418223 0.6980046 -0.7036507 -0.1329111 0.909654 -0.3773388 -0.1736235 0.9241724 -0.376023 0.06717199 0.6999953 -0.7122337 0.05224937 0.8753569 -0.3745033 0.3057737 0.6520469 -0.7223942 0.2301772 0.7052645 -0.7074009 -0.04675513 0.9250587 -0.3744975 -0.06338775 0.6980046 0.7036507 -0.1329111 0.7000541 0.7059443 -0.1075503 0.9153904 0.3767585 -0.1418223 0.909654 0.3773388 -0.1736235 0.6999953 0.7122337 0.05224937 0.6520469 0.7223942 0.2301772 0.9241724 0.376023 0.06717199 0.8753569 0.3745033 0.3057737 0.9250587 0.3744975 -0.06338775 0.7052645 0.7074009 -0.04675513 0.7006643 0.3701087 0.6099911 0.3528063 0.3613823 0.8630936 0.005676507 0.9999839 -1.22076e-4 0.02157723 0.9997563 -0.004669427 -0.704262 0.7097554 0.01620566 -0.6926261 0.7168581 0.07989841 -0.9997374 0 0.02291965 -0.9930587 0 0.1176203 -0.6926261 -0.7168581 0.07989841 -0.704262 -0.7097554 0.01620566 0.02157723 -0.9997563 -0.004669427 0.005676507 -0.9999839 -1.22076e-4 0.7184924 -0.6897429 -0.08957499 0.7099016 -0.704103 -0.01669383 0.916893 -0.3796608 -0.1231456 0.9236881 -0.3825252 -0.02179056 0.9236881 0.3825252 -0.02179056 0.916893 0.3796608 -0.1231456 0.7099016 0.704103 -0.01669383 0.7184924 0.6897429 -0.08957499 -0.01675498 0.9989541 -0.0425437 -0.1507343 0.6707508 -0.7262042 0.09412091 0.7151543 0.6926007 0.1168259 0.3756254 0.9193788 0.09412091 -0.7151543 0.6926007 0.1168259 -0.3756254 0.9193788 -0.01675498 -0.9989541 -0.0425437 -0.1507343 -0.6707508 -0.7262042 -0.2067687 0 -0.9783899 -0.6969953 0.7058458 0.1264101 -0.6988369 0.7064667 0.1119457 0.003204464 0.9999944 -9.76617e-4 0.001861631 0.9999982 -4.8831e-4 -0.9874492 0 0.1579369 -0.9839559 0 0.1784127 -0.6988369 -0.7064667 0.1119457 -0.6969953 -0.7058458 0.1264101 0.003204464 -0.9999944 -9.76617e-4 0.001861631 -0.9999982 -4.8831e-4 0.700538 -0.704536 -0.1134704 0.699867 -0.7026442 -0.1283639 0.9101861 -0.3790534 -0.1669727 0.9128254 -0.3806033 -0.1479564 0.699867 0.7026442 -0.1283639 0.700538 0.704536 -0.1134704 0.9101861 0.3790534 -0.1669727 0.9128254 0.3806033 -0.1479564 -0.6873277 0.7057614 0.1717022 -0.9696215 0 0.2446103 -0.6873277 -0.7057614 0.1717022 0.00903356 -0.9999514 -0.003967404 0.7184872 -0.6755769 -0.1654455 0.92524 -0.3195629 -0.2044763 0.92524 0.3195629 -0.2044763 0.7184872 0.6755769 -0.1654455 0.00903356 0.9999514 -0.003967404 0.6870123 0.7019056 -0.1879968 -0.0032655 0.9999931 0.001770079 0.9034581 0.3593018 -0.2338071 0.6870123 -0.7019056 -0.1879968 0.9034581 -0.3593018 -0.2338071 -0.0032655 -0.9999931 0.001770079 -0.6899868 -0.6985934 0.1894351 -0.9644844 0 0.2641398 -0.6899868 0.6985934 0.1894351 0.0032655 0.9999931 0.001770079 0.6899868 0.6985934 0.1894351 0.9644844 0 0.2641398 0.6899868 -0.6985934 0.1894351 0.0032655 -0.9999931 0.001770079 -0.6870123 -0.7019056 -0.1879968 -0.9034516 -0.3592993 -0.2338359 -0.9034516 0.3592993 -0.2338359 -0.6870123 0.7019056 -0.1879968 -0.002258419 0.9999975 0 0.706066 0.7071342 0.037844 0.9985744 0 0.05337733 0.706066 -0.7071342 0.037844 -0.002258419 -0.9999975 0 -0.7083185 -0.7048698 -0.03799629 -0.9231386 -0.3812433 -0.04968488 -0.9231386 0.3812433 -0.04968488 -0.7083185 0.7048698 -0.03799629 0.002258419 0.9999975 0 0.7083185 0.7048698 -0.03799629 0.9231386 0.3812433 -0.04968488 0.9231386 -0.3812433 -0.04968488 0.7083185 -0.7048698 -0.03799629 0.002258419 -0.9999975 0 -0.706066 -0.7071342 0.037844 -0.9985744 0 0.05337733 -0.706066 0.7071342 0.037844 -0.003082394 0.9999954 1.22077e-4 -7.93505e-4 0.9999998 3.05194e-5 0.7067009 0.7071587 0.02237051 0.7083888 0.7057335 0.01120066 0.9995068 0 0.03140431 0.999876 0 0.01574796 0.7067009 -0.7071587 0.02237051 0.7083888 -0.7057335 0.01120066 -0.003082394 -0.9999954 1.22077e-4 -7.93505e-4 -0.9999998 3.05194e-5 -0.7097297 -0.7041141 -0.02252334 -0.7091796 -0.7049375 -0.01129215 -0.9242036 -0.3807537 -0.02957278 -0.9247215 -0.3803566 -0.01480162 -0.9242036 0.3807537 -0.02957278 -0.9247215 0.3803566 -0.01480162 -0.7097297 0.7041141 -0.02252334 -0.7091796 0.7049375 -0.01129215 7.93505e-4 0.9999998 3.05194e-5 0.7091796 0.7049375 -0.01129215 0.003082394 0.9999954 1.22077e-4 0.7097297 0.7041141 -0.02252334 0.9242036 0.3807537 -0.02957278 0.9247215 0.3803566 -0.01480162 0.9242036 -0.3807537 -0.02957278 0.9247215 -0.3803566 -0.01480162 0.7097297 -0.7041141 -0.02252334 0.7091796 -0.7049375 -0.01129215 0.003082394 -0.9999954 1.22077e-4 7.93505e-4 -0.9999998 3.05194e-5 -0.7083888 -0.7057335 0.01120066 -0.7067009 -0.7071587 0.02237051 -0.9995068 0 0.03140431 -0.999876 0 0.01574796 -0.7067009 0.7071587 0.02237051 -0.7083888 0.7057335 0.01120066 -3.96753e-4 1 -3.05194e-5 0.7086253 0.7055124 -0.01013237 0.9247465 0.3803543 -0.01321458 0.9247465 -0.3803543 -0.01321458 0.7086253 -0.7055124 -0.01013237 -3.96753e-4 -1 -3.05194e-5 -0.7090212 -0.7051148 0.01010179 -0.9998981 0 0.01428294 -0.7090212 0.7051148 0.01010179 3.96753e-4 1 -3.05194e-5 0.7090212 0.7051148 0.01010179 0.9998981 0 0.01428294 0.7090212 -0.7051148 0.01010179 3.96753e-4 -1 -3.05194e-5 -0.7086253 -0.7055124 -0.01013237 -0.9247465 -0.3803543 -0.01321458 -0.9247465 0.3803543 -0.01321458 -0.7086253 0.7055124 -0.01013237</float_array>
          <technique_common>
            <accessor source="#ob0008_00_strapSkin-mesh-normals-array" count="486" stride="3">
              <param name="X" type="float"/>
              <param name="Y" type="float"/>
              <param name="Z" type="float"/>
            </accessor>
          </technique_common>
        </source>
        <source id="ob0008_00_strapSkin-mesh-map-0">
          <float_array id="ob0008_00_strapSkin-mesh-map-0-array" count="4992">0.9588169 0.4564368 0.9588169 0.4611662 0.9287159 0.4564371 0.9287159 0.4564371 0.9588169 0.4611662 0.9287158 0.461166 0.7163386 0.456437 0.7220355 0.456437 0.7163386 0.4611659 0.7163386 0.4611659 0.7220355 0.456437 0.7220355 0.461166 0.7220357 0.4376242 0.7220357 0.4423188 0.7163388 0.4376242 0.7163388 0.4376242 0.7220357 0.4423188 0.7163388 0.4423187 0.7038592 0.4376242 0.7038592 0.4423186 0.6997323 0.4376242 0.6997323 0.4376242 0.7038592 0.4423186 0.6997323 0.4423187 0.7038589 0.4517077 0.6997322 0.4517077 0.7038592 0.4470132 0.7038592 0.4470132 0.6997322 0.4517077 0.6997323 0.4470132 0.6890153 0.4517077 0.6890153 0.4470132 0.6951478 0.4517076 0.6951478 0.4517076 0.6890153 0.4470132 0.6951478 0.4470132 0.6890153 0.456437 0.6890153 0.4517077 0.6951478 0.456437 0.6951478 0.456437 0.6890153 0.4517077 0.6951478 0.4517076 0.7038589 0.456437 0.6997322 0.456437 0.7038589 0.4517077 0.7038589 0.4517077 0.6997322 0.456437 0.6997322 0.4517077 0.6890153 0.4376242 0.6951478 0.4376242 0.6890153 0.4423186 0.6890153 0.4423186 0.6951478 0.4376242 0.6951478 0.4423186 0.6890153 0.4423186 0.6951478 0.4423186 0.6890153 0.4470132 0.6890153 0.4470132 0.6951478 0.4423186 0.6951478 0.4470132 0.7038592 0.4423186 0.7038592 0.4470132 0.6997323 0.4423187 0.6997323 0.4423187 0.7038592 0.4470132 0.6997323 0.4470132 0.7220355 0.4517077 0.7163386 0.4517078 0.7220353 0.4470132 0.7220353 0.4470132 0.7163386 0.4517078 0.7163386 0.4470132 0.7038592 0.4470132 0.7124024 0.4470132 0.7038589 0.4517077 0.7038589 0.4517077 0.7124024 0.4470132 0.7124023 0.4517078 0.7124023 0.456437 0.7038589 0.456437 0.7124023 0.4517078 0.7124023 0.4517078 0.7038589 0.456437 0.7038589 0.4517077 0.7220355 0.456437 0.7163386 0.456437 0.7220355 0.4517077 0.7220355 0.4517077 0.7163386 0.456437 0.7163386 0.4517078 0.7124024 0.4376242 0.7124024 0.4423188 0.7038592 0.4376242 0.7038592 0.4376242 0.7124024 0.4423188 0.7038592 0.4423186 0.7124024 0.4423188 0.7124024 0.4470132 0.7038592 0.4423186 0.7038592 0.4423186 0.7124024 0.4470132 0.7038592 0.4470132 0.7220357 0.4423188 0.7220353 0.4470132 0.7163388 0.4423187 0.7163388 0.4423187 0.7220353 0.4470132 0.7163386 0.4470132 0.6997322 0.456437 0.7038589 0.456437 0.6997323 0.461166 0.6997323 0.461166 0.7038589 0.456437 0.7038591 0.4611661 0.7038592 0.4296699 0.7038592 0.4329296 0.6997323 0.4296701 0.6997323 0.4296701 0.7038592 0.4329296 0.6997323 0.4329296 0.6890153 0.4296703 0.6951478 0.4296703 0.6890153 0.4329296 0.6890153 0.4329296 0.6951478 0.4296703 0.6951478 0.4329296 0.6890153 0.4329296 0.6951478 0.4329296 0.6890153 0.4376242 0.6890153 0.4376242 0.6951478 0.4329296 0.6951478 0.4376242 0.7038592 0.4329296 0.7038592 0.4376242 0.6997323 0.4329296 0.6997323 0.4329296 0.7038592 0.4376242 0.6997323 0.4376242 0.6890153 0.4611659 0.6890153 0.456437 0.6951478 0.4611659 0.6951478 0.4611659 0.6890153 0.456437 0.6951478 0.456437 0.6890153 0.4644257 0.6890153 0.4611659 0.6951478 0.4644257 0.6951478 0.4644257 0.6890153 0.4611659 0.6951478 0.4611659 0.7038591 0.4644259 0.6997323 0.4644258 0.7038591 0.4611661 0.7038591 0.4611661 0.6997323 0.4644258 0.6997323 0.461166 0.7220357 0.4296703 0.7220357 0.4329299 0.7163388 0.4296703 0.7163388 0.4296703 0.7220357 0.4329299 0.7163388 0.4329298 0.7038592 0.4329296 0.7038592 0.4296699 0.7124024 0.4329296 0.7124024 0.4329296 0.7038592 0.4296699 0.7124024 0.4296703 0.7038592 0.4376242 0.7038592 0.4329296 0.7124024 0.4376242 0.7124024 0.4376242 0.7038592 0.4329296 0.7124024 0.4329296 0.7220357 0.4329299 0.7220357 0.4376242 0.7163388 0.4329298 0.7163388 0.4329298 0.7220357 0.4376242 0.7163388 0.4376242 0.7038589 0.456437 0.7124023 0.456437 0.7038591 0.4611661 0.7038591 0.4611661 0.7124023 0.456437 0.7124024 0.4611659 0.7124023 0.4644259 0.7038591 0.4644259 0.7124024 0.4611659 0.7124024 0.4611659 0.7038591 0.4644259 0.7038591 0.4611661 0.7220355 0.4644259 0.7163386 0.4644259 0.7220355 0.461166 0.7220355 0.461166 0.7163386 0.4644259 0.7163386 0.4611659 0.9287159 0.4376242 0.9588171 0.4376242 0.9287158 0.4423186 0.9287158 0.4423186 0.9588171 0.4376242 0.9588169 0.4423186 0.7630764 0.4376242 0.7630762 0.4423186 0.736315 0.4376242 0.736315 0.4376242 0.7630762 0.4423186 0.7363154 0.4423186 0.7363154 0.4470132 0.7630762 0.4470131 0.7363151 0.4517077 0.7363151 0.4517077 0.7630762 0.4470131 0.7630762 0.4517077 0.7220353 0.4470132 0.7363154 0.4470132 0.7220355 0.4517077 0.7220355 0.4517077 0.7363154 0.4470132 0.7363151 0.4517077 0.7363151 0.456437 0.7220355 0.456437 0.7363151 0.4517077 0.7363151 0.4517077 0.7220355 0.456437 0.7220355 0.4517077 0.7630762 0.4564368 0.7363151 0.456437 0.7630762 0.4517077 0.7630762 0.4517077 0.7363151 0.456437 0.7363151 0.4517077 0.7220357 0.4423188 0.7220357 0.4376242 0.7363154 0.4423186 0.7363154 0.4423186 0.7220357 0.4376242 0.736315 0.4376242 0.7220353 0.4470132 0.7220357 0.4423188 0.7363154 0.4470132 0.7363154 0.4470132 0.7220357 0.4423188 0.7363154 0.4423186 0.7630762 0.4423186 0.7630762 0.4470131 0.7363154 0.4423186 0.7363154 0.4423186 0.7630762 0.4470131 0.7363154 0.4470132 0.9588169 0.4470132 0.9588169 0.4517078 0.9287159 0.4470132 0.9287159 0.4470132 0.9588169 0.4517078 0.9287159 0.4517078 0.7929018 0.4517078 0.7929019 0.4470132 0.8043584 0.4517079 0.8043584 0.4517079 0.7929019 0.4470132 0.8043584 0.4470132 0.7929018 0.456437 0.7929018 0.4517078 0.8043584 0.4564372 0.8043584 0.4564372 0.7929018 0.4517078 0.8043584 0.4517079 0.868085 0.4470131 0.868085 0.4517075 0.8362218 0.4470133 0.8362218 0.4470133 0.868085 0.4517075 0.8362218 0.4517079 0.868085 0.4517075 0.868085 0.4564367 0.8362218 0.4517079 0.8362218 0.4517079 0.868085 0.4564367 0.8362218 0.4564371 0.820225 0.4564371 0.820225 0.4517079 0.8362218 0.4564371 0.8362218 0.4564371 0.820225 0.4517079 0.8362218 0.4517079 0.820225 0.4517079 0.820225 0.4470133 0.8362218 0.4517079 0.8362218 0.4517079 0.820225 0.4470133 0.8362218 0.4470133 0.9588169 0.4517078 0.9588169 0.4564368 0.9287159 0.4517078 0.9287159 0.4517078 0.9588169 0.4564368 0.9287159 0.4564371 0.868085 0.4564367 0.868085 0.4517075 0.9287159 0.4564371 0.9287159 0.4564371 0.868085 0.4517075 0.9287159 0.4517078 0.868085 0.4517075 0.868085 0.4470131 0.9287159 0.4517078 0.9287159 0.4517078 0.868085 0.4470131 0.9287159 0.4470132 0.7929016 0.4376242 0.8043582 0.4376242 0.7929019 0.4423187 0.7929019 0.4423187 0.8043582 0.4376242 0.8043587 0.4423185 0.8043584 0.4470132 0.7929019 0.4470132 0.8043587 0.4423185 0.8043587 0.4423185 0.7929019 0.4470132 0.7929019 0.4423187 0.8362218 0.4376242 0.868085 0.4376239 0.8362218 0.4423185 0.8362218 0.4423185 0.868085 0.4376239 0.8680852 0.4423185 0.8362218 0.4423185 0.8680852 0.4423185 0.8362218 0.4470133 0.8362218 0.4470133 0.8680852 0.4423185 0.868085 0.4470131 0.8202251 0.4423185 0.8362218 0.4423185 0.820225 0.4470133 0.820225 0.4470133 0.8362218 0.4423185 0.8362218 0.4470133 0.8202248 0.4376242 0.8362218 0.4376242 0.8202251 0.4423185 0.8202251 0.4423185 0.8362218 0.4376242 0.8362218 0.4423185 0.9287158 0.4423186 0.9588169 0.4423186 0.9287159 0.4470132 0.9287159 0.4470132 0.9588169 0.4423186 0.9588169 0.4470132 0.8680852 0.4423185 0.9287158 0.4423186 0.868085 0.4470131 0.868085 0.4470131 0.9287158 0.4423186 0.9287159 0.4470132 0.868085 0.4376239 0.9287159 0.4376242 0.8680852 0.4423185 0.8680852 0.4423185 0.9287159 0.4376242 0.9287158 0.4423186 0.7363151 0.456437 0.7630762 0.4564368 0.7363152 0.4611659 0.7363152 0.4611659 0.7630762 0.4564368 0.7630762 0.4611661 0.7630764 0.4296702 0.7630764 0.4329299 0.736315 0.4296702 0.736315 0.4296702 0.7630764 0.4329299 0.736315 0.4329298 0.7220357 0.4329299 0.7220357 0.4296703 0.736315 0.4329298 0.736315 0.4329298 0.7220357 0.4296703 0.736315 0.4296702 0.7220357 0.4376242 0.7220357 0.4329299 0.736315 0.4376242 0.736315 0.4376242 0.7220357 0.4329299 0.736315 0.4329298 0.7630764 0.4329299 0.7630764 0.4376242 0.736315 0.4329298 0.736315 0.4329298 0.7630764 0.4376242 0.736315 0.4376242 0.7220355 0.456437 0.7363151 0.456437 0.7220355 0.461166 0.7220355 0.461166 0.7363151 0.456437 0.7363152 0.4611659 0.7363152 0.4644259 0.7220355 0.4644259 0.7363152 0.4611659 0.7363152 0.4611659 0.7220355 0.4644259 0.7220355 0.461166 0.7630762 0.4644256 0.7363152 0.4644259 0.7630762 0.4611661 0.7630762 0.4611661 0.7363152 0.4644259 0.7363152 0.4611659 0.9287159 0.4296702 0.9588171 0.4296702 0.9287159 0.43293 0.9287159 0.43293 0.9588171 0.4296702 0.9588171 0.4329297 0.7929016 0.4296703 0.8043582 0.4296702 0.7929016 0.4329301 0.7929016 0.4329301 0.8043582 0.4296702 0.8043582 0.4329301 0.8043582 0.4376242 0.7929016 0.4376242 0.8043582 0.4329301 0.8043582 0.4329301 0.7929016 0.4376242 0.7929016 0.4329301 0.8362219 0.42967 0.868085 0.4296699 0.8362219 0.4329297 0.8362219 0.4329297 0.868085 0.4296699 0.868085 0.4329297 0.8362219 0.4329297 0.868085 0.4329297 0.8362218 0.4376242 0.8362218 0.4376242 0.868085 0.4329297 0.868085 0.4376239 0.8202249 0.4329299 0.8362219 0.4329297 0.8202248 0.4376242 0.8202248 0.4376242 0.8362219 0.4329297 0.8362218 0.4376242 0.8202249 0.4296701 0.8362219 0.42967 0.8202249 0.4329299 0.8202249 0.4329299 0.8362219 0.42967 0.8362219 0.4329297 0.9287159 0.43293 0.9588171 0.4329297 0.9287159 0.4376242 0.9287159 0.4376242 0.9588171 0.4329297 0.9588171 0.4376242 0.868085 0.4329297 0.9287159 0.43293 0.868085 0.4376239 0.868085 0.4376239 0.9287159 0.43293 0.9287159 0.4376242 0.868085 0.4296699 0.9287159 0.4296702 0.868085 0.4329297 0.868085 0.4329297 0.9287159 0.4296702 0.9287159 0.43293 0.7929019 0.4611657 0.7929018 0.456437 0.8043585 0.4611659 0.8043585 0.4611659 0.7929018 0.456437 0.8043584 0.4564372 0.8043585 0.4611659 0.8043584 0.4644259 0.7929019 0.4611657 0.7929019 0.4611657 0.8043584 0.4644259 0.7929019 0.4644259 0.868085 0.4564367 0.868085 0.4611655 0.8362218 0.4564371 0.8362218 0.4564371 0.868085 0.4611655 0.8362219 0.461166 0.868085 0.4611655 0.868085 0.4644256 0.8362219 0.461166 0.8362219 0.461166 0.868085 0.4644256 0.8362218 0.4644259 0.8362219 0.461166 0.8362218 0.4644259 0.8202251 0.4611659 0.8202251 0.4611659 0.8362218 0.4644259 0.820225 0.4644259 0.8202251 0.4611659 0.820225 0.4564371 0.8362219 0.461166 0.8362219 0.461166 0.820225 0.4564371 0.8362218 0.4564371 0.9287161 0.4644257 0.9287158 0.461166 0.9588169 0.4644257 0.9588169 0.4644257 0.9287158 0.461166 0.9588169 0.4611662 0.868085 0.4644256 0.868085 0.4611655 0.9287161 0.4644257 0.9287161 0.4644257 0.868085 0.4611655 0.9287158 0.461166 0.868085 0.4611655 0.868085 0.4564367 0.9287158 0.461166 0.9287158 0.461166 0.868085 0.4564367 0.9287159 0.4564371 0.6744857 0.4557208 0.6744858 0.4513522 0.6752409 0.456437 0.6752409 0.456437 0.6744858 0.4513522 0.6752409 0.4517076 0.6744858 0.4513522 0.674486 0.4470159 0.6752409 0.4517076 0.6752409 0.4517076 0.674486 0.4470159 0.6752409 0.4470132 0.6744857 0.4426794 0.6752409 0.4423186 0.674486 0.4470159 0.674486 0.4470159 0.6752409 0.4423186 0.6752409 0.4470132 0.6744857 0.4383429 0.6752409 0.4376242 0.6744857 0.4426794 0.6744857 0.4426794 0.6752409 0.4376242 0.6752409 0.4423186 0.6744857 0.4340067 0.6752409 0.4329298 0.6744857 0.4383429 0.6744857 0.4383429 0.6752409 0.4329298 0.6752409 0.4376242 0.6744857 0.4296699 0.6752409 0.4296703 0.6744857 0.4340067 0.6744857 0.4340067 0.6752409 0.4296703 0.6752409 0.4329298 0.6744858 0.4644257 0.6744858 0.4600889 0.6752409 0.4644257 0.6752409 0.4644257 0.6744858 0.4600889 0.6752409 0.4611659 0.6744858 0.4600889 0.6744857 0.4557208 0.6752409 0.4611659 0.6752409 0.4611659 0.6744857 0.4557208 0.6752409 0.456437 0.9863533 0.4517077 0.9863532 0.4564368 0.9588169 0.4517078 0.9588169 0.4517078 0.9863532 0.4564368 0.9588169 0.4564368 0.9588169 0.4564368 0.9863532 0.4564368 0.9588169 0.4611662 0.9588169 0.4611662 0.9863532 0.4564368 0.9863533 0.4611659 0.9588169 0.4611662 0.9863533 0.4611659 0.9588169 0.4644257 0.9588169 0.4644257 0.9863533 0.4611659 0.9863533 0.4644256 0.9588171 0.4329297 0.9588171 0.4296702 0.9863533 0.4329297 0.9863533 0.4329297 0.9588171 0.4296702 0.9863533 0.4296702 0.9588171 0.4376242 0.9588171 0.4329297 0.9863533 0.4376242 0.9863533 0.4376242 0.9588171 0.4329297 0.9863533 0.4329297 0.9588171 0.4376242 0.9863533 0.4376242 0.9588169 0.4423186 0.9588169 0.4423186 0.9863533 0.4376242 0.9863533 0.4423186 0.9588169 0.4423186 0.9863533 0.4423186 0.9588169 0.4470132 0.9588169 0.4470132 0.9863533 0.4423186 0.9863533 0.4470131 0.9588169 0.4517078 0.9588169 0.4470132 0.9863533 0.4517077 0.9863533 0.4517077 0.9588169 0.4470132 0.9863533 0.4470131 0.7743153 0.4564368 0.7743153 0.4517077 0.7832988 0.4564368 0.7832988 0.4564368 0.7743153 0.4517077 0.7832988 0.4517077 0.7743153 0.4517077 0.7743154 0.4470132 0.7832988 0.4517077 0.7832988 0.4517077 0.7743154 0.4470132 0.7832989 0.4470132 0.7832989 0.4470132 0.7743154 0.4470132 0.7832986 0.4423188 0.7832986 0.4423188 0.7743154 0.4470132 0.7743152 0.4423187 0.7743152 0.4376242 0.7832986 0.4376242 0.7743152 0.4423187 0.7743152 0.4423187 0.7832986 0.4376242 0.7832986 0.4423188 0.7832986 0.4376242 0.7743152 0.4376242 0.7832986 0.43293 0.7832986 0.43293 0.7743152 0.4376242 0.7743152 0.4329299 0.7743152 0.4296703 0.7832986 0.4296704 0.7743152 0.4329299 0.7743152 0.4329299 0.7832986 0.4296704 0.7832986 0.43293 0.7832988 0.4611656 0.7832989 0.4644259 0.7743153 0.4611658 0.7743153 0.4611658 0.7832989 0.4644259 0.7743154 0.4644257 0.7743153 0.4611658 0.7743153 0.4564368 0.7832988 0.4611656 0.7832988 0.4611656 0.7743153 0.4564368 0.7832988 0.4564368 0.6752409 0.4517076 0.6752409 0.4470132 0.6854713 0.4517077 0.6854713 0.4517077 0.6752409 0.4470132 0.6854714 0.4470131 0.6752409 0.4423186 0.6854714 0.4423185 0.6752409 0.4470132 0.6752409 0.4470132 0.6854714 0.4423185 0.6854714 0.4470131 0.6752409 0.4376242 0.6854714 0.437624 0.6752409 0.4423186 0.6752409 0.4423186 0.6854714 0.437624 0.6854714 0.4423185 0.6752409 0.4329298 0.6854714 0.4329296 0.6752409 0.4376242 0.6752409 0.4376242 0.6854714 0.4329296 0.6854714 0.437624 0.6752409 0.4296703 0.6854714 0.4296703 0.6752409 0.4329298 0.6752409 0.4329298 0.6854714 0.4296703 0.6854714 0.4329296 0.6752409 0.4644257 0.6752409 0.4611659 0.6854714 0.4644257 0.6854714 0.4644257 0.6752409 0.4611659 0.6854713 0.4611659 0.6752409 0.4611659 0.6752409 0.456437 0.6854713 0.4611659 0.6854713 0.4611659 0.6752409 0.456437 0.6854713 0.456437 0.6752409 0.456437 0.6752409 0.4517076 0.6854713 0.456437 0.6854713 0.456437 0.6752409 0.4517076 0.6854713 0.4517077 0.9287159 0.4753999 0.9588169 0.4753997 0.9287159 0.4801289 0.9287159 0.4801289 0.9588169 0.4753997 0.9588169 0.4801291 0.7163386 0.480129 0.7163386 0.4754001 0.7220355 0.480129 0.7220355 0.480129 0.7163386 0.4754001 0.7220355 0.4754001 0.7163388 0.4942471 0.7220357 0.4942472 0.7163388 0.4989418 0.7163388 0.4989418 0.7220357 0.4942472 0.7220357 0.4989417 0.7038591 0.4989417 0.6997323 0.4989417 0.7038592 0.4942473 0.7038592 0.4942473 0.6997323 0.4989417 0.6997323 0.4942473 0.7038589 0.4848582 0.7038591 0.4895527 0.6997322 0.4848582 0.6997322 0.4848582 0.7038591 0.4895527 0.6997322 0.4895527 0.6890153 0.4848583 0.6951478 0.4848582 0.6890153 0.4895527 0.6890153 0.4895527 0.6951478 0.4848582 0.6951478 0.4895526 0.6890153 0.4801291 0.6951478 0.4801291 0.6890153 0.4848583 0.6890153 0.4848583 0.6951478 0.4801291 0.6951478 0.4848582 0.6997322 0.4848582 0.6997322 0.480129 0.7038589 0.4848582 0.7038589 0.4848582 0.6997322 0.480129 0.7038589 0.480129 0.6951478 0.4942473 0.6951478 0.4989417 0.6890153 0.4942474 0.6890153 0.4942474 0.6951478 0.4989417 0.6890153 0.4989418 0.6951478 0.4895526 0.6951478 0.4942473 0.6890153 0.4895527 0.6890153 0.4895527 0.6951478 0.4942473 0.6890153 0.4942474 0.7038592 0.4942473 0.6997323 0.4942473 0.7038591 0.4895527 0.7038591 0.4895527 0.6997323 0.4942473 0.6997322 0.4895527 0.7163386 0.4895527 0.7163386 0.4848582 0.7220353 0.4895526 0.7220353 0.4895526 0.7163386 0.4848582 0.7220355 0.4848581 0.7124023 0.4848581 0.7124024 0.4895527 0.7038589 0.4848582 0.7038589 0.4848582 0.7124024 0.4895527 0.7038591 0.4895527 0.7124023 0.480129 0.7124023 0.4848581 0.7038589 0.480129 0.7038589 0.480129 0.7124023 0.4848581 0.7038589 0.4848582 0.7163386 0.4848582 0.7163386 0.480129 0.7220355 0.4848581 0.7220355 0.4848581 0.7163386 0.480129 0.7220355 0.480129 0.7038592 0.4942473 0.7124024 0.4942472 0.7038591 0.4989417 0.7038591 0.4989417 0.7124024 0.4942472 0.7124024 0.4989417 0.7124024 0.4942472 0.7038592 0.4942473 0.7124024 0.4895527 0.7124024 0.4895527 0.7038592 0.4942473 0.7038591 0.4895527 0.7220357 0.4942472 0.7163388 0.4942471 0.7220353 0.4895526 0.7220353 0.4895526 0.7163388 0.4942471 0.7163386 0.4895527 0.7038591 0.4753998 0.7038589 0.480129 0.6997323 0.4754 0.6997323 0.4754 0.7038589 0.480129 0.6997322 0.480129 0.7038591 0.5066569 0.6997323 0.5066568 0.7038591 0.5036363 0.7038591 0.5036363 0.6997323 0.5066568 0.6997323 0.5036363 0.6951478 0.5036363 0.6951478 0.5066566 0.6890153 0.5036363 0.6890153 0.5036363 0.6951478 0.5066566 0.6890153 0.5066566 0.6951478 0.4989417 0.6951478 0.5036363 0.6890153 0.4989418 0.6890153 0.4989418 0.6951478 0.5036363 0.6890153 0.5036363 0.7038591 0.5036363 0.6997323 0.5036363 0.7038591 0.4989417 0.7038591 0.4989417 0.6997323 0.5036363 0.6997323 0.4989417 0.6890153 0.4754002 0.6951478 0.4754002 0.6890153 0.4801291 0.6890153 0.4801291 0.6951478 0.4754002 0.6951478 0.4801291 0.6890153 0.4723794 0.6951478 0.4723794 0.6890153 0.4754002 0.6890153 0.4754002 0.6951478 0.4723794 0.6951478 0.4754002 0.7038591 0.4723793 0.7038591 0.4753998 0.6997323 0.4723793 0.6997323 0.4723793 0.7038591 0.4753998 0.6997323 0.4754 0.7220357 0.5066566 0.7163388 0.5066566 0.7220357 0.5036361 0.7220357 0.5036361 0.7163388 0.5066566 0.7163388 0.5036362 0.7038591 0.5036363 0.7124024 0.5036363 0.7038591 0.5066569 0.7038591 0.5066569 0.7124024 0.5036363 0.7124024 0.5066566 0.7124024 0.5036363 0.7038591 0.5036363 0.7124024 0.4989417 0.7124024 0.4989417 0.7038591 0.5036363 0.7038591 0.4989417 0.7220357 0.5036361 0.7163388 0.5036362 0.7220357 0.4989417 0.7220357 0.4989417 0.7163388 0.5036362 0.7163388 0.4989418 0.7038589 0.480129 0.7038591 0.4753998 0.7124023 0.480129 0.7124023 0.480129 0.7038591 0.4753998 0.7124024 0.4754002 0.7038591 0.4753998 0.7038591 0.4723793 0.7124024 0.4754002 0.7124024 0.4754002 0.7038591 0.4723793 0.7124023 0.4723793 0.7163386 0.4754001 0.7163386 0.4723793 0.7220355 0.4754001 0.7220355 0.4754001 0.7163386 0.4723793 0.7220355 0.4723793 0.9287159 0.4989417 0.9287158 0.4942473 0.9588169 0.4989417 0.9588169 0.4989417 0.9287158 0.4942473 0.9588169 0.4942473 0.7363154 0.4942473 0.7630762 0.4942473 0.7363149 0.4989417 0.7363149 0.4989417 0.7630762 0.4942473 0.7630763 0.4989417 0.7630762 0.4848582 0.7630762 0.4895528 0.7363151 0.4848582 0.7363151 0.4848582 0.7630762 0.4895528 0.7363152 0.4895527 0.7363151 0.4848582 0.7363152 0.4895527 0.7220355 0.4848581 0.7220355 0.4848581 0.7363152 0.4895527 0.7220353 0.4895526 0.7363151 0.480129 0.7363151 0.4848582 0.7220355 0.480129 0.7220355 0.480129 0.7363151 0.4848582 0.7220355 0.4848581 0.7630762 0.4801291 0.7630762 0.4848582 0.7363151 0.480129 0.7363151 0.480129 0.7630762 0.4848582 0.7363151 0.4848582 0.7220357 0.4942472 0.7363154 0.4942473 0.7220357 0.4989417 0.7220357 0.4989417 0.7363154 0.4942473 0.7363149 0.4989417 0.7220353 0.4895526 0.7363152 0.4895527 0.7220357 0.4942472 0.7220357 0.4942472 0.7363152 0.4895527 0.7363154 0.4942473 0.7630762 0.4942473 0.7363154 0.4942473 0.7630762 0.4895528 0.7630762 0.4895528 0.7363154 0.4942473 0.7363152 0.4895527 0.9287159 0.4848581 0.9588169 0.4848581 0.9287159 0.4895527 0.9287159 0.4895527 0.9588169 0.4848581 0.9588169 0.4895527 0.7929018 0.4848582 0.8043584 0.484858 0.7929018 0.4895527 0.7929018 0.4895527 0.8043584 0.484858 0.8043584 0.4895527 0.8043584 0.484858 0.7929018 0.4848582 0.8043584 0.4801287 0.8043584 0.4801287 0.7929018 0.4848582 0.7929018 0.4801289 0.8362218 0.484858 0.868085 0.4848585 0.8362218 0.4895526 0.8362218 0.4895526 0.868085 0.4848585 0.868085 0.4895529 0.8362218 0.4801289 0.868085 0.4801292 0.8362218 0.484858 0.8362218 0.484858 0.868085 0.4801292 0.868085 0.4848585 0.820225 0.4801288 0.8362218 0.4801289 0.820225 0.484858 0.820225 0.484858 0.8362218 0.4801289 0.8362218 0.484858 0.820225 0.484858 0.8362218 0.484858 0.820225 0.4895526 0.820225 0.4895526 0.8362218 0.484858 0.8362218 0.4895526 0.9287159 0.4801289 0.9588169 0.4801291 0.9287159 0.4848581 0.9287159 0.4848581 0.9588169 0.4801291 0.9588169 0.4848581 0.868085 0.4801292 0.9287159 0.4801289 0.868085 0.4848585 0.868085 0.4848585 0.9287159 0.4801289 0.9287159 0.4848581 0.868085 0.4848585 0.9287159 0.4848581 0.868085 0.4895529 0.868085 0.4895529 0.9287159 0.4848581 0.9287159 0.4895527 0.8043587 0.4942473 0.8043583 0.4989417 0.792902 0.4942473 0.792902 0.4942473 0.8043583 0.4989417 0.7929018 0.4989418 0.8043584 0.4895527 0.8043587 0.4942473 0.7929018 0.4895527 0.7929018 0.4895527 0.8043587 0.4942473 0.792902 0.4942473 0.8362218 0.4989417 0.8362218 0.4942473 0.868085 0.4989421 0.868085 0.4989421 0.8362218 0.4942473 0.8680852 0.4942475 0.8362218 0.4942473 0.8362218 0.4895526 0.8680852 0.4942475 0.8680852 0.4942475 0.8362218 0.4895526 0.868085 0.4895529 0.8362218 0.4895526 0.8362218 0.4942473 0.820225 0.4895526 0.820225 0.4895526 0.8362218 0.4942473 0.8202251 0.4942473 0.8362218 0.4942473 0.8362218 0.4989417 0.8202251 0.4942473 0.8202251 0.4942473 0.8362218 0.4989417 0.8202249 0.4989417 0.9287158 0.4942473 0.9287159 0.4895527 0.9588169 0.4942473 0.9588169 0.4942473 0.9287159 0.4895527 0.9588169 0.4895527 0.9287159 0.4895527 0.9287158 0.4942473 0.868085 0.4895529 0.868085 0.4895529 0.9287158 0.4942473 0.8680852 0.4942475 0.9287158 0.4942473 0.9287159 0.4989417 0.8680852 0.4942475 0.8680852 0.4942475 0.9287159 0.4989417 0.868085 0.4989421 0.7363151 0.480129 0.7363152 0.4754002 0.7630762 0.4801291 0.7630762 0.4801291 0.7363152 0.4754002 0.7630762 0.4753998 0.7630763 0.5066566 0.7363149 0.5066566 0.7630763 0.5036361 0.7630763 0.5036361 0.7363149 0.5066566 0.7363149 0.5036361 0.7220357 0.5036361 0.7363149 0.5036361 0.7220357 0.5066566 0.7220357 0.5066566 0.7363149 0.5036361 0.7363149 0.5066566 0.7363149 0.5036361 0.7220357 0.5036361 0.7363149 0.4989417 0.7363149 0.4989417 0.7220357 0.5036361 0.7220357 0.4989417 0.7630763 0.5036361 0.7363149 0.5036361 0.7630763 0.4989417 0.7630763 0.4989417 0.7363149 0.5036361 0.7363149 0.4989417 0.7220355 0.480129 0.7220355 0.4754001 0.7363151 0.480129 0.7363151 0.480129 0.7220355 0.4754001 0.7363152 0.4754002 0.7220355 0.4754001 0.7220355 0.4723793 0.7363152 0.4754002 0.7363152 0.4754002 0.7220355 0.4723793 0.7363152 0.4723793 0.7363152 0.4754002 0.7363152 0.4723793 0.7630762 0.4753998 0.7630762 0.4753998 0.7363152 0.4723793 0.7630762 0.4723795 0.9287159 0.5066566 0.9287159 0.5036361 0.9588169 0.5066566 0.9588169 0.5066566 0.9287159 0.5036361 0.9588169 0.5036363 0.8043583 0.5036358 0.8043583 0.5066566 0.7929018 0.5036359 0.7929018 0.5036359 0.8043583 0.5066566 0.7929018 0.5066565 0.8043583 0.4989417 0.8043583 0.5036358 0.7929018 0.4989418 0.7929018 0.4989418 0.8043583 0.5036358 0.7929018 0.5036359 0.8362219 0.5066568 0.8362219 0.5036363 0.868085 0.5066569 0.868085 0.5066569 0.8362219 0.5036363 0.868085 0.5036363 0.8362219 0.5036363 0.8362218 0.4989417 0.868085 0.5036363 0.868085 0.5036363 0.8362218 0.4989417 0.868085 0.4989421 0.8362218 0.4989417 0.8362219 0.5036363 0.8202249 0.4989417 0.8202249 0.4989417 0.8362219 0.5036363 0.820225 0.5036361 0.8362219 0.5036363 0.8362219 0.5066568 0.820225 0.5036361 0.820225 0.5036361 0.8362219 0.5066568 0.820225 0.5066567 0.9287159 0.5036361 0.9287159 0.4989417 0.9588169 0.5036363 0.9588169 0.5036363 0.9287159 0.4989417 0.9588169 0.4989417 0.9287159 0.4989417 0.9287159 0.5036361 0.868085 0.4989421 0.868085 0.4989421 0.9287159 0.5036361 0.868085 0.5036363 0.9287159 0.5036361 0.9287159 0.5066566 0.868085 0.5036363 0.868085 0.5036363 0.9287159 0.5066566 0.868085 0.5066569 0.7929019 0.4754002 0.8043585 0.4754001 0.7929018 0.4801289 0.7929018 0.4801289 0.8043585 0.4754001 0.8043584 0.4801287 0.8043585 0.4754001 0.7929019 0.4754002 0.8043584 0.4723794 0.8043584 0.4723794 0.7929019 0.4754002 0.7929019 0.4723793 0.8362219 0.4753999 0.868085 0.4754004 0.8362218 0.4801289 0.8362218 0.4801289 0.868085 0.4754004 0.868085 0.4801292 0.8362219 0.4723793 0.868085 0.4723795 0.8362219 0.4753999 0.8362219 0.4753999 0.868085 0.4723795 0.868085 0.4754004 0.8202251 0.4723793 0.8362219 0.4723793 0.8202251 0.4754 0.8202251 0.4754 0.8362219 0.4723793 0.8362219 0.4753999 0.8202251 0.4754 0.8362219 0.4753999 0.820225 0.4801288 0.820225 0.4801288 0.8362219 0.4753999 0.8362218 0.4801289 0.9287162 0.4723794 0.9588169 0.4723794 0.9287159 0.4753999 0.9287159 0.4753999 0.9588169 0.4723794 0.9588169 0.4753997 0.868085 0.4723795 0.9287162 0.4723794 0.868085 0.4754004 0.868085 0.4754004 0.9287162 0.4723794 0.9287159 0.4753999 0.868085 0.4754004 0.9287159 0.4753999 0.868085 0.4801292 0.868085 0.4801292 0.9287159 0.4753999 0.9287159 0.4801289 0.6744857 0.4801291 0.6752409 0.4801291 0.6744857 0.4848582 0.6744857 0.4848582 0.6752409 0.4801291 0.6752409 0.4848582 0.6744857 0.4848582 0.6752409 0.4848582 0.674486 0.4895527 0.674486 0.4895527 0.6752409 0.4848582 0.6752411 0.4895527 0.6752411 0.4895527 0.6752411 0.4942473 0.674486 0.4895527 0.674486 0.4895527 0.6752411 0.4942473 0.6744857 0.4942473 0.6752411 0.4942473 0.6752411 0.4989419 0.6744857 0.4942473 0.6744857 0.4942473 0.6752411 0.4989419 0.6744857 0.4989419 0.6752411 0.4989419 0.6752411 0.5036363 0.6744857 0.4989419 0.6744857 0.4989419 0.6752411 0.5036363 0.6744857 0.5036363 0.6752411 0.5036363 0.6752411 0.5066566 0.6744857 0.5036363 0.6744857 0.5036363 0.6752411 0.5066566 0.6744857 0.5066566 0.6744858 0.4723794 0.6752409 0.4723794 0.6744858 0.4754002 0.6744858 0.4754002 0.6752409 0.4723794 0.6752409 0.4754002 0.6744858 0.4754002 0.6752409 0.4754002 0.6744857 0.4801291 0.6744857 0.4801291 0.6752409 0.4754002 0.6752409 0.4801291 0.9588169 0.4801291 0.9863532 0.4801291 0.9588169 0.4848581 0.9588169 0.4848581 0.9863532 0.4801291 0.9863533 0.4848582 0.9863533 0.4754001 0.9863532 0.4801291 0.9588169 0.4753997 0.9588169 0.4753997 0.9863532 0.4801291 0.9588169 0.4801291 0.9588169 0.4753997 0.9588169 0.4723794 0.9863533 0.4754001 0.9863533 0.4754001 0.9588169 0.4723794 0.9863533 0.4723795 0.9588169 0.5036363 0.9863533 0.5036363 0.9588169 0.5066566 0.9588169 0.5066566 0.9863533 0.5036363 0.9863533 0.5066566 0.9588169 0.4989417 0.9863533 0.4989417 0.9588169 0.5036363 0.9588169 0.5036363 0.9863533 0.4989417 0.9863533 0.5036363 0.9863533 0.4942473 0.9863533 0.4989417 0.9588169 0.4942473 0.9588169 0.4942473 0.9863533 0.4989417 0.9588169 0.4989417 0.9863533 0.4895528 0.9863533 0.4942473 0.9588169 0.4895527 0.9588169 0.4895527 0.9863533 0.4942473 0.9588169 0.4942473 0.9588169 0.4848581 0.9863533 0.4848582 0.9588169 0.4895527 0.9588169 0.4895527 0.9863533 0.4848582 0.9863533 0.4895528 0.7832988 0.4848584 0.7743153 0.4848583 0.7832988 0.4801291 0.7832988 0.4801291 0.7743153 0.4848583 0.7743153 0.4801291 0.7743153 0.4848583 0.7832988 0.4848584 0.7743153 0.4895528 0.7743153 0.4895528 0.7832988 0.4848584 0.7832988 0.4895527 0.7743153 0.4942473 0.7743153 0.4895528 0.7832988 0.4942473 0.7832988 0.4942473 0.7743153 0.4895528 0.7832988 0.4895527 0.7832988 0.4942473 0.7832988 0.4989419 0.7743153 0.4942473 0.7743153 0.4942473 0.7832988 0.4989419 0.7743154 0.4989418 0.7743154 0.5036361 0.7743154 0.4989418 0.7832988 0.5036361 0.7832988 0.5036361 0.7743154 0.4989418 0.7832988 0.4989419 0.7832988 0.5036361 0.7832988 0.5066565 0.7743154 0.5036361 0.7743154 0.5036361 0.7832988 0.5066565 0.7743154 0.5066565 0.7832988 0.4754003 0.7743153 0.4754001 0.7832989 0.4723793 0.7832989 0.4723793 0.7743153 0.4754001 0.7743154 0.4723794 0.7743153 0.4754001 0.7832988 0.4754003 0.7743153 0.4801291 0.7743153 0.4801291 0.7832988 0.4754003 0.7832988 0.4801291 0.6752409 0.4848582 0.6854713 0.4848582 0.6752411 0.4895527 0.6752411 0.4895527 0.6854713 0.4848582 0.6854714 0.4895528 0.6854714 0.4895528 0.6854713 0.4942475 0.6752411 0.4895527 0.6752411 0.4895527 0.6854713 0.4942475 0.6752411 0.4942473 0.6854713 0.4942475 0.6854713 0.4989419 0.6752411 0.4942473 0.6752411 0.4942473 0.6854713 0.4989419 0.6752411 0.4989419 0.6854713 0.4989419 0.6854713 0.5036363 0.6752411 0.4989419 0.6752411 0.4989419 0.6854713 0.5036363 0.6752411 0.5036363 0.6854713 0.5036363 0.6854713 0.5066566 0.6752411 0.5036363 0.6752411 0.5036363 0.6854713 0.5066566 0.6752411 0.5066566 0.6752409 0.4723794 0.6854714 0.4723794 0.6752409 0.4754002 0.6752409 0.4754002 0.6854714 0.4723794 0.6854713 0.4754002 0.6752409 0.4754002 0.6854713 0.4754002 0.6752409 0.4801291 0.6752409 0.4801291 0.6854713 0.4754002 0.6854713 0.4801291 0.6752409 0.4801291 0.6854713 0.4801291 0.6752409 0.4848582 0.6752409 0.4848582 0.6854713 0.4801291 0.6854713 0.4848582 0.687754 0.4754002 0.6890153 0.4754002 0.687754 0.4801291 0.687754 0.4801291 0.6890153 0.4754002 0.6890153 0.4801291 0.6877541 0.4723794 0.6890153 0.4723794 0.687754 0.4754002 0.687754 0.4754002 0.6890153 0.4723794 0.6890153 0.4754002 0.6890153 0.5036363 0.6890153 0.5066566 0.687754 0.5036363 0.687754 0.5036363 0.6890153 0.5066566 0.687754 0.5066566 0.6890153 0.4989418 0.6890153 0.5036363 0.687754 0.4989418 0.687754 0.4989418 0.6890153 0.5036363 0.687754 0.5036363 0.6890153 0.4942474 0.6890153 0.4989418 0.687754 0.4942475 0.687754 0.4942475 0.6890153 0.4989418 0.687754 0.4989418 0.6890153 0.4895527 0.6890153 0.4942474 0.6877541 0.4895528 0.6877541 0.4895528 0.6890153 0.4942474 0.687754 0.4942475 0.687754 0.4848583 0.6890153 0.4848583 0.6877541 0.4895528 0.6877541 0.4895528 0.6890153 0.4848583 0.6890153 0.4895527 0.687754 0.4801291 0.6890153 0.4801291 0.687754 0.4848583 0.687754 0.4848583 0.6890153 0.4801291 0.6890153 0.4848583 0.687754 0.456437 0.687754 0.4517077 0.6890153 0.456437 0.6890153 0.456437 0.687754 0.4517077 0.6890153 0.4517077 0.687754 0.4517077 0.6877541 0.4470131 0.6890153 0.4517077 0.6890153 0.4517077 0.6877541 0.4470131 0.6890153 0.4470132 0.6877541 0.4423186 0.6890153 0.4423186 0.6877541 0.4470131 0.6877541 0.4470131 0.6890153 0.4423186 0.6890153 0.4470132 0.6877541 0.4376241 0.6890153 0.4376242 0.6877541 0.4423186 0.6877541 0.4423186 0.6890153 0.4376242 0.6890153 0.4423186 0.6877541 0.4329296 0.6890153 0.4329296 0.6877541 0.4376241 0.6877541 0.4376241 0.6890153 0.4329296 0.6890153 0.4376242 0.6877541 0.4296703 0.6890153 0.4296703 0.6877541 0.4329296 0.6877541 0.4329296 0.6890153 0.4296703 0.6890153 0.4329296 0.6877541 0.4644257 0.687754 0.4611659 0.6890153 0.4644257 0.6890153 0.4644257 0.687754 0.4611659 0.6890153 0.4611659 0.687754 0.4611659 0.687754 0.456437 0.6890153 0.4611659 0.6890153 0.4611659 0.687754 0.456437 0.6890153 0.456437 0.7163386 0.456437 0.7153425 0.456437 0.7163386 0.4517078 0.7163386 0.4517078 0.7153425 0.456437 0.7153425 0.4517078 0.7163386 0.4517078 0.7153425 0.4517078 0.7163386 0.4470132 0.7163386 0.4470132 0.7153425 0.4517078 0.7153425 0.4470132 0.7163388 0.4423187 0.7163386 0.4470132 0.7153426 0.4423187 0.7153426 0.4423187 0.7163386 0.4470132 0.7153425 0.4470132 0.7163388 0.4376242 0.7163388 0.4423187 0.7153426 0.4376242 0.7153426 0.4376242 0.7163388 0.4423187 0.7153426 0.4423187 0.7163388 0.4329298 0.7163388 0.4376242 0.7153426 0.4329297 0.7153426 0.4329297 0.7163388 0.4376242 0.7153426 0.4376242 0.7163388 0.4296703 0.7163388 0.4329298 0.7153426 0.4296703 0.7153426 0.4296703 0.7163388 0.4329298 0.7153426 0.4329297 0.7163386 0.4644259 0.7153425 0.4644259 0.7163386 0.4611659 0.7163386 0.4611659 0.7153425 0.4644259 0.7153425 0.4611659 0.7153425 0.456437 0.7163386 0.456437 0.7153425 0.4611659 0.7153425 0.4611659 0.7163386 0.456437 0.7163386 0.4611659 0.7153425 0.480129 0.7153425 0.4754001 0.7163386 0.480129 0.7163386 0.480129 0.7153425 0.4754001 0.7163386 0.4754001 0.7163386 0.4723793 0.7163386 0.4754001 0.7153425 0.4723793 0.7153425 0.4723793 0.7163386 0.4754001 0.7153425 0.4754001 0.7163388 0.5066566 0.7153426 0.5066566 0.7163388 0.5036362 0.7163388 0.5036362 0.7153426 0.5066566 0.7153426 0.5036362 0.7163388 0.5036362 0.7153426 0.5036362 0.7163388 0.4989418 0.7163388 0.4989418 0.7153426 0.5036362 0.7153426 0.4989418 0.7153426 0.4942471 0.7163388 0.4942471 0.7153426 0.4989418 0.7153426 0.4989418 0.7163388 0.4942471 0.7163388 0.4989418 0.7163388 0.4942471 0.7153426 0.4942471 0.7163386 0.4895527 0.7163386 0.4895527 0.7153426 0.4942471 0.7153425 0.4895527 0.7163386 0.4848582 0.7163386 0.4895527 0.7153425 0.4848582 0.7153425 0.4848582 0.7163386 0.4895527 0.7153425 0.4895527 0.7163386 0.480129 0.7163386 0.4848582 0.7153425 0.480129 0.7153425 0.480129 0.7163386 0.4848582 0.7153425 0.4848582 0.7832988 0.4564368 0.7832988 0.4517077 0.7929018 0.456437 0.7929018 0.456437 0.7832988 0.4517077 0.7929018 0.4517078 0.7832988 0.4517077 0.7832989 0.4470132 0.7929018 0.4517078 0.7929018 0.4517078 0.7832989 0.4470132 0.7929019 0.4470132 0.7929019 0.4470132 0.7832989 0.4470132 0.7929019 0.4423187 0.7929019 0.4423187 0.7832989 0.4470132 0.7832986 0.4423188 0.7832986 0.4376242 0.7929016 0.4376242 0.7832986 0.4423188 0.7832986 0.4423188 0.7929016 0.4376242 0.7929019 0.4423187 0.7929016 0.4376242 0.7832986 0.4376242 0.7929016 0.4329301 0.7929016 0.4329301 0.7832986 0.4376242 0.7832986 0.43293 0.7832986 0.4296704 0.7929016 0.4296703 0.7832986 0.43293 0.7832986 0.43293 0.7929016 0.4296703 0.7929016 0.4329301 0.7929019 0.4611657 0.7929019 0.4644259 0.7832988 0.4611656 0.7832988 0.4611656 0.7929019 0.4644259 0.7832989 0.4644259 0.7832988 0.4611656 0.7832988 0.4564368 0.7929019 0.4611657 0.7929019 0.4611657 0.7832988 0.4564368 0.7929018 0.456437 0.7832988 0.4754003 0.7929019 0.4754002 0.7832988 0.4801291 0.7832988 0.4801291 0.7929019 0.4754002 0.7929018 0.4801289 0.7929019 0.4754002 0.7832988 0.4754003 0.7929019 0.4723793 0.7929019 0.4723793 0.7832988 0.4754003 0.7832989 0.4723793 0.7929018 0.5036359 0.7929018 0.5066565 0.7832988 0.5036361 0.7832988 0.5036361 0.7929018 0.5066565 0.7832988 0.5066565 0.7929018 0.4989418 0.7929018 0.5036359 0.7832988 0.4989419 0.7832988 0.4989419 0.7929018 0.5036359 0.7832988 0.5036361 0.792902 0.4942473 0.7929018 0.4989418 0.7832988 0.4942473 0.7832988 0.4942473 0.7929018 0.4989418 0.7832988 0.4989419 0.7929018 0.4895527 0.792902 0.4942473 0.7832988 0.4895527 0.7832988 0.4895527 0.792902 0.4942473 0.7832988 0.4942473 0.7832988 0.4848584 0.7929018 0.4848582 0.7832988 0.4895527 0.7832988 0.4895527 0.7929018 0.4848582 0.7929018 0.4895527 0.7929018 0.4848582 0.7832988 0.4848584 0.7929018 0.4801289 0.7929018 0.4801289 0.7832988 0.4848584 0.7832988 0.4801291 0.8043584 0.4564372 0.8043584 0.4517079 0.820225 0.4564371 0.820225 0.4564371 0.8043584 0.4517079 0.820225 0.4517079 0.8043584 0.4517079 0.8043584 0.4470132 0.820225 0.4517079 0.820225 0.4517079 0.8043584 0.4470132 0.820225 0.4470133 0.8043587 0.4423185 0.8202251 0.4423185 0.8043584 0.4470132 0.8043584 0.4470132 0.8202251 0.4423185 0.820225 0.4470133 0.8043582 0.4376242 0.8202248 0.4376242 0.8043587 0.4423185 0.8043587 0.4423185 0.8202248 0.4376242 0.8202251 0.4423185 0.8043582 0.4329301 0.8202249 0.4329299 0.8043582 0.4376242 0.8043582 0.4376242 0.8202249 0.4329299 0.8202248 0.4376242 0.8043582 0.4296702 0.8202249 0.4296701 0.8043582 0.4329301 0.8043582 0.4329301 0.8202249 0.4296701 0.8202249 0.4329299 0.8202251 0.4611659 0.820225 0.4644259 0.8043585 0.4611659 0.8043585 0.4611659 0.820225 0.4644259 0.8043584 0.4644259 0.8043585 0.4611659 0.8043584 0.4564372 0.8202251 0.4611659 0.8202251 0.4611659 0.8043584 0.4564372 0.820225 0.4564371 0.8043585 0.4754001 0.8202251 0.4754 0.8043584 0.4801287 0.8043584 0.4801287 0.8202251 0.4754 0.820225 0.4801288 0.8043584 0.4723794 0.8202251 0.4723793 0.8043585 0.4754001 0.8043585 0.4754001 0.8202251 0.4723793 0.8202251 0.4754 0.820225 0.5036361 0.820225 0.5066567 0.8043583 0.5036358 0.8043583 0.5036358 0.820225 0.5066567 0.8043583 0.5066566 0.8202249 0.4989417 0.820225 0.5036361 0.8043583 0.4989417 0.8043583 0.4989417 0.820225 0.5036361 0.8043583 0.5036358 0.8202251 0.4942473 0.8202249 0.4989417 0.8043587 0.4942473 0.8043587 0.4942473 0.8202249 0.4989417 0.8043583 0.4989417 0.820225 0.4895526 0.8202251 0.4942473 0.8043584 0.4895527 0.8043584 0.4895527 0.8202251 0.4942473 0.8043587 0.4942473 0.8043584 0.484858 0.820225 0.484858 0.8043584 0.4895527 0.8043584 0.4895527 0.820225 0.484858 0.820225 0.4895526 0.8043584 0.4801287 0.820225 0.4801288 0.8043584 0.484858 0.8043584 0.484858 0.820225 0.4801288 0.820225 0.484858 0.7743153 0.4564368 0.7630762 0.4564368 0.7743153 0.4517077 0.7743153 0.4517077 0.7630762 0.4564368 0.7630762 0.4517077 0.7630762 0.4470131 0.7743154 0.4470132 0.7630762 0.4517077 0.7630762 0.4517077 0.7743154 0.4470132 0.7743153 0.4517077 0.7743152 0.4423187 0.7743154 0.4470132 0.7630762 0.4423186 0.7630762 0.4423186 0.7743154 0.4470132 0.7630762 0.4470131 0.7630762 0.4423186 0.7630764 0.4376242 0.7743152 0.4423187 0.7743152 0.4423187 0.7630764 0.4376242 0.7743152 0.4376242 0.7743152 0.4329299 0.7743152 0.4376242 0.7630764 0.4329299 0.7630764 0.4329299 0.7743152 0.4376242 0.7630764 0.4376242 0.7630764 0.4329299 0.7630764 0.4296702 0.7743152 0.4329299 0.7743152 0.4329299 0.7630764 0.4296702 0.7743152 0.4296703 0.7743154 0.4644257 0.7630762 0.4644256 0.7743153 0.4611658 0.7743153 0.4611658 0.7630762 0.4644256 0.7630762 0.4611661 0.7630762 0.4564368 0.7743153 0.4564368 0.7630762 0.4611661 0.7630762 0.4611661 0.7743153 0.4564368 0.7743153 0.4611658 0.7630762 0.4801291 0.7630762 0.4753998 0.7743153 0.4801291 0.7743153 0.4801291 0.7630762 0.4753998 0.7743153 0.4754001 0.7743154 0.4723794 0.7743153 0.4754001 0.7630762 0.4723795 0.7630762 0.4723795 0.7743153 0.4754001 0.7630762 0.4753998 0.7630763 0.5036361 0.7743154 0.5036361 0.7630763 0.5066566 0.7630763 0.5066566 0.7743154 0.5036361 0.7743154 0.5066565 0.7743154 0.5036361 0.7630763 0.5036361 0.7743154 0.4989418 0.7743154 0.4989418 0.7630763 0.5036361 0.7630763 0.4989417 0.7630762 0.4942473 0.7743153 0.4942473 0.7630763 0.4989417 0.7630763 0.4989417 0.7743153 0.4942473 0.7743154 0.4989418 0.7743153 0.4942473 0.7630762 0.4942473 0.7743153 0.4895528 0.7743153 0.4895528 0.7630762 0.4942473 0.7630762 0.4895528 0.7743153 0.4848583 0.7743153 0.4895528 0.7630762 0.4848582 0.7630762 0.4848582 0.7743153 0.4895528 0.7630762 0.4895528 0.7743153 0.4801291 0.7743153 0.4848583 0.7630762 0.4801291 0.7630762 0.4801291 0.7743153 0.4848583 0.7630762 0.4848582 0.7142819 0.456437 0.7132688 0.456437 0.7142819 0.4517078 0.7142819 0.4517078 0.7132688 0.456437 0.7132688 0.4517078 0.7142819 0.4517078 0.7132688 0.4517078 0.714282 0.4470132 0.714282 0.4470132 0.7132688 0.4517078 0.7132689 0.4470132 0.714282 0.4423187 0.714282 0.4470132 0.7132689 0.4423187 0.7132689 0.4423187 0.714282 0.4470132 0.7132689 0.4470132 0.714282 0.4376242 0.714282 0.4423187 0.7132689 0.4376242 0.7132689 0.4376242 0.714282 0.4423187 0.7132689 0.4423187 0.714282 0.4329297 0.714282 0.4376242 0.7132689 0.4329297 0.7132689 0.4329297 0.714282 0.4376242 0.7132689 0.4376242 0.714282 0.4296703 0.714282 0.4329297 0.7132689 0.4296703 0.7132689 0.4296703 0.714282 0.4329297 0.7132689 0.4329297 0.7142819 0.4644259 0.7132688 0.4644259 0.714282 0.4611659 0.714282 0.4611659 0.7132688 0.4644259 0.7132689 0.4611659 0.7132688 0.456437 0.7142819 0.456437 0.7132689 0.4611659 0.7132689 0.4611659 0.7142819 0.456437 0.714282 0.4611659 0.7132688 0.480129 0.7132689 0.4754001 0.7142819 0.480129 0.7142819 0.480129 0.7132689 0.4754001 0.714282 0.4754001 0.7142819 0.4723793 0.714282 0.4754001 0.7132688 0.4723793 0.7132688 0.4723793 0.714282 0.4754001 0.7132689 0.4754001 0.714282 0.5066566 0.7132689 0.5066566 0.714282 0.5036362 0.714282 0.5036362 0.7132689 0.5066566 0.7132689 0.5036362 0.714282 0.5036362 0.7132689 0.5036362 0.714282 0.4989418 0.714282 0.4989418 0.7132689 0.5036362 0.7132689 0.4989418 0.7132689 0.4942471 0.714282 0.4942471 0.7132689 0.4989418 0.7132689 0.4989418 0.714282 0.4942471 0.714282 0.4989418 0.714282 0.4942471 0.7132689 0.4942471 0.714282 0.4895527 0.714282 0.4895527 0.7132689 0.4942471 0.7132689 0.4895527 0.7142819 0.4848582 0.714282 0.4895527 0.7132688 0.4848582 0.7132688 0.4848582 0.714282 0.4895527 0.7132689 0.4895527 0.7142819 0.480129 0.7142819 0.4848582 0.7132688 0.480129 0.7132688 0.480129 0.7142819 0.4848582 0.7132688 0.4848582 0.6854713 0.4754002 0.687754 0.4754002 0.6854713 0.4801291 0.6854713 0.4801291 0.687754 0.4754002 0.687754 0.4801291 0.6854714 0.4723794 0.6877541 0.4723794 0.6854713 0.4754002 0.6854713 0.4754002 0.6877541 0.4723794 0.687754 0.4754002 0.687754 0.5036363 0.687754 0.5066566 0.6854713 0.5036363 0.6854713 0.5036363 0.687754 0.5066566 0.6854713 0.5066566 0.687754 0.4989418 0.687754 0.5036363 0.6854713 0.4989419 0.6854713 0.4989419 0.687754 0.5036363 0.6854713 0.5036363 0.687754 0.4942475 0.687754 0.4989418 0.6854713 0.4942475 0.6854713 0.4942475 0.687754 0.4989418 0.6854713 0.4989419 0.6877541 0.4895528 0.687754 0.4942475 0.6854714 0.4895528 0.6854714 0.4895528 0.687754 0.4942475 0.6854713 0.4942475 0.6854713 0.4848582 0.687754 0.4848583 0.6854714 0.4895528 0.6854714 0.4895528 0.687754 0.4848583 0.6877541 0.4895528 0.6854713 0.4801291 0.687754 0.4801291 0.6854713 0.4848582 0.6854713 0.4848582 0.687754 0.4801291 0.687754 0.4848583 0.6854713 0.456437 0.6854713 0.4517077 0.687754 0.456437 0.687754 0.456437 0.6854713 0.4517077 0.687754 0.4517077 0.6854713 0.4517077 0.6854714 0.4470131 0.687754 0.4517077 0.687754 0.4517077 0.6854714 0.4470131 0.6877541 0.4470131 0.6854714 0.4423185 0.6877541 0.4423186 0.6854714 0.4470131 0.6854714 0.4470131 0.6877541 0.4423186 0.6877541 0.4470131 0.6854714 0.437624 0.6877541 0.4376241 0.6854714 0.4423185 0.6854714 0.4423185 0.6877541 0.4376241 0.6877541 0.4423186 0.6854714 0.4329296 0.6877541 0.4329296 0.6854714 0.437624 0.6854714 0.437624 0.6877541 0.4329296 0.6877541 0.4376241 0.6854714 0.4296703 0.6877541 0.4296703 0.6854714 0.4329296 0.6854714 0.4329296 0.6877541 0.4296703 0.6877541 0.4329296 0.6854714 0.4644257 0.6854713 0.4611659 0.6877541 0.4644257 0.6877541 0.4644257 0.6854713 0.4611659 0.687754 0.4611659 0.6854713 0.4611659 0.6854713 0.456437 0.687754 0.4611659 0.687754 0.4611659 0.6854713 0.456437 0.687754 0.456437 0.7142819 0.480129 0.714282 0.4754001 0.7153425 0.480129 0.7153425 0.480129 0.714282 0.4754001 0.7153425 0.4754001 0.7153425 0.4723793 0.7153425 0.4754001 0.7142819 0.4723793 0.7142819 0.4723793 0.7153425 0.4754001 0.714282 0.4754001 0.7153426 0.5066566 0.714282 0.5066566 0.7153426 0.5036362 0.7153426 0.5036362 0.714282 0.5066566 0.714282 0.5036362 0.7153426 0.5036362 0.714282 0.5036362 0.7153426 0.4989418 0.7153426 0.4989418 0.714282 0.5036362 0.714282 0.4989418 0.714282 0.4942471 0.7153426 0.4942471 0.714282 0.4989418 0.714282 0.4989418 0.7153426 0.4942471 0.7153426 0.4989418 0.7153426 0.4942471 0.714282 0.4942471 0.7153425 0.4895527 0.7153425 0.4895527 0.714282 0.4942471 0.714282 0.4895527 0.7153425 0.4848582 0.7153425 0.4895527 0.7142819 0.4848582 0.7142819 0.4848582 0.7153425 0.4895527 0.714282 0.4895527 0.7153425 0.480129 0.7153425 0.4848582 0.7142819 0.480129 0.7142819 0.480129 0.7153425 0.4848582 0.7142819 0.4848582 0.7153425 0.456437 0.7142819 0.456437 0.7153425 0.4517078 0.7153425 0.4517078 0.7142819 0.456437 0.7142819 0.4517078 0.7153425 0.4517078 0.7142819 0.4517078 0.7153425 0.4470132 0.7153425 0.4470132 0.7142819 0.4517078 0.714282 0.4470132 0.7153426 0.4423187 0.7153425 0.4470132 0.714282 0.4423187 0.714282 0.4423187 0.7153425 0.4470132 0.714282 0.4470132 0.7153426 0.4376242 0.7153426 0.4423187 0.714282 0.4376242 0.714282 0.4376242 0.7153426 0.4423187 0.714282 0.4423187 0.7153426 0.4329297 0.7153426 0.4376242 0.714282 0.4329297 0.714282 0.4329297 0.7153426 0.4376242 0.714282 0.4376242 0.7153426 0.4296703 0.7153426 0.4329297 0.714282 0.4296703 0.714282 0.4296703 0.7153426 0.4329297 0.714282 0.4329297 0.7153425 0.4644259 0.7142819 0.4644259 0.7153425 0.4611659 0.7153425 0.4611659 0.7142819 0.4644259 0.714282 0.4611659 0.7142819 0.456437 0.7153425 0.456437 0.714282 0.4611659 0.714282 0.4611659 0.7153425 0.456437 0.7153425 0.4611659 0.7128369 0.480129 0.712837 0.4754002 0.7132688 0.480129 0.7132688 0.480129 0.712837 0.4754002 0.7132689 0.4754001 0.7132688 0.4723793 0.7132689 0.4754001 0.7128369 0.4723793 0.7128369 0.4723793 0.7132689 0.4754001 0.712837 0.4754002 0.7132689 0.5066566 0.712837 0.5066566 0.7132689 0.5036362 0.7132689 0.5036362 0.712837 0.5066566 0.712837 0.5036362 0.7132689 0.5036362 0.712837 0.5036362 0.7132689 0.4989418 0.7132689 0.4989418 0.712837 0.5036362 0.712837 0.4989418 0.712837 0.4942472 0.7132689 0.4942471 0.712837 0.4989418 0.712837 0.4989418 0.7132689 0.4942471 0.7132689 0.4989418 0.7132689 0.4942471 0.712837 0.4942472 0.7132689 0.4895527 0.7132689 0.4895527 0.712837 0.4942472 0.712837 0.4895527 0.7132688 0.4848582 0.7132689 0.4895527 0.7128369 0.4848582 0.7128369 0.4848582 0.7132689 0.4895527 0.712837 0.4895527 0.7132688 0.480129 0.7132688 0.4848582 0.7128369 0.480129 0.7128369 0.480129 0.7132688 0.4848582 0.7128369 0.4848582 0.7132688 0.456437 0.7128369 0.456437 0.7132688 0.4517078 0.7132688 0.4517078 0.7128369 0.456437 0.7128369 0.4517078 0.7132688 0.4517078 0.7128369 0.4517078 0.7132689 0.4470132 0.7132689 0.4470132 0.7128369 0.4517078 0.712837 0.4470132 0.7132689 0.4423187 0.7132689 0.4470132 0.712837 0.4423188 0.712837 0.4423188 0.7132689 0.4470132 0.712837 0.4470132 0.7132689 0.4376242 0.7132689 0.4423187 0.712837 0.4376242 0.712837 0.4376242 0.7132689 0.4423187 0.712837 0.4423188 0.7132689 0.4329297 0.7132689 0.4376242 0.712837 0.4329297 0.712837 0.4329297 0.7132689 0.4376242 0.712837 0.4376242 0.7132689 0.4296703 0.7132689 0.4329297 0.712837 0.4296703 0.712837 0.4296703 0.7132689 0.4329297 0.712837 0.4329297 0.7132688 0.4644259 0.7128369 0.4644259 0.7132689 0.4611659 0.7132689 0.4611659 0.7128369 0.4644259 0.712837 0.4611659 0.7128369 0.456437 0.7132688 0.456437 0.712837 0.4611659 0.712837 0.4611659 0.7132688 0.456437 0.7132689 0.4611659 0.7124023 0.480129 0.7124024 0.4754002 0.7128369 0.480129 0.7128369 0.480129 0.7124024 0.4754002 0.712837 0.4754002 0.7128369 0.4723793 0.712837 0.4754002 0.7124023 0.4723793 0.7124023 0.4723793 0.712837 0.4754002 0.7124024 0.4754002 0.712837 0.5066566 0.7124024 0.5066566 0.712837 0.5036362 0.712837 0.5036362 0.7124024 0.5066566 0.7124024 0.5036363 0.712837 0.5036362 0.7124024 0.5036363 0.712837 0.4989418 0.712837 0.4989418 0.7124024 0.5036363 0.7124024 0.4989417 0.7124024 0.4942472 0.712837 0.4942472 0.7124024 0.4989417 0.7124024 0.4989417 0.712837 0.4942472 0.712837 0.4989418 0.712837 0.4942472 0.7124024 0.4942472 0.712837 0.4895527 0.712837 0.4895527 0.7124024 0.4942472 0.7124024 0.4895527 0.7128369 0.4848582 0.712837 0.4895527 0.7124023 0.4848581 0.7124023 0.4848581 0.712837 0.4895527 0.7124024 0.4895527 0.7128369 0.480129 0.7128369 0.4848582 0.7124023 0.480129 0.7124023 0.480129 0.7128369 0.4848582 0.7124023 0.4848581 0.7128369 0.456437 0.7124023 0.456437 0.7128369 0.4517078 0.7128369 0.4517078 0.7124023 0.456437 0.7124023 0.4517078 0.7128369 0.4517078 0.7124023 0.4517078 0.712837 0.4470132 0.712837 0.4470132 0.7124023 0.4517078 0.7124024 0.4470132 0.712837 0.4423188 0.712837 0.4470132 0.7124024 0.4423188 0.7124024 0.4423188 0.712837 0.4470132 0.7124024 0.4470132 0.712837 0.4376242 0.712837 0.4423188 0.7124024 0.4376242 0.7124024 0.4376242 0.712837 0.4423188 0.7124024 0.4423188 0.712837 0.4329297 0.712837 0.4376242 0.7124024 0.4329296 0.7124024 0.4329296 0.712837 0.4376242 0.7124024 0.4376242 0.712837 0.4296703 0.712837 0.4329297 0.7124024 0.4296703 0.7124024 0.4296703 0.712837 0.4329297 0.7124024 0.4329296 0.7128369 0.4644259 0.7124023 0.4644259 0.712837 0.4611659 0.712837 0.4611659 0.7124023 0.4644259 0.7124024 0.4611659 0.7124023 0.456437 0.7128369 0.456437 0.7124024 0.4611659 0.7124024 0.4611659 0.7128369 0.456437 0.712837 0.4611659 0.6997322 0.456437 0.6951478 0.456437 0.6997322 0.4517077 0.6997322 0.4517077 0.6951478 0.456437 0.6951478 0.4517076 0.6997322 0.4517077 0.6951478 0.4517076 0.6997323 0.4470132 0.6997323 0.4470132 0.6951478 0.4517076 0.6951478 0.4470132 0.6997323 0.4423187 0.6997323 0.4470132 0.6951478 0.4423186 0.6951478 0.4423186 0.6997323 0.4470132 0.6951478 0.4470132 0.6997323 0.4376242 0.6997323 0.4423187 0.6951478 0.4376242 0.6951478 0.4376242 0.6997323 0.4423187 0.6951478 0.4423186 0.6997323 0.4329296 0.6997323 0.4376242 0.6951478 0.4329296 0.6951478 0.4329296 0.6997323 0.4376242 0.6951478 0.4376242 0.6997323 0.4296701 0.6997323 0.4329296 0.6951478 0.4296703 0.6951478 0.4296703 0.6997323 0.4329296 0.6951478 0.4329296 0.6997323 0.4644258 0.6951478 0.4644257 0.6997323 0.461166 0.6997323 0.461166 0.6951478 0.4644257 0.6951478 0.4611659 0.6951478 0.456437 0.6997322 0.456437 0.6951478 0.4611659 0.6951478 0.4611659 0.6997322 0.456437 0.6997323 0.461166 0.6997323 0.4754 0.6997322 0.480129 0.6951478 0.4754002 0.6951478 0.4754002 0.6997322 0.480129 0.6951478 0.4801291 0.6997323 0.4723793 0.6997323 0.4754 0.6951478 0.4723794 0.6951478 0.4723794 0.6997323 0.4754 0.6951478 0.4754002 0.6997323 0.5066568 0.6951478 0.5066566 0.6997323 0.5036363 0.6997323 0.5036363 0.6951478 0.5066566 0.6951478 0.5036363 0.6997323 0.5036363 0.6951478 0.5036363 0.6997323 0.4989417 0.6997323 0.4989417 0.6951478 0.5036363 0.6951478 0.4989417 0.6997323 0.4989417 0.6951478 0.4989417 0.6997323 0.4942473 0.6997323 0.4942473 0.6951478 0.4989417 0.6951478 0.4942473 0.6997323 0.4942473 0.6951478 0.4942473 0.6997322 0.4895527 0.6997322 0.4895527 0.6951478 0.4942473 0.6951478 0.4895526 0.6997322 0.4848582 0.6997322 0.4895527 0.6951478 0.4848582 0.6951478 0.4848582 0.6997322 0.4895527 0.6951478 0.4895526 0.6997322 0.480129 0.6997322 0.4848582 0.6951478 0.4801291 0.6951478 0.4801291 0.6997322 0.4848582 0.6951478 0.4848582</float_array>
          <technique_common>
            <accessor source="#ob0008_00_strapSkin-mesh-map-0-array" count="2496" stride="2">
              <param name="S" type="float"/>
              <param name="T" type="float"/>
            </accessor>
          </technique_common>
        </source>
        <vertices id="ob0008_00_strapSkin-mesh-vertices">
          <input semantic="POSITION" source="#ob0008_00_strapSkin-mesh-positions"/>
        </vertices>
        <polylist material="obj01-material" count="832">
          <input semantic="VERTEX" source="#ob0008_00_strapSkin-mesh-vertices" offset="0"/>
          <input semantic="NORMAL" source="#ob0008_00_strapSkin-mesh-normals" offset="1"/>
          <input semantic="TEXCOORD" source="#ob0008_00_strapSkin-mesh-map-0" offset="2" set="0"/>
          <vcount>3 3 3 3 3 3 3 3 3 3 3 3 3 3 3 3 3 3 3 3 3 3 3 3 3 3 3 3 3 3 3 3 3 3 3 3 3 3 3 3 3 3 3 3 3 3 3 3 3 3 3 3 3 3 3 3 3 3 3 3 3 3 3 3 3 3 3 3 3 3 3 3 3 3 3 3 3 3 3 3 3 3 3 3 3 3 3 3 3 3 3 3 3 3 3 3 3 3 3 3 3 3 3 3 3 3 3 3 3 3 3 3 3 3 3 3 3 3 3 3 3 3 3 3 3 3 3 3 3 3 3 3 3 3 3 3 3 3 3 3 3 3 3 3 3 3 3 3 3 3 3 3 3 3 3 3 3 3 3 3 3 3 3 3 3 3 3 3 3 3 3 3 3 3 3 3 3 3 3 3 3 3 3 3 3 3 3 3 3 3 3 3 3 3 3 3 3 3 3 3 3 3 3 3 3 3 3 3 3 3 3 3 3 3 3 3 3 3 3 3 3 3 3 3 3 3 3 3 3 3 3 3 3 3 3 3 3 3 3 3 3 3 3 3 3 3 3 3 3 3 3 3 3 3 3 3 3 3 3 3 3 3 3 3 3 3 3 3 3 3 3 3 3 3 3 3 3 3 3 3 3 3 3 3 3 3 3 3 3 3 3 3 3 3 3 3 3 3 3 3 3 3 3 3 3 3 3 3 3 3 3 3 3 3 3 3 3 3 3 3 3 3 3 3 3 3 3 3 3 3 3 3 3 3 3 3 3 3 3 3 3 3 3 3 3 3 3 3 3 3 3 3 3 3 3 3 3 3 3 3 3 3 3 3 3 3 3 3 3 3 3 3 3 3 3 3 3 3 3 3 3 3 3 3 3 3 3 3 3 3 3 3 3 3 3 3 3 3 3 3 3 3 3 3 3 3 3 3 3 3 3 3 3 3 3 3 3 3 3 3 3 3 3 3 3 3 3 3 3 3 3 3 3 3 3 3 3 3 3 3 3 3 3 3 3 3 3 3 3 3 3 3 3 3 3 3 3 3 3 3 3 3 3 3 3 3 3 3 3 3 3 3 3 3 3 3 3 3 3 3 3 3 3 3 3 3 3 3 3 3 3 3 3 3 3 3 3 3 3 3 3 3 3 3 3 3 3 3 3 3 3 3 3 3 3 3 3 3 3 3 3 3 3 3 3 3 3 3 3 3 3 3 3 3 3 3 3 3 3 3 3 3 3 3 3 3 3 3 3 3 3 3 3 3 3 3 3 3 3 3 3 3 3 3 3 3 3 3 3 3 3 3 3 3 3 3 3 3 3 3 3 3 3 3 3 3 3 3 3 3 3 3 3 3 3 3 3 3 3 3 3 3 3 3 3 3 3 3 3 3 3 3 3 3 3 3 3 3 3 3 3 3 3 3 3 3 3 3 3 3 3 3 3 3 3 3 3 3 3 3 3 3 3 3 3 3 3 3 3 3 3 3 3 3 3 3 3 3 3 3 3 3 3 3 3 3 3 3 3 3 3 3 3 3 3 3 3 3 3 3 3 3 3 3 3 3 3 3 3 3 3 3 3 3 3 3 3 3 3 3 3 3 3 3 3 3 3 3 3 3 3 3 3 3 3 3 3 3 3 3 3 3 3 3 3 3 3 3 3 3 3 3 3 3 3 3 3 3 3 3 3 3 3 3 3 3 3 3 3 3 3 3 3 3 3 3 3 3 3 3 3 3 3 3 3 3 3 3 3 3 3 3 3 3 3 3 3 3 3 3 3 3 3 3 3 3 3 3 3 3 3 3 3 3 3 3 3 3 3 3 3 3 3 3 3 3 3 3 3 3 3 3 3 3 3 3 3 3 3 3 3 3 3 3 3 3 3 3 3 3 3 3 </vcount>
          <p>0 0 0 1 1 1 2 2 2 2 2 3 1 1 4 3 3 5 4 4 6 5 5 7 6 6 8 6 6 9 5 5 10 7 7 11 8 8 12 9 9 13 10 10 14 10 10 15 9 9 16 11 11 17 12 12 18 13 13 19 14 14 20 14 14 21 13 13 22 15 15 23 16 16 24 17 17 25 18 18 26 18 18 27 17 17 28 19 19 29 20 20 30 21 21 31 22 22 32 22 22 33 21 21 34 23 23 35 24 24 36 20 20 37 25 25 38 25 25 39 20 20 40 22 22 41 26 26 42 27 27 43 16 16 44 16 16 45 27 27 46 17 17 47 28 28 48 29 29 49 30 30 50 30 30 51 29 29 52 31 31 53 30 30 54 31 31 55 21 21 56 21 21 57 31 31 58 23 23 59 13 13 60 18 18 61 15 15 62 15 15 63 18 18 64 19 19 65 32 32 66 33 33 67 34 34 68 34 34 69 33 33 70 35 35 71 18 18 72 36 36 73 16 16 74 16 16 75 36 36 76 37 37 77 38 38 78 26 26 79 37 37 80 37 37 81 26 26 82 16 16 83 5 5 84 4 4 85 32 32 86 32 32 87 4 4 88 33 33 89 39 39 90 40 40 91 12 12 92 12 12 93 40 40 94 13 13 95 40 40 96 36 36 97 13 13 98 13 13 99 36 36 100 18 18 101 9 9 102 34 34 103 11 11 104 11 11 105 34 34 106 35 35 107 27 27 108 26 26 109 41 41 110 41 41 111 26 26 112 42 42 113 43 43 114 44 44 115 45 45 116 45 45 117 44 44 118 46 46 119 47 47 120 48 48 121 49 49 122 49 49 123 48 48 124 50 50 125 49 49 126 50 50 127 28 28 128 28 28 129 50 50 130 29 29 131 44 44 132 12 12 133 46 46 134 46 46 135 12 12 136 14 14 137 51 51 138 24 24 139 52 52 140 52 52 141 24 24 142 25 25 143 53 53 144 51 51 145 54 54 146 54 54 147 51 51 148 52 52 149 55 55 150 56 56 151 42 42 152 42 42 153 56 56 154 41 41 155 57 57 156 58 58 157 59 59 158 59 59 159 58 58 160 60 60 161 44 44 162 43 43 163 61 61 164 61 61 165 43 43 166 62 62 167 12 12 168 44 44 169 39 39 170 39 39 171 44 44 172 61 61 173 58 58 174 8 8 175 60 60 176 60 60 177 8 8 178 10 10 179 26 26 180 38 38 181 42 42 182 42 42 183 38 38 184 63 63 185 64 64 186 55 55 187 63 63 188 63 63 189 55 55 190 42 42 191 65 65 192 66 66 193 7 7 194 7 7 195 66 66 196 6 6 197 67 67 198 68 68 199 69 69 200 69 69 201 68 68 202 70 70 203 71 71 204 72 72 205 73 73 206 73 73 207 72 72 208 74 74 209 75 75 210 76 76 211 77 77 212 77 77 213 76 76 214 78 78 215 34 34 216 75 75 217 32 32 218 32 32 219 75 75 220 77 77 221 79 79 222 5 5 223 77 77 224 77 77 225 5 5 226 32 32 227 80 80 228 79 79 229 78 78 230 78 78 231 79 79 232 77 77 233 9 9 234 8 8 235 74 74 236 74 74 237 8 8 238 73 73 239 34 34 240 9 9 241 75 75 242 75 75 243 9 9 244 74 74 245 72 72 246 76 76 247 74 74 248 74 74 249 76 76 250 75 75 251 81 81 252 82 82 253 83 83 254 83 83 255 82 82 256 84 84 257 85 85 258 86 86 259 87 87 260 87 87 261 86 86 262 88 88 263 89 89 264 85 85 265 90 90 266 90 90 267 85 85 268 87 87 269 91 91 270 92 92 271 93 93 272 93 93 273 92 92 274 94 94 275 92 92 276 95 95 277 94 94 278 94 94 279 95 95 280 96 96 281 97 97 282 98 98 283 96 96 284 96 96 285 98 98 286 94 94 287 98 98 288 99 99 289 94 94 290 94 94 291 99 99 292 93 93 293 82 82 294 0 0 295 84 84 296 84 84 297 0 0 298 2 2 299 95 95 300 92 92 301 2 2 302 2 2 303 92 92 304 84 84 305 92 92 306 91 91 307 84 84 308 84 84 309 91 91 310 83 83 311 100 100 312 101 101 313 102 102 314 102 102 315 101 101 316 103 103 317 88 88 318 86 86 319 103 103 320 103 103 321 86 86 322 102 102 323 104 104 324 105 105 325 106 106 326 106 106 327 105 105 328 107 107 329 106 106 330 107 107 331 93 93 332 93 93 333 107 107 334 91 91 335 108 108 336 106 106 337 99 99 338 99 99 339 106 106 340 93 93 341 109 109 342 104 104 343 108 108 344 108 108 345 104 104 346 106 106 347 69 69 348 70 70 349 83 83 350 83 83 351 70 70 352 81 81 353 107 107 354 69 69 355 91 91 356 91 91 357 69 69 358 83 83 359 105 105 360 67 67 361 107 107 362 107 107 363 67 67 364 69 69 365 79 79 366 80 80 367 110 110 368 110 110 369 80 80 370 111 111 371 112 112 372 113 113 373 114 114 374 114 114 375 113 113 376 115 115 377 58 58 378 57 57 379 115 115 380 115 115 381 57 57 382 114 114 383 8 8 384 58 58 385 73 73 386 73 73 387 58 58 388 115 115 389 113 113 390 71 71 391 115 115 392 115 115 393 71 71 394 73 73 395 5 5 396 79 79 397 7 7 398 7 7 399 79 79 400 110 110 401 116 116 402 65 65 403 110 110 404 110 110 405 65 65 406 7 7 407 117 117 408 116 116 409 111 111 410 111 111 411 116 116 412 110 110 413 118 118 414 119 119 415 120 120 416 120 120 417 119 119 418 121 121 419 122 122 420 123 123 421 124 124 422 124 124 423 123 123 424 125 125 425 101 101 426 100 100 427 125 125 428 125 125 429 100 100 430 124 124 431 126 126 432 127 127 433 128 128 434 128 128 435 127 127 436 129 129 437 128 128 438 129 129 439 104 104 440 104 104 441 129 129 442 105 105 443 130 130 444 128 128 445 109 109 446 109 109 447 128 128 448 104 104 449 131 131 450 126 126 451 130 130 452 130 130 453 126 126 454 128 128 455 120 120 456 121 121 457 67 67 458 67 67 459 121 121 460 68 68 461 129 129 462 120 120 463 105 105 464 105 105 465 120 120 466 67 67 467 127 127 468 118 118 469 129 129 470 129 129 471 118 118 472 120 120 473 132 132 474 89 89 475 133 133 476 133 133 477 89 89 478 90 90 479 133 133 480 134 134 481 132 132 482 132 132 483 134 134 484 135 135 485 95 95 486 136 136 487 96 96 488 96 96 489 136 136 490 137 137 491 136 136 492 138 138 493 137 137 494 137 137 495 138 138 496 139 139 497 137 137 498 139 139 499 140 140 500 140 140 501 139 139 502 141 141 503 140 140 504 97 97 505 137 137 506 137 137 507 97 97 508 96 96 509 142 142 510 3 3 511 143 143 512 143 143 513 3 3 514 1 1 515 138 138 516 136 136 517 142 142 518 142 142 519 136 136 520 3 3 521 136 136 522 95 95 523 3 3 524 3 3 525 95 95 526 2 2 527 144 144 528 145 145 529 146 146 530 146 146 531 145 145 532 147 147 533 145 145 534 148 148 535 147 147 536 147 147 537 148 148 538 149 149 539 150 150 540 151 151 541 148 148 542 148 148 543 151 151 544 149 149 545 152 152 546 153 153 547 150 150 548 150 150 549 153 153 550 151 151 551 154 154 552 155 155 553 152 152 554 152 152 555 155 155 556 153 153 557 156 156 558 157 157 559 154 154 560 154 154 561 157 157 562 155 155 563 158 158 564 159 159 565 160 160 566 160 160 567 159 159 568 161 161 569 159 159 570 144 144 571 161 161 572 161 161 573 144 144 574 146 146 575 162 162 576 163 163 577 82 82 578 82 82 579 163 163 580 0 0 581 0 0 582 163 163 583 1 1 584 1 1 585 163 163 586 164 164 587 1 1 588 164 164 589 143 143 590 143 143 591 164 164 592 165 165 593 121 121 594 119 119 595 166 166 596 166 166 597 119 119 598 167 167 599 68 68 600 121 121 601 168 168 602 168 168 603 121 121 604 166 166 605 68 68 606 168 168 607 70 70 608 70 70 609 168 168 610 169 169 611 70 70 612 169 169 613 81 81 614 81 81 615 169 169 616 170 170 617 82 82 618 81 81 619 162 162 620 162 162 621 81 81 622 170 170 623 171 171 624 172 172 625 173 173 626 173 173 627 172 172 628 174 174 629 172 172 630 175 175 631 174 174 632 174 174 633 175 175 634 176 176 635 176 176 636 175 175 637 177 177 638 177 177 639 175 175 640 178 178 641 179 179 642 180 180 643 178 178 644 178 178 645 180 180 646 177 177 647 180 180 648 179 179 649 181 181 650 181 181 651 179 179 652 182 182 653 183 183 654 184 184 655 182 182 656 182 182 657 184 184 658 181 181 659 185 185 660 186 186 661 187 187 662 187 187 663 186 186 664 188 188 665 187 187 666 171 171 667 185 185 668 185 185 669 171 171 670 173 173 671 147 147 672 149 149 673 189 189 674 189 189 675 149 149 676 190 190 677 151 151 678 191 191 679 149 149 680 149 149 681 191 191 682 190 190 683 153 153 684 192 192 685 151 151 686 151 151 687 192 192 688 191 191 689 155 155 690 193 193 691 153 153 692 153 153 693 193 193 694 192 192 695 157 157 696 194 194 697 155 155 698 155 155 699 194 194 700 193 193 701 160 160 702 161 161 703 195 195 704 195 195 705 161 161 706 196 196 707 161 161 708 146 146 709 196 196 710 196 196 711 146 146 712 197 197 713 146 146 714 147 147 715 197 197 716 197 197 717 147 147 718 189 189 719 198 198 720 199 199 721 200 200 722 200 200 723 199 199 724 201 201 725 202 202 726 203 203 727 204 204 728 204 204 729 203 203 730 205 205 731 206 206 732 207 207 733 208 208 734 208 208 735 207 207 736 209 209 737 210 210 738 211 211 739 212 212 740 212 212 741 211 211 742 213 213 743 214 214 744 215 215 745 216 216 746 216 216 747 215 215 748 217 217 749 218 218 750 219 219 751 220 220 752 220 220 753 219 219 754 221 221 755 222 222 756 223 223 757 218 218 758 218 218 759 223 223 760 219 219 761 216 216 762 224 224 763 214 214 764 214 214 765 224 224 766 225 225 767 226 226 768 227 227 769 228 228 770 228 228 771 227 227 772 229 229 773 221 221 774 226 226 775 220 220 776 220 220 777 226 226 778 228 228 779 212 212 780 213 213 781 215 215 782 215 215 783 213 213 784 217 217 785 230 230 786 231 231 787 232 232 788 232 232 789 231 231 790 233 233 791 234 234 792 235 235 793 214 214 794 214 214 795 235 235 796 215 215 797 236 236 798 234 234 799 225 225 800 225 225 801 234 234 802 214 214 803 231 231 804 202 202 805 233 233 806 233 233 807 202 202 808 204 204 809 212 212 810 237 237 811 210 210 812 210 210 813 237 237 814 238 238 815 237 237 816 212 212 817 235 235 818 235 235 819 212 212 820 215 215 821 207 207 822 206 206 823 232 232 824 232 232 825 206 206 826 230 230 827 239 239 828 225 225 829 240 240 830 240 240 831 225 225 832 224 224 833 241 241 834 242 242 835 243 243 836 243 243 837 242 242 838 244 244 839 245 245 840 246 246 841 247 247 842 247 247 843 246 246 844 248 248 845 227 227 846 245 245 847 229 229 848 229 229 849 245 245 850 247 247 851 243 243 852 244 244 853 210 210 854 210 210 855 244 244 856 211 211 857 249 249 858 250 250 859 222 222 860 222 222 861 250 250 862 223 223 863 251 251 864 252 252 865 249 249 866 249 249 867 252 252 868 250 250 869 253 253 870 239 239 871 254 254 872 254 254 873 239 239 874 240 240 875 255 255 876 256 256 877 257 257 878 257 257 879 256 256 880 258 258 881 243 243 882 259 259 883 241 241 884 241 241 885 259 259 886 260 260 887 259 259 888 243 243 889 238 238 890 238 238 891 243 243 892 210 210 893 257 257 894 258 258 895 209 209 896 209 209 897 258 258 898 208 208 899 225 225 900 239 239 901 236 236 902 236 236 903 239 239 904 261 261 905 239 239 906 253 253 907 261 261 908 261 261 909 253 253 910 262 262 911 203 203 912 263 263 913 205 205 914 205 205 915 263 263 916 264 264 917 265 265 918 266 266 919 267 267 920 267 267 921 266 266 922 268 268 923 269 269 924 270 270 925 271 271 926 271 271 927 270 270 928 272 272 929 273 273 930 274 274 931 275 275 932 275 275 933 274 274 934 276 276 935 275 275 936 276 276 937 233 233 938 233 233 939 276 276 940 232 232 941 277 277 942 275 275 943 204 204 944 204 204 945 275 275 946 233 233 947 278 278 948 273 273 949 277 277 950 277 277 951 273 273 952 275 275 953 207 207 954 269 269 955 209 209 956 209 209 957 269 269 958 271 271 959 232 232 960 276 276 961 207 207 962 207 207 963 276 276 964 269 269 965 270 270 966 269 269 967 274 274 968 274 274 969 269 269 970 276 276 971 279 279 972 280 280 973 281 281 974 281 281 975 280 280 976 282 282 977 283 283 978 284 284 979 285 285 980 285 285 981 284 284 982 286 286 983 284 284 984 283 283 985 287 287 986 287 287 987 283 283 988 288 288 989 289 289 990 290 290 991 291 291 992 291 291 993 290 290 994 292 292 995 293 293 996 294 294 997 289 289 998 289 289 999 294 294 1000 290 290 1001 295 295 1002 293 293 1003 296 296 1004 296 296 1005 293 293 1006 289 289 1007 296 296 1008 289 289 1009 297 297 1010 297 297 1011 289 289 1012 291 291 1013 200 200 1014 201 201 1015 279 279 1016 279 279 1017 201 201 1018 280 280 1019 294 294 1020 200 200 1021 290 290 1022 290 290 1023 200 200 1024 279 279 1025 290 290 1026 279 279 1027 292 292 1028 292 292 1029 279 279 1030 281 281 1031 298 298 1032 299 299 1033 300 300 1034 300 300 1035 299 299 1036 301 301 1037 286 286 1038 298 298 1039 285 285 1040 285 285 1041 298 298 1042 300 300 1043 302 302 1044 303 303 1045 304 304 1046 304 304 1047 303 303 1048 305 305 1049 303 303 1050 291 291 1051 305 305 1052 305 305 1053 291 291 1054 292 292 1055 291 291 1056 303 303 1057 297 297 1058 297 297 1059 303 303 1060 306 306 1061 303 303 1062 302 302 1063 306 306 1064 306 306 1065 302 302 1066 307 307 1067 266 266 1068 281 281 1069 268 268 1070 268 268 1071 281 281 1072 282 282 1073 281 281 1074 266 266 1075 292 292 1076 292 292 1077 266 266 1078 305 305 1079 266 266 1080 265 265 1081 305 305 1082 305 305 1083 265 265 1084 304 304 1085 277 277 1086 308 308 1087 278 278 1088 278 278 1089 308 308 1090 309 309 1091 310 310 1092 311 311 1093 312 312 1094 312 312 1095 311 311 1096 313 313 1097 257 257 1098 313 313 1099 255 255 1100 255 255 1101 313 313 1102 311 311 1103 313 313 1104 257 257 1105 271 271 1106 271 271 1107 257 257 1108 209 209 1109 312 312 1110 313 313 1111 272 272 1112 272 272 1113 313 313 1114 271 271 1115 204 204 1116 205 205 1117 277 277 1118 277 277 1119 205 205 1120 308 308 1121 205 205 1122 264 264 1123 308 308 1124 308 308 1125 264 264 1126 314 314 1127 308 308 1128 314 314 1129 309 309 1130 309 309 1131 314 314 1132 315 315 1133 316 316 1134 317 317 1135 318 318 1136 318 318 1137 317 317 1138 319 319 1139 320 320 1140 321 321 1141 322 322 1142 322 322 1143 321 321 1144 323 323 1145 299 299 1146 320 320 1147 301 301 1148 301 301 1149 320 320 1150 322 322 1151 324 324 1152 325 325 1153 326 326 1154 326 326 1155 325 325 1156 327 327 1157 325 325 1158 302 302 1159 327 327 1160 327 327 1161 302 302 1162 304 304 1163 302 302 1164 325 325 1165 307 307 1166 307 307 1167 325 325 1168 328 328 1169 325 325 1170 324 324 1171 328 328 1172 328 328 1173 324 324 1174 329 329 1175 317 317 1176 265 265 1177 319 319 1178 319 319 1179 265 265 1180 267 267 1181 265 265 1182 317 317 1183 304 304 1184 304 304 1185 317 317 1186 327 327 1187 317 317 1188 316 316 1189 327 327 1190 327 327 1191 316 316 1192 326 326 1193 330 330 1194 331 331 1195 288 288 1196 288 288 1197 331 331 1198 287 287 1199 331 331 1200 330 330 1201 332 332 1202 332 332 1203 330 330 1204 333 333 1205 334 334 1206 335 335 1207 293 293 1208 293 293 1209 335 335 1210 294 294 1211 336 336 1212 337 337 1213 334 334 1214 334 334 1215 337 337 1216 335 335 1217 338 338 1218 336 336 1219 339 339 1220 339 339 1221 336 336 1222 334 334 1223 339 339 1224 334 334 1225 295 295 1226 295 295 1227 334 334 1228 293 293 1229 340 340 1230 341 341 1231 198 198 1232 198 198 1233 341 341 1234 199 199 1235 337 337 1236 340 340 1237 335 335 1238 335 335 1239 340 340 1240 198 198 1241 335 335 1242 198 198 1243 294 294 1244 294 294 1245 198 198 1246 200 200 1247 342 342 1248 343 343 1249 344 344 1250 344 344 1251 343 343 1252 345 345 1253 344 344 1254 345 345 1255 346 346 1256 346 346 1257 345 345 1258 347 347 1259 347 347 1260 348 348 1261 346 346 1262 346 346 1263 348 348 1264 349 349 1265 348 348 1266 350 350 1267 349 349 1268 349 349 1269 350 350 1270 351 351 1271 350 350 1272 352 352 1273 351 351 1274 351 351 1275 352 352 1276 353 353 1277 352 352 1278 354 354 1279 353 353 1280 353 353 1281 354 354 1282 355 355 1283 356 356 1284 357 357 1285 358 358 1286 358 358 1287 357 357 1288 359 359 1289 358 358 1290 359 359 1291 342 342 1292 342 342 1293 359 359 1294 343 343 1295 201 201 1296 360 360 1297 280 280 1298 280 280 1299 360 360 1300 361 361 1301 362 362 1302 360 360 1303 199 199 1304 199 199 1305 360 360 1306 201 201 1307 199 199 1308 341 341 1309 362 362 1310 362 362 1311 341 341 1312 363 363 1313 319 319 1314 364 364 1315 318 318 1316 318 318 1317 364 364 1318 365 365 1319 267 267 1320 366 366 1321 319 319 1322 319 319 1323 366 366 1324 364 364 1325 367 367 1326 366 366 1327 268 268 1328 268 268 1329 366 366 1330 267 267 1331 368 368 1332 367 367 1333 282 282 1334 282 282 1335 367 367 1336 268 268 1337 280 280 1338 361 361 1339 282 282 1340 282 282 1341 361 361 1342 368 368 1343 369 369 1344 370 370 1345 371 371 1346 371 371 1347 370 370 1348 372 372 1349 370 370 1350 369 369 1351 373 373 1352 373 373 1353 369 369 1354 374 374 1355 375 375 1356 373 373 1357 376 376 1358 376 376 1359 373 373 1360 374 374 1361 376 376 1362 377 377 1363 375 375 1364 375 375 1365 377 377 1366 378 378 1367 379 379 1368 378 378 1369 380 380 1370 380 380 1371 378 378 1372 377 377 1373 380 380 1374 381 381 1375 379 379 1376 379 379 1377 381 381 1378 382 382 1379 383 383 1380 384 384 1381 385 385 1382 385 385 1383 384 384 1384 386 386 1385 384 384 1386 383 383 1387 372 372 1388 372 372 1389 383 383 1390 371 371 1391 345 345 1392 387 387 1393 347 347 1394 347 347 1395 387 387 1396 388 388 1397 388 388 1398 389 389 1399 347 347 1400 347 347 1401 389 389 1402 348 348 1403 389 389 1404 390 390 1405 348 348 1406 348 348 1407 390 390 1408 350 350 1409 390 390 1410 391 391 1411 350 350 1412 350 350 1413 391 391 1414 352 352 1415 391 391 1416 392 392 1417 352 352 1418 352 352 1419 392 392 1420 354 354 1421 357 357 1422 393 393 1423 359 359 1424 359 359 1425 393 393 1426 394 394 1427 359 359 1428 394 394 1429 343 343 1430 343 343 1431 394 394 1432 395 395 1433 343 343 1434 395 395 1435 345 345 1436 345 345 1437 395 395 1438 387 387 1439 396 396 1440 249 249 1441 397 397 1442 397 397 1443 249 249 1444 222 222 1445 398 398 1446 251 251 1447 396 396 1448 396 396 1449 251 251 1450 249 249 1451 247 247 1452 248 248 1453 399 399 1454 399 399 1455 248 248 1456 400 400 1457 229 229 1458 247 247 1459 401 401 1460 401 401 1461 247 247 1462 399 399 1463 228 228 1464 229 229 1465 402 402 1466 402 402 1467 229 229 1468 401 401 1469 220 220 1470 228 228 1471 403 403 1472 403 403 1473 228 228 1474 402 402 1475 404 404 1476 218 218 1477 403 403 1478 403 403 1479 218 218 1480 220 220 1481 397 397 1482 222 222 1483 404 404 1484 404 404 1485 222 222 1486 218 218 1487 405 405 1488 406 406 1489 24 24 1490 24 24 1491 406 406 1492 20 20 1493 406 406 1494 407 407 1495 20 20 1496 20 20 1497 407 407 1498 21 21 1499 408 408 1500 30 30 1501 407 407 1502 407 407 1503 30 30 1504 21 21 1505 409 409 1506 28 28 1507 408 408 1508 408 408 1509 28 28 1510 30 30 1511 410 410 1512 49 49 1513 409 409 1514 409 409 1515 49 49 1516 28 28 1517 411 411 1518 47 47 1519 410 410 1520 410 410 1521 47 47 1522 49 49 1523 412 412 1524 413 413 1525 53 53 1526 53 53 1527 413 413 1528 51 51 1529 413 413 1530 405 405 1531 51 51 1532 51 51 1533 405 405 1534 24 24 1535 4 4 1536 414 414 1537 33 33 1538 33 33 1539 414 414 1540 415 415 1541 33 33 1542 415 415 1543 35 35 1544 35 35 1545 415 415 1546 416 416 1547 11 11 1548 35 35 1549 417 417 1550 417 417 1551 35 35 1552 416 416 1553 10 10 1554 11 11 1555 418 418 1556 418 418 1557 11 11 1558 417 417 1559 60 60 1560 10 10 1561 419 419 1562 419 419 1563 10 10 1564 418 418 1565 59 59 1566 60 60 1567 420 420 1568 420 420 1569 60 60 1570 419 419 1571 66 66 1572 421 421 1573 6 6 1574 6 6 1575 421 421 1576 422 422 1577 414 414 1578 4 4 1579 422 422 1580 422 422 1581 4 4 1582 6 6 1583 423 423 1584 424 424 1585 202 202 1586 202 202 1587 424 424 1588 203 203 1589 263 263 1590 203 203 1591 425 425 1592 425 425 1593 203 203 1594 424 424 1595 256 256 1596 426 426 1597 258 258 1598 258 258 1599 426 426 1600 427 427 1601 258 258 1602 427 427 1603 208 208 1604 208 208 1605 427 427 1606 428 428 1607 429 429 1608 206 206 1609 428 428 1610 428 428 1611 206 206 1612 208 208 1613 206 206 1614 429 429 1615 230 230 1616 230 230 1617 429 429 1618 430 430 1619 231 231 1620 230 230 1621 431 431 1622 431 431 1623 230 230 1624 430 430 1625 202 202 1626 231 231 1627 423 423 1628 423 423 1629 231 231 1630 431 431 1631 173 173 1632 174 174 1633 89 89 1634 89 89 1635 174 174 1636 85 85 1637 174 174 1638 176 176 1639 85 85 1640 85 85 1641 176 176 1642 86 86 1643 86 86 1644 176 176 1645 102 102 1646 102 102 1647 176 176 1648 177 177 1649 180 180 1650 100 100 1651 177 177 1652 177 177 1653 100 100 1654 102 102 1655 100 100 1656 180 180 1657 124 124 1658 124 124 1659 180 180 1660 181 181 1661 184 184 1662 122 122 1663 181 181 1664 181 181 1665 122 122 1666 124 124 1667 132 132 1668 135 135 1669 185 185 1670 185 185 1671 135 135 1672 186 186 1673 185 185 1674 173 173 1675 132 132 1676 132 132 1677 173 173 1678 89 89 1679 383 383 1680 330 330 1681 371 371 1682 371 371 1683 330 330 1684 288 288 1685 330 330 1686 383 383 1687 333 333 1688 333 333 1689 383 383 1690 385 385 1691 322 322 1692 323 323 1693 380 380 1694 380 380 1695 323 323 1696 381 381 1697 301 301 1698 322 322 1699 377 377 1700 377 377 1701 322 322 1702 380 380 1703 300 300 1704 301 301 1705 376 376 1706 376 376 1707 301 301 1708 377 377 1709 285 285 1710 300 300 1711 374 374 1712 374 374 1713 300 300 1714 376 376 1715 369 369 1716 283 283 1717 374 374 1718 374 374 1719 283 283 1720 285 285 1721 283 283 1722 369 369 1723 288 288 1724 288 288 1725 369 369 1726 371 371 1727 90 90 1728 87 87 1729 97 97 1730 97 97 1731 87 87 1732 98 98 1733 87 87 1734 88 88 1735 98 98 1736 98 98 1737 88 88 1738 99 99 1739 103 103 1740 108 108 1741 88 88 1742 88 88 1743 108 108 1744 99 99 1745 101 101 1746 109 109 1747 103 103 1748 103 103 1749 109 109 1750 108 108 1751 125 125 1752 130 130 1753 101 101 1754 101 101 1755 130 130 1756 109 109 1757 123 123 1758 131 131 1759 125 125 1760 125 125 1761 131 131 1762 130 130 1763 140 140 1764 141 141 1765 133 133 1766 133 133 1767 141 141 1768 134 134 1769 133 133 1770 90 90 1771 140 140 1772 140 140 1773 90 90 1774 97 97 1775 331 331 1776 339 339 1777 287 287 1778 287 287 1779 339 339 1780 295 295 1781 332 332 1782 338 338 1783 331 331 1784 331 331 1785 338 338 1786 339 339 1787 328 328 1788 329 329 1789 320 320 1790 320 320 1791 329 329 1792 321 321 1793 307 307 1794 328 328 1795 299 299 1796 299 299 1797 328 328 1798 320 320 1799 306 306 1800 307 307 1801 298 298 1802 298 298 1803 307 307 1804 299 299 1805 297 297 1806 306 306 1807 286 286 1808 286 286 1809 306 306 1810 298 298 1811 284 284 1812 296 296 1813 286 286 1814 286 286 1815 296 296 1816 297 297 1817 287 287 1818 295 295 1819 284 284 1820 284 284 1821 295 295 1822 296 296 1823 171 171 1824 80 80 1825 172 172 1826 172 172 1827 80 80 1828 78 78 1829 76 76 1830 175 175 1831 78 78 1832 78 78 1833 175 175 1834 172 172 1835 178 178 1836 175 175 1837 72 72 1838 72 72 1839 175 175 1840 76 76 1841 72 72 1842 71 71 1843 178 178 1844 178 178 1845 71 71 1846 179 179 1847 182 182 1848 179 179 1849 113 113 1850 113 113 1851 179 179 1852 71 71 1853 113 113 1854 112 112 1855 182 182 1856 182 182 1857 112 112 1858 183 183 1859 188 188 1860 117 117 1861 187 187 1862 187 187 1863 117 117 1864 111 111 1865 80 80 1866 171 171 1867 111 111 1868 111 111 1869 171 171 1870 187 187 1871 278 278 1872 309 309 1873 372 372 1874 372 372 1875 309 309 1876 384 384 1877 386 386 1878 384 384 1879 315 315 1880 315 315 1881 384 384 1882 309 309 1883 312 312 1884 379 379 1885 310 310 1886 310 310 1887 379 379 1888 382 382 1889 379 379 1890 312 312 1891 378 378 1892 378 378 1893 312 312 1894 272 272 1895 270 270 1896 375 375 1897 272 272 1898 272 272 1899 375 375 1900 378 378 1901 375 375 1902 270 270 1903 373 373 1904 373 373 1905 270 270 1906 274 274 1907 370 370 1908 373 373 1909 273 273 1910 273 273 1911 373 373 1912 274 274 1913 372 372 1914 370 370 1915 278 278 1916 278 278 1917 370 370 1918 273 273 1919 432 432 1920 433 433 1921 434 434 1922 434 434 1923 433 433 1924 435 435 1925 434 434 1926 435 435 1927 436 436 1928 436 436 1929 435 435 1930 437 437 1931 438 438 1932 436 436 1933 439 439 1934 439 439 1935 436 436 1936 437 437 1937 440 440 1938 438 438 1939 441 441 1940 441 441 1941 438 438 1942 439 439 1943 442 442 1944 440 440 1945 443 443 1946 443 443 1947 440 440 1948 441 441 1949 444 444 1950 442 442 1951 445 445 1952 445 445 1953 442 442 1954 443 443 1955 446 446 1956 447 447 1957 448 448 1958 448 448 1959 447 447 1960 449 449 1961 433 433 1962 432 432 1963 449 449 1964 449 449 1965 432 432 1966 448 448 1967 450 450 1968 451 451 1969 452 452 1970 452 452 1971 451 451 1972 453 453 1973 454 454 1974 453 453 1975 455 455 1976 455 455 1977 453 453 1978 451 451 1979 456 456 1980 457 457 1981 458 458 1982 458 458 1983 457 457 1984 459 459 1985 458 458 1986 459 459 1987 460 460 1988 460 460 1989 459 459 1990 461 461 1991 462 462 1992 463 463 1993 461 461 1994 461 461 1995 463 463 1996 460 460 1997 463 463 1998 462 462 1999 464 464 2000 464 464 2001 462 462 2002 465 465 2003 466 466 2004 464 464 2005 467 467 2006 467 467 2007 464 464 2008 465 465 2009 452 452 2010 466 466 2011 450 450 2012 450 450 2013 466 466 2014 467 467 2015 394 394 2016 396 396 2017 395 395 2018 395 395 2019 396 396 2020 397 397 2021 393 393 2022 398 398 2023 394 394 2024 394 394 2025 398 398 2026 396 396 2027 399 399 2028 400 400 2029 391 391 2030 391 391 2031 400 400 2032 392 392 2033 401 401 2034 399 399 2035 390 390 2036 390 390 2037 399 399 2038 391 391 2039 402 402 2040 401 401 2041 389 389 2042 389 389 2043 401 401 2044 390 390 2045 403 403 2046 402 402 2047 388 388 2048 388 388 2049 402 402 2050 389 389 2051 387 387 2052 404 404 2053 388 388 2054 388 388 2055 404 404 2056 403 403 2057 395 395 2058 397 397 2059 387 387 2060 387 387 2061 397 397 2062 404 404 2063 197 197 2064 189 189 2065 405 405 2066 405 405 2067 189 189 2068 406 406 2069 189 189 2070 190 190 2071 406 406 2072 406 406 2073 190 190 2074 407 407 2075 191 191 2076 408 408 2077 190 190 2078 190 190 2079 408 408 2080 407 407 2081 192 192 2082 409 409 2083 191 191 2084 191 191 2085 409 409 2086 408 408 2087 193 193 2088 410 410 2089 192 192 2090 192 192 2091 410 410 2092 409 409 2093 194 194 2094 411 411 2095 193 193 2096 193 193 2097 411 411 2098 410 410 2099 195 195 2100 196 196 2101 412 412 2102 412 412 2103 196 196 2104 413 413 2105 196 196 2106 197 197 2107 413 413 2108 413 413 2109 197 197 2110 405 405 2111 452 452 2112 453 453 2113 423 423 2114 423 423 2115 453 453 2116 424 424 2117 425 425 2118 424 424 2119 454 454 2120 454 454 2121 424 424 2122 453 453 2123 426 426 2124 456 456 2125 427 427 2126 427 427 2127 456 456 2128 458 458 2129 427 427 2130 458 458 2131 428 428 2132 428 428 2133 458 458 2134 460 460 2135 463 463 2136 429 429 2137 460 460 2138 460 460 2139 429 429 2140 428 428 2141 429 429 2142 463 463 2143 430 430 2144 430 430 2145 463 463 2146 464 464 2147 431 431 2148 430 430 2149 466 466 2150 466 466 2151 430 430 2152 464 464 2153 423 423 2154 431 431 2155 452 452 2156 452 452 2157 431 431 2158 466 466 2159 414 414 2160 432 432 2161 415 415 2162 415 415 2163 432 432 2164 434 434 2165 415 415 2166 434 434 2167 416 416 2168 416 416 2169 434 434 2170 436 436 2171 417 417 2172 416 416 2173 438 438 2174 438 438 2175 416 416 2176 436 436 2177 418 418 2178 417 417 2179 440 440 2180 440 440 2181 417 417 2182 438 438 2183 419 419 2184 418 418 2185 442 442 2186 442 442 2187 418 418 2188 440 440 2189 420 420 2190 419 419 2191 444 444 2192 444 444 2193 419 419 2194 442 442 2195 421 421 2196 446 446 2197 422 422 2198 422 422 2199 446 446 2200 448 448 2201 432 432 2202 414 414 2203 448 448 2204 448 448 2205 414 414 2206 422 422 2207 468 468 2208 469 469 2209 450 450 2210 450 450 2211 469 469 2212 451 451 2213 455 455 2214 451 451 2215 470 470 2216 470 470 2217 451 451 2218 469 469 2219 457 457 2220 471 471 2221 459 459 2222 459 459 2223 471 471 2224 472 472 2225 459 459 2226 472 472 2227 461 461 2228 461 461 2229 472 472 2230 473 473 2231 474 474 2232 462 462 2233 473 473 2234 473 473 2235 462 462 2236 461 461 2237 462 462 2238 474 474 2239 465 465 2240 465 465 2241 474 474 2242 475 475 2243 467 467 2244 465 465 2245 476 476 2246 476 476 2247 465 465 2248 475 475 2249 450 450 2250 467 467 2251 468 468 2252 468 468 2253 467 467 2254 476 476 2255 433 433 2256 477 477 2257 435 435 2258 435 435 2259 477 477 2260 478 478 2261 435 435 2262 478 478 2263 437 437 2264 437 437 2265 478 478 2266 479 479 2267 439 439 2268 437 437 2269 480 480 2270 480 480 2271 437 437 2272 479 479 2273 441 441 2274 439 439 2275 481 481 2276 481 481 2277 439 439 2278 480 480 2279 443 443 2280 441 441 2281 482 482 2282 482 482 2283 441 441 2284 481 481 2285 445 445 2286 443 443 2287 483 483 2288 483 483 2289 443 443 2290 482 482 2291 447 447 2292 484 484 2293 449 449 2294 449 449 2295 484 484 2296 485 485 2297 477 477 2298 433 433 2299 485 485 2300 485 485 2301 433 433 2302 449 449 2303 236 236 2304 261 261 2305 468 468 2306 468 468 2307 261 261 2308 469 469 2309 470 470 2310 469 469 2311 262 262 2312 262 262 2313 469 469 2314 261 261 2315 471 471 2316 260 260 2317 472 472 2318 472 472 2319 260 260 2320 259 259 2321 472 472 2322 259 259 2323 473 473 2324 473 473 2325 259 259 2326 238 238 2327 237 237 2328 474 474 2329 238 238 2330 238 238 2331 474 474 2332 473 473 2333 474 474 2334 237 237 2335 475 475 2336 475 475 2337 237 237 2338 235 235 2339 476 476 2340 475 475 2341 234 234 2342 234 234 2343 475 475 2344 235 235 2345 468 468 2346 476 476 2347 236 236 2348 236 236 2349 476 476 2350 234 234 2351 477 477 2352 38 38 2353 478 478 2354 478 478 2355 38 38 2356 37 37 2357 478 478 2358 37 37 2359 479 479 2360 479 479 2361 37 37 2362 36 36 2363 480 480 2364 479 479 2365 40 40 2366 40 40 2367 479 479 2368 36 36 2369 481 481 2370 480 480 2371 39 39 2372 39 39 2373 480 480 2374 40 40 2375 482 482 2376 481 481 2377 61 61 2378 61 61 2379 481 481 2380 39 39 2381 483 483 2382 482 482 2383 62 62 2384 62 62 2385 482 482 2386 61 61 2387 484 484 2388 64 64 2389 485 485 2390 485 485 2391 64 64 2392 63 63 2393 38 38 2394 477 477 2395 63 63 2396 63 63 2397 477 477 2398 485 485 2399 27 27 2400 25 25 2401 17 17 2402 17 17 2403 25 25 2404 22 22 2405 17 17 2406 22 22 2407 19 19 2408 19 19 2409 22 22 2410 23 23 2411 15 15 2412 19 19 2413 31 31 2414 31 31 2415 19 19 2416 23 23 2417 14 14 2418 15 15 2419 29 29 2420 29 29 2421 15 15 2422 31 31 2423 46 46 2424 14 14 2425 50 50 2426 50 50 2427 14 14 2428 29 29 2429 45 45 2430 46 46 2431 48 48 2432 48 48 2433 46 46 2434 50 50 2435 56 56 2436 54 54 2437 41 41 2438 41 41 2439 54 54 2440 52 52 2441 25 25 2442 27 27 2443 52 52 2444 52 52 2445 27 27 2446 41 41 2447 240 240 2448 224 224 2449 250 250 2450 250 250 2451 224 224 2452 223 223 2453 254 254 2454 240 240 2455 252 252 2456 252 252 2457 240 240 2458 250 250 2459 242 242 2460 246 246 2461 244 244 2462 244 244 2463 246 246 2464 245 245 2465 244 244 2466 245 245 2467 211 211 2468 211 211 2469 245 245 2470 227 227 2471 211 211 2472 227 227 2473 213 213 2474 213 213 2475 227 227 2476 226 226 2477 213 213 2478 226 226 2479 217 217 2480 217 217 2481 226 226 2482 221 221 2483 216 216 2484 217 217 2485 219 219 2486 219 219 2487 217 217 2488 221 221 2489 224 224 2490 216 216 2491 223 223 2492 223 223 2493 216 216 2494 219 219 2495</p>
        </polylist>
      </mesh>
    </geometry>
  </library_geometries>
  <library_controllers>
    <controller id="Armature_ob0008_00_ballupperSkin-skin" name="Armature">
      <skin source="#ob0008_00_ballupperSkin-mesh">
        <bind_shape_matrix>1 0 0 0 0 1 0 0 0 0 1 0 0 0 0 1</bind_shape_matrix>
        <source id="Armature_ob0008_00_ballupperSkin-skin-joints">
          <Name_array id="Armature_ob0008_00_ballupperSkin-skin-joints-array" count="18">ob0008_00 Origin loc_attach Offset_Node Waist LowerParts UpperParts1 UpperParts2 Parts Parts1 Parts2 Parts3 Parts4 ob0008_00_ballupperSkin ob0008_00_buttonSkin ob0008_00_balllowerSkin ob0008_00_strappartsSkin ob0008_00_strapSkin</Name_array>
          <technique_common>
            <accessor source="#Armature_ob0008_00_ballupperSkin-skin-joints-array" count="18" stride="1">
              <param name="JOINT" type="name"/>
            </accessor>
          </technique_common>
        </source>
        <source id="Armature_ob0008_00_ballupperSkin-skin-bind_poses">
          <float_array id="Armature_ob0008_00_ballupperSkin-skin-bind_poses-array" count="288">1 0 0 0 0 1 0 0 0 0 1 0 0 0 0 1 1 0 0 0 0 1 0 0 0 0 1 0 0 0 0 1 1 0 0 0 0 1 0 0 0 0 1 0 0 0 0 1 -7.80102e-6 0.006299614 -0.9999802 0 -3.47883e-6 -0.9999802 -0.006299614 0 -1.000548 0 7.80118e-6 0 0 0 0 1 2.97321e-4 -0.9999853 -0.005426704 -0.01210021 1.000548 3.00615e-4 0 3.63773e-6 1.53115e-6 -0.005426704 0.9999852 1.05628e-5 0 0 0 1 -1.79379e-5 -1 0 -4.216416 1.000549 -1.44748e-5 0 -0.001311421 0 0 1 0.0228911 0 0 0 1 -2.39794e-5 -0.9992256 0.0393517 -0.122106 -3.04929e-7 0.0393517 0.9992254 3.955089 -1.000549 2.04767e-5 -1.13636e-6 2.03726e-6 0 0 0 1 0 -2.60738e-7 1 -3.102945 1.000549 5.35775e-6 0 1.83409e-6 -1.90921e-6 1 2.64526e-7 -9.69823e-7 0 0 0 1 2.76437e-6 -1 0 2.26484e-7 0 0 -1 -4.160414 1.000549 6.21556e-6 1.25686e-7 -4.57832e-7 0 0 0 1 0 -1 0 0 0 0 -1 -5.624372 1.000549 3.47453e-6 0 -8.71243e-7 0 0 0 1 1.2771e-7 -1 0 -1.58503e-7 0 0 -1 -8.435737 1.000549 3.58034e-6 0 -1.75164e-6 0 0 0 1 1.91949e-7 -1 0 1.18122e-6 0 0 -1 -13.07747 1.000549 3.64454e-6 0 -1.03267e-6 0 0 0 1 0 -2.51383e-7 -1 -17.81902 1.000549 2.30691e-6 0 -2.18103e-7 -1.07288e-6 -1 2.49986e-7 3.81027e-6 0 0 0 1 1 0 0 0 0 1 0 0 0 0 1 0 0 0 0 1 1 0 0 0 0 1 0 0 0 0 1 0 0 0 0 1 1 0 0 0 0 1 0 0 0 0 1 0 0 0 0 1 1 0 0 0 0 1 0 0 0 0 1 0 0 0 0 1 1 0 0 0 0 1 0 0 0 0 1 0 0 0 0 1</float_array>
          <technique_common>
            <accessor source="#Armature_ob0008_00_ballupperSkin-skin-bind_poses-array" count="18" stride="16">
              <param name="TRANSFORM" type="float4x4"/>
            </accessor>
          </technique_common>
        </source>
        <source id="Armature_ob0008_00_ballupperSkin-skin-weights">
          <float_array id="Armature_ob0008_00_ballupperSkin-skin-weights-array" count="513">1 1 1 1 1 1 1 1 1 1 1 1 1 1 1 1 1 1 1 1 1 1 1 1 1 1 1 1 1 1 1 1 1 1 1 1 1 1 1 1 1 1 1 1 1 1 1 1 1 1 1 1 1 1 1 1 1 1 1 1 1 1 1 1 1 1 1 1 1 1 1 1 1 1 1 1 1 1 1 1 1 1 1 1 1 1 1 1 1 1 1 1 1 1 1 1 1 1 1 1 1 1 1 1 1 1 1 1 1 1 1 1 1 1 1 1 1 1 1 1 1 1 1 1 1 1 1 1 1 1 1 1 1 1 1 1 1 1 1 1 1 1 1 1 1 1 1 1 1 1 1 1 1 1 1 1 1 1 1 1 1 1 1 1 1 1 1 1 1 1 1 1 1 1 1 1 1 1 1 1 1 1 1 1 1 1 1 1 1 1 1 1 1 1 1 1 1 1 1 1 1 1 1 1 1 1 1 1 1 1 1 1 1 1 1 1 1 1 1 1 1 1 1 1 1 1 1 1 1 1 1 1 1 1 1 1 1 1 1 1 1 1 1 1 1 1 1 1 1 1 1 1 1 1 1 1 1 1 1 1 1 1 1 1 1 1 1 1 1 1 1 1 1 1 1 1 1 1 1 1 1 1 1 1 1 1 1 1 1 1 1 1 1 1 1 1 1 1 1 1 1 1 1 1 1 1 1 1 1 1 1 1 1 1 1 1 1 1 1 1 1 1 1 1 1 1 1 1 1 1 1 1 1 1 1 1 1 1 1 1 1 1 1 1 1 1 1 1 1 1 1 1 1 1 1 1 1 1 1 1 1 1 1 1 1 1 1 1 1 1 1 1 1 1 1 1 1 1 1 1 1 1 1 1 1 1 1 1 1 1 1 1 1 1 1 1 1 1 1 1 1 1 1 1 1 1 1 1 1 1 1 1 1 1 1 1 1 1 1 1 1 1 1 1 1 1 1 1 1 1 1 1 1 1 1 1 1 1 1 1 1 1 1 1 1 1 1 1 1 1 1 1 1 1 1 1 1 1 1 1 1 1 1 1 1 1 1 1 1 1 1 1 1 1 1 1 1 1 1 1 1 1 1 1 1 1 1 1 1 1 1 1 1 1 1 1 1 1 1 1 1 1 1 1 1 1 1 1 1 1 1 1 1</float_array>
          <technique_common>
            <accessor source="#Armature_ob0008_00_ballupperSkin-skin-weights-array" count="513" stride="1">
              <param name="WEIGHT" type="float"/>
            </accessor>
          </technique_common>
        </source>
        <joints>
          <input semantic="JOINT" source="#Armature_ob0008_00_ballupperSkin-skin-joints"/>
          <input semantic="INV_BIND_MATRIX" source="#Armature_ob0008_00_ballupperSkin-skin-bind_poses"/>
        </joints>
        <vertex_weights count="513">
          <input semantic="JOINT" source="#Armature_ob0008_00_ballupperSkin-skin-joints" offset="0"/>
          <input semantic="WEIGHT" source="#Armature_ob0008_00_ballupperSkin-skin-weights" offset="1"/>
          <vcount>1 1 1 1 1 1 1 1 1 1 1 1 1 1 1 1 1 1 1 1 1 1 1 1 1 1 1 1 1 1 1 1 1 1 1 1 1 1 1 1 1 1 1 1 1 1 1 1 1 1 1 1 1 1 1 1 1 1 1 1 1 1 1 1 1 1 1 1 1 1 1 1 1 1 1 1 1 1 1 1 1 1 1 1 1 1 1 1 1 1 1 1 1 1 1 1 1 1 1 1 1 1 1 1 1 1 1 1 1 1 1 1 1 1 1 1 1 1 1 1 1 1 1 1 1 1 1 1 1 1 1 1 1 1 1 1 1 1 1 1 1 1 1 1 1 1 1 1 1 1 1 1 1 1 1 1 1 1 1 1 1 1 1 1 1 1 1 1 1 1 1 1 1 1 1 1 1 1 1 1 1 1 1 1 1 1 1 1 1 1 1 1 1 1 1 1 1 1 1 1 1 1 1 1 1 1 1 1 1 1 1 1 1 1 1 1 1 1 1 1 1 1 1 1 1 1 1 1 1 1 1 1 1 1 1 1 1 1 1 1 1 1 1 1 1 1 1 1 1 1 1 1 1 1 1 1 1 1 1 1 1 1 1 1 1 1 1 1 1 1 1 1 1 1 1 1 1 1 1 1 1 1 1 1 1 1 1 1 1 1 1 1 1 1 1 1 1 1 1 1 1 1 1 1 1 1 1 1 1 1 1 1 1 1 1 1 1 1 1 1 1 1 1 1 1 1 1 1 1 1 1 1 1 1 1 1 1 1 1 1 1 1 1 1 1 1 1 1 1 1 1 1 1 1 1 1 1 1 1 1 1 1 1 1 1 1 1 1 1 1 1 1 1 1 1 1 1 1 1 1 1 1 1 1 1 1 1 1 1 1 1 1 1 1 1 1 1 1 1 1 1 1 1 1 1 1 1 1 1 1 1 1 1 1 1 1 1 1 1 1 1 1 1 1 1 1 1 1 1 1 1 1 1 1 1 1 1 1 1 1 1 1 1 1 1 1 1 1 1 1 1 1 1 1 1 1 1 1 1 1 1 1 1 1 1 1 1 1 1 1 1 1 1 1 1 1 1 1 1 1 1 1 1 1 1 1 1 1 1 1 1 1 1 1 1 1 1 1 1 1 1 1 1 1 1 1 1 1 1 1 1 1 1 </vcount>
          <v>6 0 6 1 6 2 6 3 6 4 6 5 6 6 6 7 6 8 6 9 6 10 6 11 6 12 6 13 6 14 6 15 6 16 6 17 6 18 6 19 6 20 6 21 6 22 6 23 6 24 6 25 6 26 6 27 6 28 6 29 6 30 6 31 6 32 6 33 6 34 6 35 6 36 6 37 6 38 6 39 6 40 6 41 6 42 6 43 6 44 6 45 6 46 6 47 6 48 6 49 6 50 6 51 6 52 6 53 6 54 6 55 6 56 6 57 6 58 6 59 6 60 6 61 6 62 6 63 6 64 6 65 6 66 6 67 6 68 6 69 6 70 6 71 6 72 6 73 6 74 6 75 6 76 6 77 6 78 6 79 6 80 6 81 6 82 6 83 6 84 6 85 6 86 6 87 6 88 6 89 6 90 6 91 6 92 6 93 6 94 6 95 6 96 6 97 6 98 6 99 6 100 6 101 6 102 6 103 6 104 6 105 6 106 6 107 6 108 6 109 6 110 6 111 6 112 6 113 6 114 6 115 6 116 6 117 6 118 6 119 6 120 6 121 6 122 6 123 6 124 6 125 6 126 6 127 6 128 6 129 6 130 6 131 6 132 6 133 6 134 6 135 6 136 6 137 6 138 6 139 6 140 6 141 6 142 6 143 6 144 6 145 6 146 6 147 6 148 6 149 6 150 6 151 6 152 6 153 6 154 6 155 6 156 6 157 6 158 6 159 6 160 6 161 6 162 6 163 6 164 6 165 6 166 6 167 6 168 6 169 6 170 6 171 6 172 6 173 6 174 6 175 6 176 6 177 6 178 6 179 6 180 6 181 6 182 6 183 6 184 6 185 6 186 6 187 6 188 6 189 6 190 6 191 6 192 6 193 6 194 6 195 6 196 6 197 6 198 6 199 6 200 6 201 6 202 6 203 6 204 6 205 6 206 6 207 6 208 6 209 6 210 6 211 6 212 6 213 6 214 6 215 6 216 6 217 6 218 6 219 6 220 6 221 6 222 6 223 6 224 6 225 6 226 6 227 6 228 6 229 6 230 6 231 6 232 6 233 6 234 6 235 6 236 6 237 6 238 6 239 6 240 6 241 6 242 6 243 6 244 6 245 6 246 6 247 6 248 6 249 6 250 6 251 6 252 6 253 6 254 6 255 6 256 6 257 6 258 6 259 6 260 6 261 6 262 6 263 6 264 6 265 6 266 6 267 6 268 6 269 6 270 6 271 6 272 6 273 6 274 6 275 6 276 6 277 6 278 6 279 6 280 6 281 6 282 6 283 6 284 6 285 6 286 6 287 6 288 6 289 6 290 6 291 6 292 6 293 6 294 6 295 6 296 6 297 6 298 6 299 6 300 6 301 6 302 6 303 6 304 6 305 6 306 6 307 6 308 6 309 6 310 6 311 6 312 6 313 6 314 6 315 6 316 6 317 6 318 6 319 6 320 6 321 6 322 6 323 6 324 6 325 6 326 6 327 6 328 6 329 6 330 6 331 6 332 6 333 6 334 6 335 6 336 6 337 6 338 6 339 6 340 6 341 6 342 6 343 6 344 6 345 6 346 6 347 6 348 6 349 6 350 6 351 6 352 6 353 6 354 6 355 6 356 6 357 6 358 6 359 6 360 6 361 6 362 6 363 6 364 6 365 6 366 6 367 6 368 6 369 6 370 6 371 6 372 6 373 6 374 6 375 6 376 6 377 6 378 6 379 6 380 6 381 6 382 6 383 6 384 6 385 6 386 6 387 6 388 6 389 6 390 6 391 6 392 6 393 6 394 6 395 6 396 6 397 6 398 6 399 6 400 6 401 6 402 6 403 6 404 6 405 6 406 6 407 6 408 6 409 6 410 6 411 6 412 6 413 6 414 6 415 6 416 6 417 6 418 6 419 6 420 6 421 6 422 6 423 6 424 6 425 6 426 6 427 6 428 6 429 6 430 6 431 6 432 6 433 6 434 6 435 6 436 6 437 6 438 6 439 6 440 6 441 6 442 6 443 6 444 6 445 6 446 6 447 6 448 6 449 6 450 6 451 6 452 6 453 6 454 6 455 6 456 6 457 6 458 6 459 6 460 6 461 6 462 6 463 6 464 6 465 6 466 6 467 6 468 6 469 6 470 6 471 6 472 6 473 6 474 6 475 6 476 6 477 6 478 6 479 6 480 6 481 6 482 6 483 6 484 6 485 6 486 6 487 6 488 6 489 6 490 6 491 6 492 6 493 6 494 6 495 6 496 6 497 6 498 6 499 6 500 6 501 6 502 6 503 6 504 6 505 6 506 6 507 6 508 6 509 6 510 6 511 6 512</v>
        </vertex_weights>
      </skin>
    </controller>
    <controller id="Armature_ob0008_00_buttonSkin-skin" name="Armature">
      <skin source="#ob0008_00_buttonSkin-mesh">
        <bind_shape_matrix>1 0 0 0 0 1 0 0 0 0 1 0 0 0 0 1</bind_shape_matrix>
        <source id="Armature_ob0008_00_buttonSkin-skin-joints">
          <Name_array id="Armature_ob0008_00_buttonSkin-skin-joints-array" count="18">ob0008_00 Origin loc_attach Offset_Node Waist LowerParts UpperParts1 UpperParts2 Parts Parts1 Parts2 Parts3 Parts4 ob0008_00_ballupperSkin ob0008_00_buttonSkin ob0008_00_balllowerSkin ob0008_00_strappartsSkin ob0008_00_strapSkin</Name_array>
          <technique_common>
            <accessor source="#Armature_ob0008_00_buttonSkin-skin-joints-array" count="18" stride="1">
              <param name="JOINT" type="name"/>
            </accessor>
          </technique_common>
        </source>
        <source id="Armature_ob0008_00_buttonSkin-skin-bind_poses">
          <float_array id="Armature_ob0008_00_buttonSkin-skin-bind_poses-array" count="288">1 0 0 0 0 1 0 0 0 0 1 0 0 0 0 1 1 0 0 0 0 1 0 0 0 0 1 0 0 0 0 1 1 0 0 0 0 1 0 0 0 0 1 0 0 0 0 1 -7.80102e-6 0.006299614 -0.9999802 0 -3.47883e-6 -0.9999802 -0.006299614 0 -1.000548 0 7.80118e-6 0 0 0 0 1 2.97321e-4 -0.9999853 -0.005426704 -0.01210021 1.000548 3.00615e-4 0 3.63773e-6 1.53115e-6 -0.005426704 0.9999852 1.05628e-5 0 0 0 1 -1.79379e-5 -1 0 -4.216416 1.000549 -1.44748e-5 0 -0.001311421 0 0 1 0.0228911 0 0 0 1 -2.39794e-5 -0.9992256 0.0393517 -0.122106 -3.04929e-7 0.0393517 0.9992254 3.955089 -1.000549 2.04767e-5 -1.13636e-6 2.03726e-6 0 0 0 1 0 -2.60738e-7 1 -3.102945 1.000549 5.35775e-6 0 1.83409e-6 -1.90921e-6 1 2.64526e-7 -9.69823e-7 0 0 0 1 2.76437e-6 -1 0 2.26484e-7 0 0 -1 -4.160414 1.000549 6.21556e-6 1.25686e-7 -4.57832e-7 0 0 0 1 0 -1 0 0 0 0 -1 -5.624372 1.000549 3.47453e-6 0 -8.71243e-7 0 0 0 1 1.2771e-7 -1 0 -1.58503e-7 0 0 -1 -8.435737 1.000549 3.58034e-6 0 -1.75164e-6 0 0 0 1 1.91949e-7 -1 0 1.18122e-6 0 0 -1 -13.07747 1.000549 3.64454e-6 0 -1.03267e-6 0 0 0 1 0 -2.51383e-7 -1 -17.81902 1.000549 2.30691e-6 0 -2.18103e-7 -1.07288e-6 -1 2.49986e-7 3.81027e-6 0 0 0 1 1 0 0 0 0 1 0 0 0 0 1 0 0 0 0 1 1 0 0 0 0 1 0 0 0 0 1 0 0 0 0 1 1 0 0 0 0 1 0 0 0 0 1 0 0 0 0 1 1 0 0 0 0 1 0 0 0 0 1 0 0 0 0 1 1 0 0 0 0 1 0 0 0 0 1 0 0 0 0 1</float_array>
          <technique_common>
            <accessor source="#Armature_ob0008_00_buttonSkin-skin-bind_poses-array" count="18" stride="16">
              <param name="TRANSFORM" type="float4x4"/>
            </accessor>
          </technique_common>
        </source>
        <source id="Armature_ob0008_00_buttonSkin-skin-weights">
          <float_array id="Armature_ob0008_00_buttonSkin-skin-weights-array" count="203">1 1 1 1 1 1 1 1 1 1 1 1 1 1 1 1 1 1 1 1 1 1 1 1 1 1 1 1 1 1 1 1 1 1 1 1 1 1 1 1 1 1 1 1 1 1 1 1 1 1 1 1 1 1 1 1 1 1 1 1 1 1 1 1 1 1 1 1 1 1 1 1 1 1 1 1 1 1 1 1 1 1 1 1 1 1 1 1 1 1 1 1 1 1 1 1 1 1 1 1 1 1 1 1 1 1 1 1 1 1 1 1 1 1 1 1 1 1 1 1 1 1 1 1 1 1 1 1 1 1 1 1 1 1 1 1 1 1 1 1 1 1 1 1 1 1 1 1 1 1 1 1 1 1 1 1 1 1 1 1 1 1 1 1 1 1 1 1 1 1 1 1 1 1 1 1 1 1 1 1 1 1 1 1 1 1 1 1 1 1 1 1 1 1 1 1 1 1 1 1 1 1 1</float_array>
          <technique_common>
            <accessor source="#Armature_ob0008_00_buttonSkin-skin-weights-array" count="203" stride="1">
              <param name="WEIGHT" type="float"/>
            </accessor>
          </technique_common>
        </source>
        <joints>
          <input semantic="JOINT" source="#Armature_ob0008_00_buttonSkin-skin-joints"/>
          <input semantic="INV_BIND_MATRIX" source="#Armature_ob0008_00_buttonSkin-skin-bind_poses"/>
        </joints>
        <vertex_weights count="203">
          <input semantic="JOINT" source="#Armature_ob0008_00_buttonSkin-skin-joints" offset="0"/>
          <input semantic="WEIGHT" source="#Armature_ob0008_00_buttonSkin-skin-weights" offset="1"/>
          <vcount>1 1 1 1 1 1 1 1 1 1 1 1 1 1 1 1 1 1 1 1 1 1 1 1 1 1 1 1 1 1 1 1 1 1 1 1 1 1 1 1 1 1 1 1 1 1 1 1 1 1 1 1 1 1 1 1 1 1 1 1 1 1 1 1 1 1 1 1 1 1 1 1 1 1 1 1 1 1 1 1 1 1 1 1 1 1 1 1 1 1 1 1 1 1 1 1 1 1 1 1 1 1 1 1 1 1 1 1 1 1 1 1 1 1 1 1 1 1 1 1 1 1 1 1 1 1 1 1 1 1 1 1 1 1 1 1 1 1 1 1 1 1 1 1 1 1 1 1 1 1 1 1 1 1 1 1 1 1 1 1 1 1 1 1 1 1 1 1 1 1 1 1 1 1 1 1 1 1 1 1 1 1 1 1 1 1 1 1 1 1 1 1 1 1 1 1 1 1 1 1 1 1 1 </vcount>
          <v>6 0 6 1 6 2 6 3 6 4 6 5 6 6 6 7 6 8 6 9 6 10 6 11 6 12 6 13 6 14 6 15 6 16 6 17 6 18 6 19 6 20 6 21 6 22 6 23 6 24 6 25 6 26 6 27 6 28 6 29 6 30 6 31 6 32 6 33 7 34 7 35 7 36 7 37 7 38 7 39 7 40 7 41 7 42 7 43 7 44 7 45 7 46 7 47 7 48 7 49 7 50 7 51 7 52 7 53 7 54 7 55 7 56 7 57 7 58 7 59 7 60 7 61 7 62 7 63 7 64 7 65 7 66 7 67 7 68 7 69 7 70 7 71 7 72 7 73 7 74 7 75 7 76 7 77 7 78 7 79 7 80 7 81 7 82 7 83 7 84 7 85 7 86 7 87 7 88 7 89 7 90 7 91 7 92 7 93 7 94 7 95 7 96 7 97 7 98 7 99 7 100 7 101 7 102 7 103 7 104 7 105 7 106 7 107 7 108 7 109 7 110 7 111 7 112 7 113 7 114 7 115 7 116 7 117 7 118 7 119 7 120 7 121 7 122 7 123 7 124 7 125 7 126 7 127 7 128 7 129 7 130 7 131 7 132 7 133 7 134 7 135 7 136 7 137 7 138 7 139 7 140 7 141 7 142 7 143 7 144 7 145 7 146 7 147 7 148 7 149 7 150 7 151 6 152 6 153 7 154 7 155 6 156 7 157 6 158 7 159 6 160 7 161 6 162 7 163 6 164 7 165 6 166 7 167 6 168 7 169 6 170 7 171 6 172 7 173 6 174 7 175 6 176 7 177 6 178 7 179 6 180 7 181 6 182 7 183 6 184 7 185 7 186 7 187 7 188 7 189 7 190 7 191 7 192 7 193 7 194 7 195 7 196 7 197 7 198 7 199 7 200 7 201 7 202</v>
        </vertex_weights>
      </skin>
    </controller>
    <controller id="Armature_ob0008_00_balllowerSkin-skin" name="Armature">
      <skin source="#ob0008_00_balllowerSkin-mesh">
        <bind_shape_matrix>1 0 0 0 0 1 0 0 0 0 1 0 0 0 0 1</bind_shape_matrix>
        <source id="Armature_ob0008_00_balllowerSkin-skin-joints">
          <Name_array id="Armature_ob0008_00_balllowerSkin-skin-joints-array" count="18">ob0008_00 Origin loc_attach Offset_Node Waist LowerParts UpperParts1 UpperParts2 Parts Parts1 Parts2 Parts3 Parts4 ob0008_00_ballupperSkin ob0008_00_buttonSkin ob0008_00_balllowerSkin ob0008_00_strappartsSkin ob0008_00_strapSkin</Name_array>
          <technique_common>
            <accessor source="#Armature_ob0008_00_balllowerSkin-skin-joints-array" count="18" stride="1">
              <param name="JOINT" type="name"/>
            </accessor>
          </technique_common>
        </source>
        <source id="Armature_ob0008_00_balllowerSkin-skin-bind_poses">
          <float_array id="Armature_ob0008_00_balllowerSkin-skin-bind_poses-array" count="288">1 0 0 0 0 1 0 0 0 0 1 0 0 0 0 1 1 0 0 0 0 1 0 0 0 0 1 0 0 0 0 1 1 0 0 0 0 1 0 0 0 0 1 0 0 0 0 1 -7.80102e-6 0.006299614 -0.9999802 0 -3.47883e-6 -0.9999802 -0.006299614 0 -1.000548 0 7.80118e-6 0 0 0 0 1 2.97321e-4 -0.9999853 -0.005426704 -0.01210021 1.000548 3.00615e-4 0 3.63773e-6 1.53115e-6 -0.005426704 0.9999852 1.05628e-5 0 0 0 1 -1.79379e-5 -1 0 -4.216416 1.000549 -1.44748e-5 0 -0.001311421 0 0 1 0.0228911 0 0 0 1 -2.39794e-5 -0.9992256 0.0393517 -0.122106 -3.04929e-7 0.0393517 0.9992254 3.955089 -1.000549 2.04767e-5 -1.13636e-6 2.03726e-6 0 0 0 1 0 -2.60738e-7 1 -3.102945 1.000549 5.35775e-6 0 1.83409e-6 -1.90921e-6 1 2.64526e-7 -9.69823e-7 0 0 0 1 2.76437e-6 -1 0 2.26484e-7 0 0 -1 -4.160414 1.000549 6.21556e-6 1.25686e-7 -4.57832e-7 0 0 0 1 0 -1 0 0 0 0 -1 -5.624372 1.000549 3.47453e-6 0 -8.71243e-7 0 0 0 1 1.2771e-7 -1 0 -1.58503e-7 0 0 -1 -8.435737 1.000549 3.58034e-6 0 -1.75164e-6 0 0 0 1 1.91949e-7 -1 0 1.18122e-6 0 0 -1 -13.07747 1.000549 3.64454e-6 0 -1.03267e-6 0 0 0 1 0 -2.51383e-7 -1 -17.81902 1.000549 2.30691e-6 0 -2.18103e-7 -1.07288e-6 -1 2.49986e-7 3.81027e-6 0 0 0 1 1 0 0 0 0 1 0 0 0 0 1 0 0 0 0 1 1 0 0 0 0 1 0 0 0 0 1 0 0 0 0 1 1 0 0 0 0 1 0 0 0 0 1 0 0 0 0 1 1 0 0 0 0 1 0 0 0 0 1 0 0 0 0 1 1 0 0 0 0 1 0 0 0 0 1 0 0 0 0 1</float_array>
          <technique_common>
            <accessor source="#Armature_ob0008_00_balllowerSkin-skin-bind_poses-array" count="18" stride="16">
              <param name="TRANSFORM" type="float4x4"/>
            </accessor>
          </technique_common>
        </source>
        <source id="Armature_ob0008_00_balllowerSkin-skin-weights">
          <float_array id="Armature_ob0008_00_balllowerSkin-skin-weights-array" count="316">1 1 1 1 1 1 1 1 1 1 1 1 1 1 1 1 1 1 1 1 1 1 1 1 1 1 1 1 1 1 1 1 1 1 1 1 1 1 1 1 1 1 1 1 1 1 1 1 1 1 1 1 1 1 1 1 1 1 1 1 1 1 1 1 1 1 1 1 1 1 1 1 1 1 1 1 1 1 1 1 1 1 1 1 1 1 1 1 1 1 1 1 1 1 1 1 1 1 1 1 1 1 1 1 1 1 1 1 1 1 1 1 1 1 1 1 1 1 1 1 1 1 1 1 1 1 1 1 1 1 1 1 1 1 1 1 1 1 1 1 1 1 1 1 1 1 1 1 1 1 1 1 1 1 1 1 1 1 1 1 1 1 1 1 1 1 1 1 1 1 1 1 1 1 1 1 1 1 1 1 1 1 1 1 1 1 1 1 1 1 1 1 1 1 1 1 1 1 1 1 1 1 1 1 1 1 1 1 1 1 1 1 1 1 1 1 1 1 1 1 1 1 1 1 1 1 1 1 1 1 1 1 1 1 1 1 1 1 1 1 1 1 1 1 1 1 1 1 1 1 1 1 1 1 1 1 1 1 1 1 1 1 1 1 1 1 1 1 1 1 1 1 1 1 1 1 1 1 1 1 1 1 1 1 1 1 1 1 1 1 1 1 1 1 1 1 1 1 1 1 1 1 1 1 1 1 1 1 1 1 1 1 1 1 1 1</float_array>
          <technique_common>
            <accessor source="#Armature_ob0008_00_balllowerSkin-skin-weights-array" count="316" stride="1">
              <param name="WEIGHT" type="float"/>
            </accessor>
          </technique_common>
        </source>
        <joints>
          <input semantic="JOINT" source="#Armature_ob0008_00_balllowerSkin-skin-joints"/>
          <input semantic="INV_BIND_MATRIX" source="#Armature_ob0008_00_balllowerSkin-skin-bind_poses"/>
        </joints>
        <vertex_weights count="316">
          <input semantic="JOINT" source="#Armature_ob0008_00_balllowerSkin-skin-joints" offset="0"/>
          <input semantic="WEIGHT" source="#Armature_ob0008_00_balllowerSkin-skin-weights" offset="1"/>
          <vcount>1 1 1 1 1 1 1 1 1 1 1 1 1 1 1 1 1 1 1 1 1 1 1 1 1 1 1 1 1 1 1 1 1 1 1 1 1 1 1 1 1 1 1 1 1 1 1 1 1 1 1 1 1 1 1 1 1 1 1 1 1 1 1 1 1 1 1 1 1 1 1 1 1 1 1 1 1 1 1 1 1 1 1 1 1 1 1 1 1 1 1 1 1 1 1 1 1 1 1 1 1 1 1 1 1 1 1 1 1 1 1 1 1 1 1 1 1 1 1 1 1 1 1 1 1 1 1 1 1 1 1 1 1 1 1 1 1 1 1 1 1 1 1 1 1 1 1 1 1 1 1 1 1 1 1 1 1 1 1 1 1 1 1 1 1 1 1 1 1 1 1 1 1 1 1 1 1 1 1 1 1 1 1 1 1 1 1 1 1 1 1 1 1 1 1 1 1 1 1 1 1 1 1 1 1 1 1 1 1 1 1 1 1 1 1 1 1 1 1 1 1 1 1 1 1 1 1 1 1 1 1 1 1 1 1 1 1 1 1 1 1 1 1 1 1 1 1 1 1 1 1 1 1 1 1 1 1 1 1 1 1 1 1 1 1 1 1 1 1 1 1 1 1 1 1 1 1 1 1 1 1 1 1 1 1 1 1 1 1 1 1 1 1 1 1 1 1 1 1 1 1 1 1 1 1 1 1 1 1 1 1 1 1 1 1 1 </vcount>
          <v>5 0 5 1 5 2 5 3 5 4 5 5 5 6 5 7 5 8 5 9 5 10 5 11 5 12 5 13 5 14 5 15 5 16 5 17 5 18 5 19 5 20 5 21 5 22 5 23 5 24 5 25 5 26 5 27 5 28 5 29 5 30 5 31 5 32 5 33 5 34 5 35 5 36 5 37 5 38 5 39 5 40 5 41 5 42 5 43 5 44 5 45 5 46 5 47 5 48 5 49 5 50 5 51 5 52 5 53 5 54 5 55 5 56 5 57 5 58 5 59 5 60 5 61 5 62 5 63 5 64 5 65 5 66 5 67 5 68 5 69 5 70 5 71 5 72 5 73 5 74 5 75 5 76 5 77 5 78 5 79 5 80 5 81 5 82 5 83 5 84 5 85 5 86 5 87 5 88 5 89 5 90 5 91 5 92 5 93 5 94 5 95 5 96 5 97 5 98 5 99 5 100 5 101 5 102 5 103 5 104 5 105 5 106 5 107 5 108 5 109 5 110 5 111 5 112 5 113 5 114 5 115 5 116 5 117 5 118 5 119 5 120 5 121 5 122 5 123 5 124 5 125 5 126 5 127 5 128 5 129 5 130 5 131 5 132 5 133 5 134 5 135 5 136 5 137 5 138 5 139 5 140 5 141 5 142 5 143 5 144 5 145 5 146 5 147 5 148 5 149 5 150 5 151 5 152 5 153 5 154 5 155 5 156 5 157 5 158 5 159 5 160 5 161 5 162 5 163 5 164 5 165 5 166 5 167 5 168 5 169 5 170 5 171 5 172 5 173 5 174 5 175 5 176 5 177 5 178 5 179 5 180 5 181 5 182 5 183 5 184 5 185 5 186 5 187 5 188 5 189 5 190 5 191 5 192 5 193 5 194 5 195 5 196 5 197 5 198 5 199 5 200 5 201 5 202 5 203 5 204 5 205 5 206 5 207 5 208 5 209 5 210 5 211 5 212 5 213 5 214 5 215 5 216 5 217 5 218 5 219 5 220 5 221 5 222 5 223 5 224 5 225 5 226 5 227 5 228 5 229 5 230 5 231 5 232 5 233 5 234 5 235 5 236 5 237 5 238 5 239 5 240 5 241 5 242 5 243 5 244 5 245 5 246 5 247 5 248 5 249 5 250 5 251 5 252 5 253 5 254 5 255 5 256 5 257 5 258 5 259 5 260 5 261 5 262 5 263 5 264 5 265 5 266 5 267 5 268 5 269 5 270 5 271 5 272 5 273 5 274 5 275 5 276 5 277 5 278 5 279 5 280 5 281 5 282 5 283 5 284 5 285 5 286 5 287 5 288 5 289 5 290 5 291 5 292 5 293 5 294 5 295 5 296 5 297 5 298 5 299 5 300 5 301 5 302 5 303 5 304 5 305 5 306 5 307 5 308 5 309 5 310 5 311 5 312 5 313 5 314 5 315</v>
        </vertex_weights>
      </skin>
    </controller>
    <controller id="Armature_ob0008_00_strappartsSkin-skin" name="Armature">
      <skin source="#ob0008_00_strappartsSkin-mesh">
        <bind_shape_matrix>1 0 0 0 0 1 0 0 0 0 1 0 0 0 0 1</bind_shape_matrix>
        <source id="Armature_ob0008_00_strappartsSkin-skin-joints">
          <Name_array id="Armature_ob0008_00_strappartsSkin-skin-joints-array" count="18">ob0008_00 Origin loc_attach Offset_Node Waist LowerParts UpperParts1 UpperParts2 Parts Parts1 Parts2 Parts3 Parts4 ob0008_00_ballupperSkin ob0008_00_buttonSkin ob0008_00_balllowerSkin ob0008_00_strappartsSkin ob0008_00_strapSkin</Name_array>
          <technique_common>
            <accessor source="#Armature_ob0008_00_strappartsSkin-skin-joints-array" count="18" stride="1">
              <param name="JOINT" type="name"/>
            </accessor>
          </technique_common>
        </source>
        <source id="Armature_ob0008_00_strappartsSkin-skin-bind_poses">
          <float_array id="Armature_ob0008_00_strappartsSkin-skin-bind_poses-array" count="288">1 0 0 0 0 1 0 0 0 0 1 0 0 0 0 1 1 0 0 0 0 1 0 0 0 0 1 0 0 0 0 1 1 0 0 0 0 1 0 0 0 0 1 0 0 0 0 1 -7.80102e-6 0.006299614 -0.9999802 0 -3.47883e-6 -0.9999802 -0.006299614 0 -1.000548 0 7.80118e-6 0 0 0 0 1 2.97321e-4 -0.9999853 -0.005426704 -0.01210021 1.000548 3.00615e-4 0 3.63773e-6 1.53115e-6 -0.005426704 0.9999852 1.05628e-5 0 0 0 1 -1.79379e-5 -1 0 -4.216416 1.000549 -1.44748e-5 0 -0.001311421 0 0 1 0.0228911 0 0 0 1 -2.39794e-5 -0.9992256 0.0393517 -0.122106 -3.04929e-7 0.0393517 0.9992254 3.955089 -1.000549 2.04767e-5 -1.13636e-6 2.03726e-6 0 0 0 1 0 -2.60738e-7 1 -3.102945 1.000549 5.35775e-6 0 1.83409e-6 -1.90921e-6 1 2.64526e-7 -9.69823e-7 0 0 0 1 2.76437e-6 -1 0 2.26484e-7 0 0 -1 -4.160414 1.000549 6.21556e-6 1.25686e-7 -4.57832e-7 0 0 0 1 0 -1 0 0 0 0 -1 -5.624372 1.000549 3.47453e-6 0 -8.71243e-7 0 0 0 1 1.2771e-7 -1 0 -1.58503e-7 0 0 -1 -8.435737 1.000549 3.58034e-6 0 -1.75164e-6 0 0 0 1 1.91949e-7 -1 0 1.18122e-6 0 0 -1 -13.07747 1.000549 3.64454e-6 0 -1.03267e-6 0 0 0 1 0 -2.51383e-7 -1 -17.81902 1.000549 2.30691e-6 0 -2.18103e-7 -1.07288e-6 -1 2.49986e-7 3.81027e-6 0 0 0 1 1 0 0 0 0 1 0 0 0 0 1 0 0 0 0 1 1 0 0 0 0 1 0 0 0 0 1 0 0 0 0 1 1 0 0 0 0 1 0 0 0 0 1 0 0 0 0 1 1 0 0 0 0 1 0 0 0 0 1 0 0 0 0 1 1 0 0 0 0 1 0 0 0 0 1 0 0 0 0 1</float_array>
          <technique_common>
            <accessor source="#Armature_ob0008_00_strappartsSkin-skin-bind_poses-array" count="18" stride="16">
              <param name="TRANSFORM" type="float4x4"/>
            </accessor>
          </technique_common>
        </source>
        <source id="Armature_ob0008_00_strappartsSkin-skin-weights">
          <float_array id="Armature_ob0008_00_strappartsSkin-skin-weights-array" count="332">0.2 0.8 0.2 0.8 0.2 0.8 0.2 0.8 0.2 0.8 0.2 0.8 0.2 0.8 0.2 0.8 0.2 0.8 0.2 0.8 0.2 0.8 0.2 0.8 0.2 0.8 0.2 0.8 0.2 0.8 0.2 0.8 0.2 0.8 0.2 0.8 0.2 0.8 0.2 0.8 0.2 0.8 0.2 0.8 0.2 0.8 0.2 0.8 0.2 0.8 0.2 0.8 0.2 0.8 0.2 0.8 0.2 0.8 0.2 0.8 0.2 0.8 0.2 0.8 0.2 0.8 0.2 0.8 0.2 0.8 0.2 0.8 0.2 0.8 0.2 0.8 0.2 0.8 0.2 0.8 0.2 0.8 0.2 0.8 0.2 0.8 0.2 0.8 0.2 0.8 0.2 0.8 0.2 0.8 0.2 0.8 0.2 0.8 0.2 0.8 0.2 0.8 0.2 0.8 0.2 0.8 0.2 0.8 0.2 0.8 0.2 0.8 0.2 0.8 0.2 0.8 0.2 0.8 0.2 0.8 0.2 0.8 0.2 0.8 0.2 0.8 0.2 0.8 0.2 0.8 0.2 0.8 0.2 0.8 0.2 0.8 0.2 0.8 0.2 0.8 0.2 0.8 0.2 0.8 0.2 0.8 0.2 0.8 0.2 0.8 0.2 0.8 0.2 0.8 0.2 0.8 0.2 0.8 0.2 0.8 0.2 0.8 0.2 0.8 0.2 0.8 0.2 0.8 0.2 0.8 0.2 0.8 0.2 0.8 0.2 0.8 0.2 0.8 0.2 0.8 0.2 0.8 0.2 0.8 0.2 0.8 0.2 0.8 0.2 0.8 0.2 0.8 0.2 0.8 0.2 0.8 0.2 0.8 0.2 0.8 0.2 0.8 0.2 0.8 0.2 0.8 0.2 0.8 0.2 0.8 0.2 0.8 0.2 0.8 0.2 0.8 0.2 0.8 0.2 0.8 0.2 0.8 0.2 0.8 0.2 0.8 0.2 0.8 0.2 0.8 0.2 0.8 0.2 0.8 0.2 0.8 0.2 0.8 0.2 0.8 0.2 0.8 0.2 0.8 0.2 0.8 0.2 0.8 0.2 0.8 0.2 0.8 0.2 0.8 0.2 0.8 0.2 0.8 0.2 0.8 0.2 0.8 0.2 0.8 0.2 0.8 0.2 0.8 0.2 0.8 0.2 0.8 0.2 0.8 0.2 0.8 0.2 0.8 0.2 0.8 0.2 0.8 0.2 0.8 0.2 0.8 0.2 0.8 0.2 0.8 0.2 0.8 0.2 0.8 0.2 0.8 0.2 0.8 0.2 0.8 0.2 0.8 0.2 0.8 0.2 0.8 0.2 0.8 0.2 0.8 0.2 0.8 0.2 0.8 0.2 0.8 0.2 0.8 0.2 0.8 0.2 0.8 0.2 0.8 0.2 0.8 0.2 0.8 0.2 0.8 0.2 0.8</float_array>
          <technique_common>
            <accessor source="#Armature_ob0008_00_strappartsSkin-skin-weights-array" count="332" stride="1">
              <param name="WEIGHT" type="float"/>
            </accessor>
          </technique_common>
        </source>
        <joints>
          <input semantic="JOINT" source="#Armature_ob0008_00_strappartsSkin-skin-joints"/>
          <input semantic="INV_BIND_MATRIX" source="#Armature_ob0008_00_strappartsSkin-skin-bind_poses"/>
        </joints>
        <vertex_weights count="166">
          <input semantic="JOINT" source="#Armature_ob0008_00_strappartsSkin-skin-joints" offset="0"/>
          <input semantic="WEIGHT" source="#Armature_ob0008_00_strappartsSkin-skin-weights" offset="1"/>
          <vcount>2 2 2 2 2 2 2 2 2 2 2 2 2 2 2 2 2 2 2 2 2 2 2 2 2 2 2 2 2 2 2 2 2 2 2 2 2 2 2 2 2 2 2 2 2 2 2 2 2 2 2 2 2 2 2 2 2 2 2 2 2 2 2 2 2 2 2 2 2 2 2 2 2 2 2 2 2 2 2 2 2 2 2 2 2 2 2 2 2 2 2 2 2 2 2 2 2 2 2 2 2 2 2 2 2 2 2 2 2 2 2 2 2 2 2 2 2 2 2 2 2 2 2 2 2 2 2 2 2 2 2 2 2 2 2 2 2 2 2 2 2 2 2 2 2 2 2 2 2 2 2 2 2 2 2 2 2 2 2 2 2 2 2 2 2 2 </vcount>
          <v>8 0 9 1 8 2 9 3 8 4 9 5 8 6 9 7 8 8 9 9 8 10 9 11 8 12 9 13 8 14 9 15 8 16 9 17 8 18 9 19 8 20 9 21 8 22 9 23 8 24 9 25 8 26 9 27 8 28 9 29 8 30 9 31 8 32 9 33 8 34 9 35 8 36 9 37 8 38 9 39 8 40 9 41 8 42 9 43 8 44 9 45 8 46 9 47 8 48 9 49 8 50 9 51 8 52 9 53 8 54 9 55 8 56 9 57 8 58 9 59 8 60 9 61 8 62 9 63 8 64 9 65 8 66 9 67 8 68 9 69 8 70 9 71 8 72 9 73 8 74 9 75 8 76 9 77 8 78 9 79 8 80 9 81 8 82 9 83 8 84 9 85 8 86 9 87 8 88 9 89 8 90 9 91 8 92 9 93 8 94 9 95 8 96 9 97 8 98 9 99 8 100 9 101 8 102 9 103 8 104 9 105 8 106 9 107 8 108 9 109 8 110 9 111 8 112 9 113 8 114 9 115 8 116 9 117 8 118 9 119 8 120 9 121 8 122 9 123 8 124 9 125 8 126 9 127 8 128 9 129 8 130 9 131 8 132 9 133 8 134 9 135 8 136 9 137 8 138 9 139 8 140 9 141 8 142 9 143 8 144 9 145 8 146 9 147 8 148 9 149 8 150 9 151 8 152 9 153 8 154 9 155 8 156 9 157 8 158 9 159 8 160 9 161 8 162 9 163 8 164 9 165 8 166 9 167 8 168 9 169 8 170 9 171 8 172 9 173 8 174 9 175 8 176 9 177 8 178 9 179 8 180 9 181 8 182 9 183 8 184 9 185 8 186 9 187 8 188 9 189 8 190 9 191 8 192 9 193 8 194 9 195 8 196 9 197 8 198 9 199 8 200 9 201 8 202 9 203 8 204 9 205 8 206 9 207 8 208 9 209 8 210 9 211 8 212 9 213 8 214 9 215 8 216 9 217 8 218 9 219 8 220 9 221 8 222 9 223 8 224 9 225 8 226 9 227 8 228 9 229 8 230 9 231 8 232 9 233 8 234 9 235 8 236 9 237 8 238 9 239 8 240 9 241 8 242 9 243 8 244 9 245 8 246 9 247 8 248 9 249 8 250 9 251 8 252 9 253 8 254 9 255 8 256 9 257 8 258 9 259 8 260 9 261 8 262 9 263 8 264 9 265 8 266 9 267 8 268 9 269 8 270 9 271 8 272 9 273 8 274 9 275 8 276 9 277 8 278 9 279 8 280 9 281 8 282 9 283 8 284 9 285 8 286 9 287 8 288 9 289 8 290 9 291 8 292 9 293 8 294 9 295 8 296 9 297 8 298 9 299 8 300 9 301 8 302 9 303 8 304 9 305 8 306 9 307 8 308 9 309 8 310 9 311 8 312 9 313 8 314 9 315 8 316 9 317 8 318 9 319 8 320 9 321 8 322 9 323 8 324 9 325 8 326 9 327 8 328 9 329 8 330 9 331</v>
        </vertex_weights>
      </skin>
    </controller>
    <controller id="Armature_ob0008_00_strapSkin-skin" name="Armature">
      <skin source="#ob0008_00_strapSkin-mesh">
        <bind_shape_matrix>1 0 0 0 0 1 0 0 0 0 1 0 0 0 0 1</bind_shape_matrix>
        <source id="Armature_ob0008_00_strapSkin-skin-joints">
          <Name_array id="Armature_ob0008_00_strapSkin-skin-joints-array" count="18">ob0008_00 Origin loc_attach Offset_Node Waist LowerParts UpperParts1 UpperParts2 Parts Parts1 Parts2 Parts3 Parts4 ob0008_00_ballupperSkin ob0008_00_buttonSkin ob0008_00_balllowerSkin ob0008_00_strappartsSkin ob0008_00_strapSkin</Name_array>
          <technique_common>
            <accessor source="#Armature_ob0008_00_strapSkin-skin-joints-array" count="18" stride="1">
              <param name="JOINT" type="name"/>
            </accessor>
          </technique_common>
        </source>
        <source id="Armature_ob0008_00_strapSkin-skin-bind_poses">
          <float_array id="Armature_ob0008_00_strapSkin-skin-bind_poses-array" count="288">1 0 0 0 0 1 0 0 0 0 1 0 0 0 0 1 1 0 0 0 0 1 0 0 0 0 1 0 0 0 0 1 1 0 0 0 0 1 0 0 0 0 1 0 0 0 0 1 -7.80102e-6 0.006299614 -0.9999802 0 -3.47883e-6 -0.9999802 -0.006299614 0 -1.000548 0 7.80118e-6 0 0 0 0 1 2.97321e-4 -0.9999853 -0.005426704 -0.01210021 1.000548 3.00615e-4 0 3.63773e-6 1.53115e-6 -0.005426704 0.9999852 1.05628e-5 0 0 0 1 -1.79379e-5 -1 0 -4.216416 1.000549 -1.44748e-5 0 -0.001311421 0 0 1 0.0228911 0 0 0 1 -2.39794e-5 -0.9992256 0.0393517 -0.122106 -3.04929e-7 0.0393517 0.9992254 3.955089 -1.000549 2.04767e-5 -1.13636e-6 2.03726e-6 0 0 0 1 0 -2.60738e-7 1 -3.102945 1.000549 5.35775e-6 0 1.83409e-6 -1.90921e-6 1 2.64526e-7 -9.69823e-7 0 0 0 1 2.76437e-6 -1 0 2.26484e-7 0 0 -1 -4.160414 1.000549 6.21556e-6 1.25686e-7 -4.57832e-7 0 0 0 1 0 -1 0 0 0 0 -1 -5.624372 1.000549 3.47453e-6 0 -8.71243e-7 0 0 0 1 1.2771e-7 -1 0 -1.58503e-7 0 0 -1 -8.435737 1.000549 3.58034e-6 0 -1.75164e-6 0 0 0 1 1.91949e-7 -1 0 1.18122e-6 0 0 -1 -13.07747 1.000549 3.64454e-6 0 -1.03267e-6 0 0 0 1 0 -2.51383e-7 -1 -17.81902 1.000549 2.30691e-6 0 -2.18103e-7 -1.07288e-6 -1 2.49986e-7 3.81027e-6 0 0 0 1 1 0 0 0 0 1 0 0 0 0 1 0 0 0 0 1 1 0 0 0 0 1 0 0 0 0 1 0 0 0 0 1 1 0 0 0 0 1 0 0 0 0 1 0 0 0 0 1 1 0 0 0 0 1 0 0 0 0 1 0 0 0 0 1 1 0 0 0 0 1 0 0 0 0 1 0 0 0 0 1</float_array>
          <technique_common>
            <accessor source="#Armature_ob0008_00_strapSkin-skin-bind_poses-array" count="18" stride="16">
              <param name="TRANSFORM" type="float4x4"/>
            </accessor>
          </technique_common>
        </source>
        <source id="Armature_ob0008_00_strapSkin-skin-weights">
          <float_array id="Armature_ob0008_00_strapSkin-skin-weights-array" count="1638">0.02352941 0.2 0.7764706 0.02352941 0.2 0.7764706 0.007843136 0.02352941 0.2039216 0.7647059 0.007843136 0.02352941 0.2039216 0.7647059 0.427451 0.3098039 0.2431373 0.01960784 0.3372549 0.2941177 0.2980392 0.07058823 0.427451 0.3098039 0.2431373 0.01960784 0.3372549 0.2941177 0.2980392 0.07058823 0.3372549 0.2941177 0.2980392 0.07058823 0.3372549 0.2941177 0.2980392 0.07058823 0.427451 0.3098039 0.2431373 0.01960784 0.427451 0.3098039 0.2431373 0.01960784 0.2 0.8 0.2 0.8 0.0862745 0.1843137 0.7294118 0.0862745 0.1843137 0.7294118 0.2 0.8 0.0862745 0.1843137 0.7294118 0.2 0.8 0.0862745 0.1843137 0.7294118 0.3529412 0.3568628 0.2901961 0.3529412 0.3568628 0.2901961 0.1568627 0.2862744 0.5568628 0.1568627 0.2862744 0.5568628 0.3529412 0.3568628 0.2901961 0.1568627 0.2862744 0.5568628 0.2 0.8 0.0862745 0.1843137 0.7294118 0.3529412 0.3568628 0.2901961 0.1568627 0.2862744 0.5568628 0.3529412 0.3568628 0.2901961 0.1568627 0.2862744 0.5568628 0.3372549 0.2941177 0.2980392 0.07058823 0.427451 0.3098039 0.2431373 0.01960784 0.3372549 0.2941177 0.2980392 0.07058823 0.427451 0.3098039 0.2431373 0.01960784 0.2 0.8 0.2 0.8 0.2 0.8 0.2 0.8 0.2 0.8 0.0862745 0.1843137 0.7294118 0.2 0.8 0.2 0.8 0.2 0.8 0.0862745 0.1843137 0.7294118 0.0862745 0.1843137 0.7294118 0.3529412 0.3568628 0.2901961 0.1568627 0.2862744 0.5568628 0.3529412 0.3568628 0.2901961 0.1568627 0.2862744 0.5568628 0.3529412 0.3568628 0.2901961 0.1568627 0.2862744 0.5568628 0.3529412 0.3568628 0.2901961 0.1568627 0.2862744 0.5568628 0.2 0.8 0.0862745 0.1843137 0.7294118 0.3372549 0.2941177 0.2980392 0.07058823 0.3372549 0.2941177 0.2980392 0.07058823 0.427451 0.3098039 0.2431373 0.01960784 0.427451 0.3098039 0.2431373 0.01960784 0.2 0.8 0.2 0.8 0.2 0.8 0.2 0.8 0.3372549 0.2941177 0.2980392 0.07058823 0.427451 0.3098039 0.2431373 0.01960784 0.007843136 0.02352941 0.2039216 0.7647059 0.02352941 0.2 0.7764706 0.007843136 0.02352941 0.2039216 0.7647059 0.02352941 0.2 0.7764706 0.1960784 0.2431373 0.3843137 0.1764706 0.1960784 0.2431373 0.3843137 0.1764706 0.2509804 0.2784314 0.3568628 0.1137254 0.2509804 0.2784314 0.3568628 0.1137254 0.2509804 0.2784314 0.3568628 0.1137254 0.1960784 0.2431373 0.3843137 0.1764706 0.2509804 0.2784314 0.3568628 0.1137254 0.1960784 0.2431373 0.3843137 0.1764706 0.2509804 0.2784314 0.3568628 0.1137254 0.1960784 0.2431373 0.3843137 0.1764706 0.02352941 0.2 0.7764706 0.02352941 0.2 0.7764706 0.007843136 0.02352941 0.2039216 0.7647059 0.007843136 0.02352941 0.2039216 0.7647059 0.07843136 0.145098 0.372549 0.4039216 0.07843136 0.145098 0.372549 0.4039216 0.05098038 0.1137255 0.3490196 0.4862745 0.05098038 0.1137255 0.3490196 0.4862745 0.07843136 0.145098 0.372549 0.4039216 0.05098038 0.1137255 0.3490196 0.4862745 0.0117647 0.03529411 0.2352941 0.7176471 0.0117647 0.03529411 0.2352941 0.7176471 0.02352941 0.05882352 0.2745098 0.6431373 0.02352941 0.05882352 0.2745098 0.6431373 0.0117647 0.03529411 0.2352941 0.7176471 0.02352941 0.05882352 0.2745098 0.6431373 0.03529411 0.08235293 0.3098039 0.5725491 0.03529411 0.08235293 0.3098039 0.5725491 0.03529411 0.08235293 0.3098039 0.5725491 0.07843136 0.145098 0.372549 0.4039216 0.05098038 0.1137255 0.3490196 0.4862745 0.07843136 0.145098 0.372549 0.4039216 0.05098038 0.1137255 0.3490196 0.4862745 0.02352941 0.05882352 0.2745098 0.6431373 0.0117647 0.03529411 0.2352941 0.7176471 0.02352941 0.05882352 0.2745098 0.6431373 0.0117647 0.03529411 0.2352941 0.7176471 0.03529411 0.08235293 0.3098039 0.5725491 0.03529411 0.08235293 0.3098039 0.5725491 0.2509804 0.2784314 0.3568628 0.1137254 0.1960784 0.2431373 0.3843137 0.1764706 0.1960784 0.2431373 0.3843137 0.1764706 0.1960784 0.2431373 0.3843137 0.1764706 0.2509804 0.2784314 0.3568628 0.1137254 0.2509804 0.2784314 0.3568628 0.1137254 0.2509804 0.2784314 0.3568628 0.1137254 0.1960784 0.2431373 0.3843137 0.1764706 0.007843136 0.02352941 0.2039216 0.7647059 0.02352941 0.2 0.7764706 0.007843136 0.02352941 0.2039216 0.7647059 0.02352941 0.2 0.7764706 0.07843136 0.145098 0.372549 0.4039216 0.05098038 0.1137255 0.3490196 0.4862745 0.07843136 0.145098 0.372549 0.4039216 0.05098038 0.1137255 0.3490196 0.4862745 0.02352941 0.05882352 0.2745098 0.6431373 0.0117647 0.03529411 0.2352941 0.7176471 0.02352941 0.05882352 0.2745098 0.6431373 0.0117647 0.03529411 0.2352941 0.7176471 0.03529411 0.08235293 0.3098039 0.5725491 0.03529411 0.08235293 0.3098039 0.5725491 0.07843136 0.145098 0.372549 0.4039216 0.05098038 0.1137255 0.3490196 0.4862745 0.05098038 0.1137255 0.3490196 0.4862745 0.07843136 0.145098 0.372549 0.4039216 0.0117647 0.03529411 0.2352941 0.7176471 0.02352941 0.05882352 0.2745098 0.6431373 0.0117647 0.03529411 0.2352941 0.7176471 0.02352941 0.05882352 0.2745098 0.6431373 0.03529411 0.08235293 0.3098039 0.5725491 0.03529411 0.08235293 0.3098039 0.5725491 0.007843136 0.02352941 0.2039216 0.7647059 0.02352941 0.2 0.7764706 1 1 1 1 1 1 1 1 1 1 1 1 1 1 1 1 1 1 0.02352941 0.1921569 0.7843137 0.02352941 0.1921569 0.7843137 0.02352941 0.1921569 0.7843137 0.02352941 0.1921569 0.7843137 0.02352941 0.1921569 0.7843137 0.02352941 0.1921569 0.7843137 0.02352941 0.1921569 0.7843137 0.02352941 0.1921569 0.7843137 0.02352941 0.1921569 0.7843137 0.1490195 0.2117647 0.4 0.2392157 0.145098 0.2117647 0.4039216 0.2392157 0.1019608 0.1803922 0.3999999 0.317647 0.1019608 0.1803922 0.3999999 0.317647 0.145098 0.2117647 0.4039216 0.2392157 0.1019608 0.1803922 0.3999999 0.317647 0.1019608 0.1803922 0.3999999 0.317647 0.145098 0.2117647 0.4039216 0.2392157 0.145098 0.2117647 0.4039216 0.2392157 0.1019608 0.1803922 0.3999999 0.317647 0.1019608 0.1803922 0.3999999 0.317647 0.145098 0.2117647 0.4039216 0.2392157 0.145098 0.2117647 0.4039216 0.2392157 0.1019608 0.1803922 0.3999999 0.317647 0.1019608 0.1803922 0.3999999 0.317647 0.1019608 0.1803922 0.3999999 0.317647 0.145098 0.2117647 0.4039216 0.2392157 0.145098 0.2117647 0.4039216 0.2392157 0.8117647 0.1254902 0.06274509 0.8117647 0.1254902 0.06274509 0.8117647 0.1254902 0.06274509 0.8117647 0.1254902 0.06274509 0.8117647 0.1254902 0.06274509 0.8117647 0.1254902 0.06274509 0.8117647 0.1254902 0.06274509 0.8117647 0.1254902 0.06274509 0.8117647 0.1254902 0.06274509 0.007843136 0.02352941 0.2039216 0.7647059 0.02352941 0.2 0.7764706 0.007843136 0.02352941 0.2039216 0.7647059 0.02352941 0.2 0.7764706 0.427451 0.3098039 0.2431373 0.01960784 0.427451 0.3098039 0.2431373 0.01960784 0.3372549 0.2941177 0.2980392 0.07058823 0.3372549 0.2941177 0.2980392 0.07058823 0.427451 0.3098039 0.2431373 0.01960784 0.3372549 0.2941177 0.2980392 0.07058823 0.427451 0.3098039 0.2431373 0.01960784 0.3372549 0.2941177 0.2980392 0.07058823 0.2 0.8 0.0862745 0.1843137 0.7294118 0.2 0.8 0.0862745 0.1843137 0.7294118 0.2 0.8 0.2 0.8 0.0862745 0.1843137 0.7294118 0.0862745 0.1843137 0.7294118 0.3529412 0.3568628 0.2901961 0.1568627 0.2862744 0.5568628 0.3529412 0.3568628 0.2901961 0.1568627 0.2862744 0.5568628 0.3529412 0.3568628 0.2901961 0.1568627 0.2862744 0.5568628 0.0862745 0.1843137 0.7294118 0.2 0.8 0.1568627 0.2862744 0.5568628 0.1568627 0.2862744 0.5568628 0.3529412 0.3568628 0.2901961 0.3529412 0.3568628 0.2901961 0.427451 0.3098039 0.2431373 0.01960784 0.427451 0.3098039 0.2431373 0.01960784 0.3372549 0.2941177 0.2980392 0.07058823 0.3372549 0.2941177 0.2980392 0.07058823 0.2 0.8 0.2 0.8 0.2 0.8 0.2 0.8 0.2 0.8 0.2 0.8 0.0862745 0.1843137 0.7294118 0.2 0.8 0.0862745 0.1843137 0.7294118 0.2 0.8 0.0862745 0.1843137 0.7294118 0.1568627 0.2862744 0.5568628 0.1568627 0.2862744 0.5568628 0.3529412 0.3568628 0.2901961 0.3529412 0.3568628 0.2901961 0.3529412 0.3568628 0.2901961 0.1568627 0.2862744 0.5568628 0.3529412 0.3568628 0.2901961 0.1568627 0.2862744 0.5568628 0.2 0.8 0.0862745 0.1843137 0.7294118 0.3372549 0.2941177 0.2980392 0.07058823 0.427451 0.3098039 0.2431373 0.01960784 0.3372549 0.2941177 0.2980392 0.07058823 0.427451 0.3098039 0.2431373 0.01960784 0.2 0.8 0.2 0.8 0.2 0.8 0.2 0.8 0.427451 0.3098039 0.2431373 0.01960784 0.3372549 0.2941177 0.2980392 0.07058823 0.007843136 0.02352941 0.2039216 0.7647059 0.007843136 0.02352941 0.2039216 0.7647059 0.02352941 0.2 0.7764706 0.02352941 0.2 0.7764706 0.2509804 0.2784314 0.3568628 0.1137254 0.1960784 0.2431373 0.3843137 0.1764706 0.2509804 0.2784314 0.3568628 0.1137254 0.1960784 0.2431373 0.3843137 0.1764706 0.1960784 0.2431373 0.3843137 0.1764706 0.1960784 0.2431373 0.3843137 0.1764706 0.2509804 0.2784314 0.3568628 0.1137254 0.2509804 0.2784314 0.3568628 0.1137254 0.2509804 0.2784314 0.3568628 0.1137254 0.1960784 0.2431373 0.3843137 0.1764706 0.007843136 0.02352941 0.2039216 0.7647059 0.02352941 0.2 0.7764706 0.007843136 0.02352941 0.2039216 0.7647059 0.02352941 0.2 0.7764706 0.07843136 0.145098 0.372549 0.4039216 0.05098038 0.1137255 0.3490196 0.4862745 0.07843136 0.145098 0.372549 0.4039216 0.05098038 0.1137255 0.3490196 0.4862745 0.05098038 0.1137255 0.3490196 0.4862745 0.07843136 0.145098 0.372549 0.4039216 0.02352941 0.05882352 0.2745098 0.6431373 0.0117647 0.03529411 0.2352941 0.7176471 0.02352941 0.05882352 0.2745098 0.6431373 0.0117647 0.03529411 0.2352941 0.7176471 0.02352941 0.05882352 0.2745098 0.6431373 0.0117647 0.03529411 0.2352941 0.7176471 0.03529411 0.08235293 0.3098039 0.5725491 0.03529411 0.08235293 0.3098039 0.5725491 0.03529411 0.08235293 0.3098039 0.5725491 0.05098038 0.1137255 0.3490196 0.4862745 0.05098038 0.1137255 0.3490196 0.4862745 0.07843136 0.145098 0.372549 0.4039216 0.07843136 0.145098 0.372549 0.4039216 0.02352941 0.05882352 0.2745098 0.6431373 0.02352941 0.05882352 0.2745098 0.6431373 0.0117647 0.03529411 0.2352941 0.7176471 0.0117647 0.03529411 0.2352941 0.7176471 0.03529411 0.08235293 0.3098039 0.5725491 0.03529411 0.08235293 0.3098039 0.5725491 0.2509804 0.2784314 0.3568628 0.1137254 0.1960784 0.2431373 0.3843137 0.1764706 0.1960784 0.2431373 0.3843137 0.1764706 0.2509804 0.2784314 0.3568628 0.1137254 0.1960784 0.2431373 0.3843137 0.1764706 0.2509804 0.2784314 0.3568628 0.1137254 0.2509804 0.2784314 0.3568628 0.1137254 0.1960784 0.2431373 0.3843137 0.1764706 0.007843136 0.02352941 0.2039216 0.7647059 0.007843136 0.02352941 0.2039216 0.7647059 0.02352941 0.2 0.7764706 0.02352941 0.2 0.7764706 0.05098038 0.1137255 0.3490196 0.4862745 0.05098038 0.1137255 0.3490196 0.4862745 0.07843136 0.145098 0.372549 0.4039216 0.07843136 0.145098 0.372549 0.4039216 0.02352941 0.05882352 0.2745098 0.6431373 0.02352941 0.05882352 0.2745098 0.6431373 0.0117647 0.03529411 0.2352941 0.7176471 0.0117647 0.03529411 0.2352941 0.7176471 0.03529411 0.08235293 0.3098039 0.5725491 0.03529411 0.08235293 0.3098039 0.5725491 0.07843136 0.145098 0.372549 0.4039216 0.05098038 0.1137255 0.3490196 0.4862745 0.05098038 0.1137255 0.3490196 0.4862745 0.07843136 0.145098 0.372549 0.4039216 0.02352941 0.05882352 0.2745098 0.6431373 0.0117647 0.03529411 0.2352941 0.7176471 0.02352941 0.05882352 0.2745098 0.6431373 0.0117647 0.03529411 0.2352941 0.7176471 0.03529411 0.08235293 0.3098039 0.5725491 0.03529411 0.08235293 0.3098039 0.5725491 0.007843136 0.02352941 0.2039216 0.7647059 0.02352941 0.2 0.7764706 1 1 1 1 1 1 1 1 1 1 1 1 1 1 1 1 1 1 0.02352941 0.1921569 0.7843137 0.02352941 0.1921569 0.7843137 0.02352941 0.1921569 0.7843137 0.02352941 0.1921569 0.7843137 0.02352941 0.1921569 0.7843137 0.02352941 0.1921569 0.7843137 0.02352941 0.1921569 0.7843137 0.02352941 0.1921569 0.7843137 0.02352941 0.1921569 0.7843137 0.1019608 0.1803922 0.3999999 0.317647 0.145098 0.2117647 0.4039216 0.2392157 0.1019608 0.1803922 0.3999999 0.317647 0.1490195 0.2117647 0.4 0.2392157 0.145098 0.2117647 0.4039216 0.2392157 0.1019608 0.1803922 0.3999999 0.317647 0.145098 0.2117647 0.4039216 0.2392157 0.1019608 0.1803922 0.3999999 0.317647 0.1019608 0.1803922 0.3999999 0.317647 0.145098 0.2117647 0.4039216 0.2392157 0.145098 0.2117647 0.4039216 0.2392157 0.1019608 0.1803922 0.3999999 0.317647 0.1019608 0.1803922 0.3999999 0.317647 0.145098 0.2117647 0.4039216 0.2392157 0.1019608 0.1803922 0.3999999 0.317647 0.145098 0.2117647 0.4039216 0.2392157 0.1019608 0.1803922 0.3999999 0.317647 0.145098 0.2117647 0.4039216 0.2392157 0.8156863 0.1254902 0.05882352 0.8156863 0.1254902 0.05882352 0.8156863 0.1254902 0.05882352 0.8156863 0.1254902 0.05882352 0.8156863 0.1254902 0.05882352 0.8156863 0.1254902 0.05882352 0.8156863 0.1254902 0.05882352 0.8156863 0.1254902 0.05882352 0.8156863 0.1254902 0.05882352 0.627451 0.2509804 0.1215686 0.627451 0.2509804 0.1215686 0.627451 0.2509804 0.1215686 0.627451 0.2509804 0.1215686 0.627451 0.2509804 0.1215686 0.627451 0.2509804 0.1215686 0.627451 0.2509804 0.1215686 0.627451 0.2509804 0.1215686 0.627451 0.2509804 0.1215686 0.627451 0.2509804 0.1215686 0.627451 0.2509804 0.1215686 0.627451 0.2509804 0.1215686 0.627451 0.2509804 0.1215686 0.627451 0.2509804 0.1215686 0.627451 0.2509804 0.1215686 0.627451 0.2509804 0.1215686 0.627451 0.2509804 0.1215686 0.627451 0.2509804 0.1215686 0.02352941 0.509804 0.2862744 0.1803922 0.02352941 0.509804 0.2862744 0.1803922 0.02352941 0.509804 0.2862744 0.1803922 0.02352941 0.509804 0.2862744 0.1803922 0.02352941 0.509804 0.2862744 0.1803922 0.02352941 0.509804 0.2862744 0.1803922 0.02352941 0.509804 0.2862744 0.1803922 0.02352941 0.509804 0.2862744 0.1803922 0.02352941 0.509804 0.2862744 0.1803922 0.02352941 0.509804 0.2862744 0.1803922 0.02352941 0.509804 0.2862744 0.1803922 0.02352941 0.509804 0.2862744 0.1803922 0.02352941 0.509804 0.2862744 0.1803922 0.02352941 0.509804 0.2862744 0.1803922 0.02352941 0.509804 0.2862744 0.1803922 0.02352941 0.509804 0.2862744 0.1803922 0.02352941 0.509804 0.2862744 0.1803922 0.02352941 0.509804 0.2862744 0.1803922 0.05098032 0.5843138 0.2509804 0.1137254 0.07843136 0.6705883 0.1960784 0.05490195 0.05098032 0.5843138 0.2509804 0.1137254 0.07843136 0.6705883 0.1960784 0.05490195 0.05098032 0.5843138 0.2509804 0.1137254 0.07843136 0.6705883 0.1960784 0.05490195 0.05098032 0.5843138 0.2509804 0.1137254 0.07843136 0.6705883 0.1960784 0.05490195 0.05098032 0.5843138 0.2509804 0.1137254 0.07843136 0.6705883 0.1960784 0.05490195 0.05098032 0.5843138 0.2509804 0.1137254 0.07843136 0.6705883 0.1960784 0.05490195 0.05098032 0.5843138 0.2509804 0.1137254 0.07843136 0.6705883 0.1960784 0.05490195 0.05098032 0.5843138 0.2509804 0.1137254 0.07843136 0.6705883 0.1960784 0.05490195 0.05098032 0.5843138 0.2509804 0.1137254 0.07843136 0.6705883 0.1960784 0.05490195 0.07843136 0.6705883 0.1960784 0.05490195 0.07843136 0.6705883 0.1960784 0.05490195 0.05098032 0.5843138 0.2509804 0.1137254 0.05098032 0.5843138 0.2509804 0.1137254 0.05098032 0.5843138 0.2509804 0.1137254 0.07843136 0.6705883 0.1960784 0.05490195 0.05098032 0.5843138 0.2509804 0.1137254 0.07843136 0.6705883 0.1960784 0.05490195 0.05098032 0.5843138 0.2509804 0.1137254 0.07843136 0.6705883 0.1960784 0.05490195 0.05098032 0.5843138 0.2509804 0.1137254 0.07843136 0.6705883 0.1960784 0.05490195 0.07843136 0.6705883 0.1960784 0.05490195 0.05098032 0.5843138 0.2509804 0.1137254 0.05098032 0.5843138 0.2509804 0.1137254 0.07843136 0.6705883 0.1960784 0.05490195 0.05098032 0.5843138 0.2509804 0.1137254 0.07843136 0.6705883 0.1960784 0.05490195 0.1333333 0.7450981 0.1058824 0.01568627 0.1333333 0.7450981 0.1058824 0.01568627 0.1333333 0.7450981 0.1058824 0.01568627 0.1333333 0.7450981 0.1058824 0.01568627 0.1333333 0.7450981 0.1058824 0.01568627 0.1333333 0.7450981 0.1058824 0.01568627 0.1333333 0.7450981 0.1058824 0.01568627 0.1333333 0.7450981 0.1058824 0.01568627 0.1333333 0.7450981 0.1058824 0.01568627 0.1333333 0.7450981 0.1058824 0.01568627 0.1333333 0.7450981 0.1058824 0.01568627 0.1333333 0.7450981 0.1058824 0.01568627 0.1333333 0.7450981 0.1058824 0.01568627 0.1333333 0.7450981 0.1058824 0.01568627 0.1333333 0.7450981 0.1058824 0.01568627 0.1333333 0.7450981 0.1058824 0.01568627 0.1333333 0.7450981 0.1058824 0.01568627 0.1333333 0.7450981 0.1058824 0.01568627</float_array>
          <technique_common>
            <accessor source="#Armature_ob0008_00_strapSkin-skin-weights-array" count="1638" stride="1">
              <param name="WEIGHT" type="float"/>
            </accessor>
          </technique_common>
        </source>
        <joints>
          <input semantic="JOINT" source="#Armature_ob0008_00_strapSkin-skin-joints"/>
          <input semantic="INV_BIND_MATRIX" source="#Armature_ob0008_00_strapSkin-skin-bind_poses"/>
        </joints>
        <vertex_weights count="486">
          <input semantic="JOINT" source="#Armature_ob0008_00_strapSkin-skin-joints" offset="0"/>
          <input semantic="WEIGHT" source="#Armature_ob0008_00_strapSkin-skin-weights" offset="1"/>
          <vcount>3 3 4 4 4 4 4 4 4 4 4 4 2 2 3 3 2 3 2 3 3 3 3 3 3 3 2 3 3 3 3 3 4 4 4 4 2 2 2 2 2 3 2 2 2 3 3 3 3 3 3 3 3 3 3 2 3 4 4 4 4 2 2 2 2 4 4 4 3 4 3 4 4 4 4 4 4 4 4 4 4 3 3 4 4 4 4 4 4 4 4 4 4 4 4 4 4 4 4 4 4 4 4 4 4 4 4 4 4 4 4 4 4 4 4 4 4 4 4 3 4 3 4 4 4 4 4 4 4 4 4 4 4 4 4 4 4 4 4 4 4 4 4 3 1 1 1 1 1 1 1 1 1 1 1 1 1 1 1 1 1 1 3 3 3 3 3 3 3 3 3 4 4 4 4 4 4 4 4 4 4 4 4 4 4 4 4 4 4 3 3 3 3 3 3 3 3 3 4 3 4 3 4 4 4 4 4 4 4 4 2 3 2 3 2 2 3 3 3 3 3 3 3 3 3 2 3 3 3 3 4 4 4 4 2 2 2 2 2 2 3 2 3 2 3 3 3 3 3 3 3 3 3 2 3 4 4 4 4 2 2 2 2 4 4 4 4 3 3 4 4 4 4 4 4 4 4 4 4 4 3 4 3 4 4 4 4 4 4 4 4 4 4 4 4 4 4 4 4 4 4 4 4 4 4 4 4 4 4 4 4 4 4 4 4 4 4 4 3 3 4 4 4 4 4 4 4 4 4 4 4 4 4 4 4 4 4 4 4 4 4 3 1 1 1 1 1 1 1 1 1 1 1 1 1 1 1 1 1 1 3 3 3 3 3 3 3 3 3 4 4 4 4 4 4 4 4 4 4 4 4 4 4 4 4 4 4 3 3 3 3 3 3 3 3 3 3 3 3 3 3 3 3 3 3 3 3 3 3 3 3 3 3 3 4 4 4 4 4 4 4 4 4 4 4 4 4 4 4 4 4 4 4 4 4 4 4 4 4 4 4 4 4 4 4 4 4 4 4 4 4 4 4 4 4 4 4 4 4 4 4 4 4 4 4 4 4 4 4 4 4 4 4 4 4 4 4 4 4 4 4 4 4 4 4 4 </vcount>
          <v>10 0 11 1 12 2 10 3 11 4 12 5 9 6 10 7 11 8 12 9 9 10 10 11 11 12 12 13 9 14 10 15 11 16 12 17 9 18 10 19 11 20 12 21 9 22 10 23 11 24 12 25 9 26 10 27 11 28 12 29 9 30 10 31 11 32 12 33 9 34 10 35 11 36 12 37 9 38 10 39 11 40 12 41 9 42 10 43 11 44 12 45 8 46 9 47 8 48 9 49 4 50 8 51 9 52 4 53 8 54 9 55 8 56 9 57 4 58 8 59 9 60 8 61 9 62 4 63 8 64 9 65 4 66 8 67 9 68 4 69 8 70 9 71 4 72 8 73 9 74 4 75 8 76 9 77 4 78 8 79 9 80 4 81 8 82 9 83 8 84 9 85 4 86 8 87 9 88 4 89 8 90 9 91 4 92 8 93 9 94 4 95 8 96 9 97 4 98 8 99 9 100 9 101 10 102 11 103 12 104 9 105 10 106 11 107 12 108 9 109 10 110 11 111 12 112 9 113 10 114 11 115 12 116 8 117 9 118 8 119 9 120 8 121 9 122 8 123 9 124 8 125 9 126 4 127 8 128 9 129 8 130 9 131 8 132 9 133 8 134 9 135 4 136 8 137 9 138 4 139 8 140 9 141 4 142 8 143 9 144 4 145 8 146 9 147 4 148 8 149 9 150 4 151 8 152 9 153 4 154 8 155 9 156 4 157 8 158 9 159 4 160 8 161 9 162 4 163 8 164 9 165 8 166 9 167 4 168 8 169 9 170 9 171 10 172 11 173 12 174 9 175 10 176 11 177 12 178 9 179 10 180 11 181 12 182 9 183 10 184 11 185 12 186 8 187 9 188 8 189 9 190 8 191 9 192 8 193 9 194 9 195 10 196 11 197 12 198 9 199 10 200 11 201 12 202 9 203 10 204 11 205 12 206 10 207 11 208 12 209 9 210 10 211 11 212 12 213 10 214 11 215 12 216 9 217 10 218 11 219 12 220 9 221 10 222 11 223 12 224 9 225 10 226 11 227 12 228 9 229 10 230 11 231 12 232 9 233 10 234 11 235 12 236 9 237 10 238 11 239 12 240 9 241 10 242 11 243 12 244 9 245 10 246 11 247 12 248 9 249 10 250 11 251 12 252 9 253 10 254 11 255 12 256 10 257 11 258 12 259 10 260 11 261 12 262 9 263 10 264 11 265 12 266 9 267 10 268 11 269 12 270 9 271 10 272 11 273 12 274 9 275 10 276 11 277 12 278 9 279 10 280 11 281 12 282 9 283 10 284 11 285 12 286 9 287 10 288 11 289 12 290 9 291 10 292 11 293 12 294 9 295 10 296 11 297 12 298 9 299 10 300 11 301 12 302 9 303 10 304 11 305 12 306 9 307 10 308 11 309 12 310 9 311 10 312 11 313 12 314 9 315 10 316 11 317 12 318 9 319 10 320 11 321 12 322 9 323 10 324 11 325 12 326 9 327 10 328 11 329 12 330 9 331 10 332 11 333 12 334 9 335 10 336 11 337 12 338 9 339 10 340 11 341 12 342 9 343 10 344 11 345 12 346 9 347 10 348 11 349 12 350 9 351 10 352 11 353 12 354 9 355 10 356 11 357 12 358 9 359 10 360 11 361 12 362 9 363 10 364 11 365 12 366 9 367 10 368 11 369 12 370 9 371 10 372 11 373 12 374 9 375 10 376 11 377 12 378 9 379 10 380 11 381 12 382 9 383 10 384 11 385 12 386 9 387 10 388 11 389 12 390 9 391 10 392 11 393 12 394 9 395 10 396 11 397 12 398 9 399 10 400 11 401 12 402 9 403 10 404 11 405 12 406 10 407 11 408 12 409 9 410 10 411 11 412 12 413 10 414 11 415 12 416 9 417 10 418 11 419 12 420 9 421 10 422 11 423 12 424 9 425 10 426 11 427 12 428 9 429 10 430 11 431 12 432 9 433 10 434 11 435 12 436 9 437 10 438 11 439 12 440 9 441 10 442 11 443 12 444 9 445 10 446 11 447 12 448 9 449 10 450 11 451 12 452 9 453 10 454 11 455 12 456 9 457 10 458 11 459 12 460 9 461 10 462 11 463 12 464 9 465 10 466 11 467 12 468 9 469 10 470 11 471 12 472 9 473 10 474 11 475 12 476 9 477 10 478 11 479 12 480 9 481 10 482 11 483 12 484 9 485 10 486 11 487 12 488 9 489 10 490 11 491 12 492 9 493 10 494 11 495 12 496 9 497 10 498 11 499 12 500 10 501 11 502 12 503 4 504 4 505 4 506 4 507 4 508 4 509 4 510 4 511 4 512 4 513 4 514 4 515 4 516 4 517 4 518 4 519 4 520 4 521 10 522 11 523 12 524 10 525 11 526 12 527 10 528 11 529 12 530 10 531 11 532 12 533 10 534 11 535 12 536 10 537 11 538 12 539 10 540 11 541 12 542 10 543 11 544 12 545 10 546 11 547 12 548 9 549 10 550 11 551 12 552 9 553 10 554 11 555 12 556 9 557 10 558 11 559 12 560 9 561 10 562 11 563 12 564 9 565 10 566 11 567 12 568 9 569 10 570 11 571 12 572 9 573 10 574 11 575 12 576 9 577 10 578 11 579 12 580 9 581 10 582 11 583 12 584 9 585 10 586 11 587 12 588 9 589 10 590 11 591 12 592 9 593 10 594 11 595 12 596 9 597 10 598 11 599 12 600 9 601 10 602 11 603 12 604 9 605 10 606 11 607 12 608 9 609 10 610 11 611 12 612 9 613 10 614 11 615 12 616 9 617 10 618 11 619 12 620 4 621 8 622 9 623 4 624 8 625 9 626 4 627 8 628 9 629 4 630 8 631 9 632 4 633 8 634 9 635 4 636 8 637 9 638 4 639 8 640 9 641 4 642 8 643 9 644 4 645 8 646 9 647 9 648 10 649 11 650 12 651 10 652 11 653 12 654 9 655 10 656 11 657 12 658 10 659 11 660 12 661 9 662 10 663 11 664 12 665 9 666 10 667 11 668 12 669 9 670 10 671 11 672 12 673 9 674 10 675 11 676 12 677 9 678 10 679 11 680 12 681 9 682 10 683 11 684 12 685 9 686 10 687 11 688 12 689 9 690 10 691 11 692 12 693 8 694 9 695 4 696 8 697 9 698 8 699 9 700 4 701 8 702 9 703 8 704 9 705 8 706 9 707 4 708 8 709 9 710 4 711 8 712 9 713 4 714 8 715 9 716 4 717 8 718 9 719 4 720 8 721 9 722 4 723 8 724 9 725 4 726 8 727 9 728 4 729 8 730 9 731 4 732 8 733 9 734 8 735 9 736 4 737 8 738 9 739 4 740 8 741 9 742 4 743 8 744 9 745 4 746 8 747 9 748 9 749 10 750 11 751 12 752 9 753 10 754 11 755 12 756 9 757 10 758 11 759 12 760 9 761 10 762 11 763 12 764 8 765 9 766 8 767 9 768 8 769 9 770 8 771 9 772 8 773 9 774 8 775 9 776 4 777 8 778 9 779 8 780 9 781 4 782 8 783 9 784 8 785 9 786 4 787 8 788 9 789 4 790 8 791 9 792 4 793 8 794 9 795 4 796 8 797 9 798 4 799 8 800 9 801 4 802 8 803 9 804 4 805 8 806 9 807 4 808 8 809 9 810 4 811 8 812 9 813 8 814 9 815 4 816 8 817 9 818 9 819 10 820 11 821 12 822 9 823 10 824 11 825 12 826 9 827 10 828 11 829 12 830 9 831 10 832 11 833 12 834 8 835 9 836 8 837 9 838 8 839 9 840 8 841 9 842 9 843 10 844 11 845 12 846 9 847 10 848 11 849 12 850 9 851 10 852 11 853 12 854 9 855 10 856 11 857 12 858 10 859 11 860 12 861 10 862 11 863 12 864 9 865 10 866 11 867 12 868 9 869 10 870 11 871 12 872 9 873 10 874 11 875 12 876 9 877 10 878 11 879 12 880 9 881 10 882 11 883 12 884 9 885 10 886 11 887 12 888 9 889 10 890 11 891 12 892 9 893 10 894 11 895 12 896 9 897 10 898 11 899 12 900 9 901 10 902 11 903 12 904 9 905 10 906 11 907 12 908 10 909 11 910 12 911 9 912 10 913 11 914 12 915 10 916 11 917 12 918 9 919 10 920 11 921 12 922 9 923 10 924 11 925 12 926 9 927 10 928 11 929 12 930 9 931 10 932 11 933 12 934 9 935 10 936 11 937 12 938 9 939 10 940 11 941 12 942 9 943 10 944 11 945 12 946 9 947 10 948 11 949 12 950 9 951 10 952 11 953 12 954 9 955 10 956 11 957 12 958 9 959 10 960 11 961 12 962 9 963 10 964 11 965 12 966 9 967 10 968 11 969 12 970 9 971 10 972 11 973 12 974 9 975 10 976 11 977 12 978 9 979 10 980 11 981 12 982 9 983 10 984 11 985 12 986 9 987 10 988 11 989 12 990 9 991 10 992 11 993 12 994 9 995 10 996 11 997 12 998 9 999 10 1000 11 1001 12 1002 9 1003 10 1004 11 1005 12 1006 9 1007 10 1008 11 1009 12 1010 9 1011 10 1012 11 1013 12 1014 9 1015 10 1016 11 1017 12 1018 9 1019 10 1020 11 1021 12 1022 9 1023 10 1024 11 1025 12 1026 9 1027 10 1028 11 1029 12 1030 9 1031 10 1032 11 1033 12 1034 9 1035 10 1036 11 1037 12 1038 9 1039 10 1040 11 1041 12 1042 9 1043 10 1044 11 1045 12 1046 9 1047 10 1048 11 1049 12 1050 9 1051 10 1052 11 1053 12 1054 9 1055 10 1056 11 1057 12 1058 10 1059 11 1060 12 1061 10 1062 11 1063 12 1064 9 1065 10 1066 11 1067 12 1068 9 1069 10 1070 11 1071 12 1072 9 1073 10 1074 11 1075 12 1076 9 1077 10 1078 11 1079 12 1080 9 1081 10 1082 11 1083 12 1084 9 1085 10 1086 11 1087 12 1088 9 1089 10 1090 11 1091 12 1092 9 1093 10 1094 11 1095 12 1096 9 1097 10 1098 11 1099 12 1100 9 1101 10 1102 11 1103 12 1104 9 1105 10 1106 11 1107 12 1108 9 1109 10 1110 11 1111 12 1112 9 1113 10 1114 11 1115 12 1116 9 1117 10 1118 11 1119 12 1120 9 1121 10 1122 11 1123 12 1124 9 1125 10 1126 11 1127 12 1128 9 1129 10 1130 11 1131 12 1132 9 1133 10 1134 11 1135 12 1136 9 1137 10 1138 11 1139 12 1140 9 1141 10 1142 11 1143 12 1144 9 1145 10 1146 11 1147 12 1148 10 1149 11 1150 12 1151 4 1152 4 1153 4 1154 4 1155 4 1156 4 1157 4 1158 4 1159 4 1160 4 1161 4 1162 4 1163 4 1164 4 1165 4 1166 4 1167 4 1168 4 1169 10 1170 11 1171 12 1172 10 1173 11 1174 12 1175 10 1176 11 1177 12 1178 10 1179 11 1180 12 1181 10 1182 11 1183 12 1184 10 1185 11 1186 12 1187 10 1188 11 1189 12 1190 10 1191 11 1192 12 1193 10 1194 11 1195 12 1196 9 1197 10 1198 11 1199 12 1200 9 1201 10 1202 11 1203 12 1204 9 1205 10 1206 11 1207 12 1208 9 1209 10 1210 11 1211 12 1212 9 1213 10 1214 11 1215 12 1216 9 1217 10 1218 11 1219 12 1220 9 1221 10 1222 11 1223 12 1224 9 1225 10 1226 11 1227 12 1228 9 1229 10 1230 11 1231 12 1232 9 1233 10 1234 11 1235 12 1236 9 1237 10 1238 11 1239 12 1240 9 1241 10 1242 11 1243 12 1244 9 1245 10 1246 11 1247 12 1248 9 1249 10 1250 11 1251 12 1252 9 1253 10 1254 11 1255 12 1256 9 1257 10 1258 11 1259 12 1260 9 1261 10 1262 11 1263 12 1264 9 1265 10 1266 11 1267 12 1268 4 1269 8 1270 9 1271 4 1272 8 1273 9 1274 4 1275 8 1276 9 1277 4 1278 8 1279 9 1280 4 1281 8 1282 9 1283 4 1284 8 1285 9 1286 4 1287 8 1288 9 1289 4 1290 8 1291 9 1292 4 1293 8 1294 9 1295 4 1296 8 1297 9 1298 4 1299 8 1300 9 1301 4 1302 8 1303 9 1304 4 1305 8 1306 9 1307 4 1308 8 1309 9 1310 4 1311 8 1312 9 1313 4 1314 8 1315 9 1316 4 1317 8 1318 9 1319 4 1320 8 1321 9 1322 4 1323 8 1324 9 1325 4 1326 8 1327 9 1328 4 1329 8 1330 9 1331 4 1332 8 1333 9 1334 4 1335 8 1336 9 1337 4 1338 8 1339 9 1340 4 1341 8 1342 9 1343 4 1344 8 1345 9 1346 4 1347 8 1348 9 1349 8 1350 9 1351 10 1352 11 1353 8 1354 9 1355 10 1356 11 1357 8 1358 9 1359 10 1360 11 1361 8 1362 9 1363 10 1364 11 1365 8 1366 9 1367 10 1368 11 1369 8 1370 9 1371 10 1372 11 1373 8 1374 9 1375 10 1376 11 1377 8 1378 9 1379 10 1380 11 1381 8 1382 9 1383 10 1384 11 1385 8 1386 9 1387 10 1388 11 1389 8 1390 9 1391 10 1392 11 1393 8 1394 9 1395 10 1396 11 1397 8 1398 9 1399 10 1400 11 1401 8 1402 9 1403 10 1404 11 1405 8 1406 9 1407 10 1408 11 1409 8 1410 9 1411 10 1412 11 1413 8 1414 9 1415 10 1416 11 1417 8 1418 9 1419 10 1420 11 1421 8 1422 9 1423 10 1424 11 1425 8 1426 9 1427 10 1428 11 1429 8 1430 9 1431 10 1432 11 1433 8 1434 9 1435 10 1436 11 1437 8 1438 9 1439 10 1440 11 1441 8 1442 9 1443 10 1444 11 1445 8 1446 9 1447 10 1448 11 1449 8 1450 9 1451 10 1452 11 1453 8 1454 9 1455 10 1456 11 1457 8 1458 9 1459 10 1460 11 1461 8 1462 9 1463 10 1464 11 1465 8 1466 9 1467 10 1468 11 1469 8 1470 9 1471 10 1472 11 1473 8 1474 9 1475 10 1476 11 1477 8 1478 9 1479 10 1480 11 1481 8 1482 9 1483 10 1484 11 1485 8 1486 9 1487 10 1488 11 1489 8 1490 9 1491 10 1492 11 1493 8 1494 9 1495 10 1496 11 1497 8 1498 9 1499 10 1500 11 1501 8 1502 9 1503 10 1504 11 1505 8 1506 9 1507 10 1508 11 1509 8 1510 9 1511 10 1512 11 1513 8 1514 9 1515 10 1516 11 1517 8 1518 9 1519 10 1520 11 1521 8 1522 9 1523 10 1524 11 1525 8 1526 9 1527 10 1528 11 1529 8 1530 9 1531 10 1532 11 1533 8 1534 9 1535 10 1536 11 1537 8 1538 9 1539 10 1540 11 1541 8 1542 9 1543 10 1544 11 1545 8 1546 9 1547 10 1548 11 1549 8 1550 9 1551 10 1552 11 1553 8 1554 9 1555 10 1556 11 1557 8 1558 9 1559 10 1560 11 1561 8 1562 9 1563 10 1564 11 1565 8 1566 9 1567 10 1568 11 1569 8 1570 9 1571 10 1572 11 1573 8 1574 9 1575 10 1576 11 1577 8 1578 9 1579 10 1580 11 1581 8 1582 9 1583 10 1584 11 1585 8 1586 9 1587 10 1588 11 1589 8 1590 9 1591 10 1592 11 1593 8 1594 9 1595 10 1596 11 1597 8 1598 9 1599 10 1600 11 1601 8 1602 9 1603 10 1604 11 1605 8 1606 9 1607 10 1608 11 1609 8 1610 9 1611 10 1612 11 1613 8 1614 9 1615 10 1616 11 1617 8 1618 9 1619 10 1620 11 1621 8 1622 9 1623 10 1624 11 1625 8 1626 9 1627 10 1628 11 1629 8 1630 9 1631 10 1632 11 1633 8 1634 9 1635 10 1636 11 1637</v>
        </vertex_weights>
      </skin>
    </controller>
  </library_controllers>
  <library_visual_scenes>
    <visual_scene id="Default" name="Default">
      <node id="Armature" name="Armature" type="NODE">
        <matrix sid="transform">1 0 0 0 0 1 0 0 0 0 1 0 0 0 0 1</matrix>
        <node id="ob0008_00" name="ob0008_00" sid="ob0008_00" type="JOINT">
          <matrix sid="transform">1 0 0 0 0 1 0 0 0 0 1 0 0 0 0 1</matrix>
          <node id="Origin" name="Origin" sid="Origin" type="JOINT">
            <matrix sid="transform">1 0 0 0 0 1 0 0 0 0 1 0 0 0 0 1</matrix>
            <node id="loc_attach" name="loc_attach" sid="loc_attach" type="JOINT">
              <matrix sid="transform">1 0 0 0 0 1 0 0 0 0 1 0 0 0 0 1</matrix>
              <node id="Offset_Node" name="Offset_Node" sid="Offset_Node" type="JOINT">
                <matrix sid="transform">-7.7969e-6 -2.37487e-8 -0.9994518 0 0.006299636 -0.9999801 3.42773e-6 0 -0.9999802 -0.006299635 7.81849e-6 0 0 0 0 1</matrix>
                <node id="Waist" name="Waist" sid="Waist" type="JOINT">
                  <matrix sid="transform">-8.72942e-4 -6.00703e-6 -0.9999997 7.27596e-12 0.9999996 -3.00633e-4 -8.72941e-4 0.01210025 -3.00628e-4 -0.9999999 6.25671e-6 0 0 0 0 1</matrix>
                  <node id="LowerParts" name="LowerParts" sid="LowerParts" type="JOINT">
                    <matrix sid="transform">0.9999853 3.15085e-4 -0.005426632 4.204378 -3.1509e-4 0.9999999 1.75242e-8 -1.34652e-5 0.00542663 1.69235e-6 0.9999852 7.31754e-7 0 0 0 1</matrix>
                  </node>
                  <node id="UpperParts1" name="UpperParts1" sid="UpperParts1" type="JOINT">
                    <matrix sid="transform">0.998997 -0.04477364 -3.21086e-4 0.2869671 -3.20884e-4 1.15868e-5 -0.9999999 -7.93338e-5 0.04477365 0.9989971 -2.90782e-6 -3.945645 0 0 0 1</matrix>
                    <node id="UpperParts2" name="UpperParts2" sid="UpperParts2" type="JOINT">
                      <matrix sid="transform">0.03935198 -2.58729e-5 -0.9992254 1.49012e-8 0.9992254 -2.29673e-7 0.03935198 7.055631 -1.24764e-6 -1 2.58344e-5 -4.54747e-13 0 0 0 1</matrix>
                    </node>
                  </node>
                  <node id="Parts" name="Parts" sid="Parts" type="JOINT">
                    <matrix sid="transform">0.9999852 0.005426771 2.94394e-4 0.01047714 -2.94399e-4 3.88044e-8 0.9999999 4.25708e-6 0.00542677 -0.9999852 1.59249e-6 -4.160342 0 0 0 1</matrix>
                    <node id="Parts1" name="Parts1" sid="Parts1" type="JOINT">
                      <matrix sid="transform">1 -4.05129e-8 2.74103e-6 0 4.05127e-8 1 7.35036e-8 1.463958 -2.74103e-6 -7.35035e-8 1 -2.84217e-14 0 0 0 1</matrix>
                      <node id="Parts2" name="Parts2" sid="Parts2" type="JOINT">
                        <matrix sid="transform">1 -1.86267e-8 -1.05811e-7 -1.24345e-14 1.86267e-8 1 1.04365e-7 2.811365 1.05811e-7 -1.04365e-7 1 0 0 0 0 1</matrix>
                        <node id="Parts3" name="Parts3" sid="Parts3" type="JOINT">
                          <matrix sid="transform">1 1.02445e-7 -6.42036e-8 0 -1.02445e-7 1 -5.49774e-8 4.641738 6.42037e-8 5.49774e-8 1 0 0 0 0 1</matrix>
                          <node id="Parts4" name="Parts4" sid="Parts4" type="JOINT">
                            <matrix sid="transform">1.47542e-7 1.26414e-6 1 0 1 -4.57135e-8 -1.47542e-7 4.741543 4.57132e-8 0.9999999 -1.33763e-6 0 0 0 0 1</matrix>
                          </node>
                        </node>
                      </node>
                    </node>
                  </node>
                </node>
              </node>
            </node>
          </node>
          <node id="ob0008_00_ballupperSkin" name="ob0008_00_ballupperSkin" sid="ob0008_00_ballupperSkin" type="JOINT">
            <matrix sid="transform">1 0 0 0 0 1 0 0 0 0 1 0 0 0 0 1</matrix>
          </node>
          <node id="ob0008_00_buttonSkin" name="ob0008_00_buttonSkin" sid="ob0008_00_buttonSkin" type="JOINT">
            <matrix sid="transform">1 0 0 0 0 1 0 0 0 0 1 0 0 0 0 1</matrix>
          </node>
          <node id="ob0008_00_balllowerSkin" name="ob0008_00_balllowerSkin" sid="ob0008_00_balllowerSkin" type="JOINT">
            <matrix sid="transform">1 0 0 0 0 1 0 0 0 0 1 0 0 0 0 1</matrix>
          </node>
          <node id="ob0008_00_strappartsSkin" name="ob0008_00_strappartsSkin" sid="ob0008_00_strappartsSkin" type="JOINT">
            <matrix sid="transform">1 0 0 0 0 1 0 0 0 0 1 0 0 0 0 1</matrix>
          </node>
          <node id="ob0008_00_strapSkin" name="ob0008_00_strapSkin" sid="ob0008_00_strapSkin" type="JOINT">
            <matrix sid="transform">1 0 0 0 0 1 0 0 0 0 1 0 0 0 0 1</matrix>
          </node>
        </node>
      </node>
      <node id="ob0008_00_ballupperSkin" name="ob0008_00_ballupperSkin" type="NODE">
        <translate sid="location">0 0 0</translate>
        <rotate sid="rotationZ">0 0 1 0</rotate>
        <rotate sid="rotationY">0 1 0 0</rotate>
        <rotate sid="rotationX">1 0 0 0</rotate>
        <scale sid="scale">1 1 1</scale>
        <instance_controller url="#Armature_ob0008_00_ballupperSkin-skin">
          <skeleton>#ob0008_00</skeleton>
          <bind_material>
            <technique_common>
              <instance_material symbol="obj01-material" target="#obj01-material">
                <bind_vertex_input semantic="geom-ob0008_00_ballupperSkin_1-map1" input_semantic="TEXCOORD" input_set="0"/>
              </instance_material>
              <instance_material symbol="obj00-material" target="#obj00-material">
                <bind_vertex_input semantic="geom-ob0008_00_ballupperSkin_1-map1" input_semantic="TEXCOORD" input_set="0"/>
              </instance_material>
            </technique_common>
          </bind_material>
        </instance_controller>
      </node>
      <node id="ob0008_00_buttonSkin" name="ob0008_00_buttonSkin" type="NODE">
        <translate sid="location">0 0 0</translate>
        <rotate sid="rotationZ">0 0 1 0</rotate>
        <rotate sid="rotationY">0 1 0 0</rotate>
        <rotate sid="rotationX">1 0 0 0</rotate>
        <scale sid="scale">1 1 1</scale>
        <instance_controller url="#Armature_ob0008_00_buttonSkin-skin">
          <skeleton>#ob0008_00</skeleton>
          <bind_material>
            <technique_common>
              <instance_material symbol="obj01-material" target="#obj01-material">
                <bind_vertex_input semantic="geom-ob0008_00_buttonSkin_1-map1" input_semantic="TEXCOORD" input_set="0"/>
              </instance_material>
            </technique_common>
          </bind_material>
        </instance_controller>
      </node>
      <node id="ob0008_00_balllowerSkin" name="ob0008_00_balllowerSkin" type="NODE">
        <translate sid="location">0 0 0</translate>
        <rotate sid="rotationZ">0 0 1 0</rotate>
        <rotate sid="rotationY">0 1 0 0</rotate>
        <rotate sid="rotationX">1 0 0 0</rotate>
        <scale sid="scale">1 1 1</scale>
        <instance_controller url="#Armature_ob0008_00_balllowerSkin-skin">
          <skeleton>#ob0008_00</skeleton>
          <bind_material>
            <technique_common>
              <instance_material symbol="obj01-material" target="#obj01-material">
                <bind_vertex_input semantic="geom-ob0008_00_balllowerSkin_1-map1" input_semantic="TEXCOORD" input_set="0"/>
              </instance_material>
            </technique_common>
          </bind_material>
        </instance_controller>
      </node>
      <node id="ob0008_00_strappartsSkin" name="ob0008_00_strappartsSkin" type="NODE">
        <translate sid="location">0 0 0</translate>
        <rotate sid="rotationZ">0 0 1 0</rotate>
        <rotate sid="rotationY">0 1 0 0</rotate>
        <rotate sid="rotationX">1 0 0 0</rotate>
        <scale sid="scale">1 1 1</scale>
        <instance_controller url="#Armature_ob0008_00_strappartsSkin-skin">
          <skeleton>#ob0008_00</skeleton>
          <bind_material>
            <technique_common>
              <instance_material symbol="obj01-material" target="#obj01-material">
                <bind_vertex_input semantic="geom-ob0008_00_strappartsSkin_1-map1" input_semantic="TEXCOORD" input_set="0"/>
              </instance_material>
            </technique_common>
          </bind_material>
        </instance_controller>
      </node>
      <node id="ob0008_00_strapSkin" name="ob0008_00_strapSkin" type="NODE">
        <translate sid="location">0 0 0</translate>
        <rotate sid="rotationZ">0 0 1 0</rotate>
        <rotate sid="rotationY">0 1 0 0</rotate>
        <rotate sid="rotationX">1 0 0 0</rotate>
        <scale sid="scale">1 1 1</scale>
        <instance_controller url="#Armature_ob0008_00_strapSkin-skin">
          <skeleton>#ob0008_00</skeleton>
          <bind_material>
            <technique_common>
              <instance_material symbol="obj01-material" target="#obj01-material">
                <bind_vertex_input semantic="geom-ob0008_00_strapSkin_1-map1" input_semantic="TEXCOORD" input_set="0"/>
              </instance_material>
            </technique_common>
          </bind_material>
        </instance_controller>
      </node>
    </visual_scene>
  </library_visual_scenes>
  <scene>
    <instance_visual_scene url="#Default"/>
  </scene>
</COLLADA>